,Player,Position,Salary,DK_Points,DK_Value,Points Rank,Value Rank,FPTS,%Drafted,Real_Value
225,Mark Andrews,TE,3000,9.4,319.14893617021283,9,1,27.8,1.06,107.9136690647482
226,Evan Engram,TE,4800,14.0,342.85714285714283,4,2,31.6,17.17,151.8987341772152
227,David Njoku,TE,3700,10.63,348.071495766698,6,3,13.7,0.58,270.07299270073
228,Vernon Davis,TE,2700,7.59,355.73122529644274,13,4,15.9,0.77,169.81132075471697
229,Will Dissly,TE,2900,8.15,355.82822085889575,12,5,2.2,0.21,1318.181818181818
230,Delanie Walker,TE,3500,9.590000000000002,364.96350364963496,8,6,22.5,1.43,155.55555555555554
231,Hunter Henry,TE,3900,10.35,376.8115942028985,7,7,10.0,36.67,390.0
232,O.J. Howard,TE,5000,12.85,389.10505836575874,5,8,6.2,2.04,806.4516129032257
233,Austin Hooper,TE,3200,8.170000000000002,391.6768665850672,11,9,16.7,0.49,191.6167664670659
234,Zach Ertz,TE,6100,15.22,400.7884362680683,3,10,10.4,2.71,586.5384615384615
235,Travis Kelce,TE,7100,17.04,416.66666666666674,1,11,11.8,18.34,601.6949152542372
236,Geoff Swaim,TE,2900,6.9300000000000015,418.47041847041845,15,12,5.7,0.04,508.77192982456137
237,George Kittle,TE,6600,15.740000000000002,419.3138500635324,2,13,13.4,17.98,492.53731343283584
238,T.J. Hockenson,TE,3100,6.8900000000000015,449.92743105950655,16,14,28.1,0.44,110.32028469750891
239,Tyler Eifert,TE,3100,6.84,453.2163742690059,17,15,7.7,0.27,402.59740259740266
240,Kyle Rudolph,TE,3300,7.1800000000000015,459.6100278551532,14,16,0.0,0.54,9999.0
241,Eric Ebron,TE,4100,8.850000000000003,463.276836158192,10,17,1.8,0.54,2277.777777777778
242,Greg Olsen,TE,3200,6.74,474.7774480712167,18,18,7.6,0.64,421.0526315789474
243,Dallas Goedert,TE,2900,6.0200000000000005,481.7275747508305,20,19,3.6,0.07,805.5555555555555
244,Jason Witten,TE,3000,5.8900000000000015,509.33786078098467,21,20,10.5,0.33,285.7142857142857
245,Charles Clay,TE,2700,5.290000000000001,510.39697542533065,23,21,0.0,0.0,9999.0
246,Jack Doyle,TE,3400,6.41,530.4212168486739,19,22,3.0,0.18,1133.3333333333333
247,Mike Gesicki,TE,3000,5.34,561.7977528089888,22,23,5.1,0.05,588.2352941176471
248,Cameron Brate,TE,2800,4.94,566.8016194331982,24,24,2.8,0.02,1000.0
249,Gerald Everett,TE,2900,4.8100000000000005,602.9106029106027,25,25,1.7,0.06,1705.8823529411764
250,Dawson Knox,TE,2500,4.08,612.7450980392158,28,26,0.0,0.0,9999.0
251,Nick Vannett,TE,2700,4.23,638.2978723404252,26,27,3.6,0.01,750.0
252,Ryan Griffin,TE,2700,4.18,645.933014354067,27,28,4.0,0.0,675.0
253,James O'Shaughnessy,TE,2500,3.8,657.8947368421052,29,29,0.0,0.0,9999.0
254,Jesse James,TE,2500,3.52,710.2272727272727,34,30,2.5,0.0,1000.0
255,Tyler Higbee,TE,2600,3.66,710.3825136612022,33,31,12.0,0.02,216.66666666666663
256,Blake Jarwin,TE,2700,3.8,710.5263157894735,30,32,12.9,0.03,209.3023255813953
257,Hayden Hurst,TE,2700,3.76,718.0851063829788,32,33,7.1,0.01,380.2816901408451
258,Drew Sample,TE,2500,3.48,718.3908045977013,36,34,0.0,0.0,9999.0
259,Ian Thomas,TE,2800,3.7900000000000014,738.7862796833772,31,35,0.0,0.01,9999.0
260,C.J. Uzomah,TE,2600,3.51,740.7407407407406,35,36,10.6,0.03,245.28301886792454
261,Nick O'Leary,TE,2500,3.2,781.25,38,37,0.0,0.0,9999.0
262,Jonnu Smith,TE,2700,3.3800000000000003,798.8165680473372,37,38,2.7,0.0,1000.0
263,Garrett Celek,TE,2500,3.1100000000000003,803.8585209003212,39,39,0.0,0.0,9999.0
264,Luke Stocker,TE,2500,3.07,814.3322475570031,40,40,0.0,0.0,9999.0
265,Maxx Williams,TE,2500,2.93,853.2423208191126,41,41,0.0,0.0,9999.0
266,Mo Alie-Cox,TE,2500,2.35,1063.8297872340424,42,42,0.0,0.0,9999.0
267,Rhett Ellison,TE,2500,2.35,1063.8297872340424,43,43,0.0,0.0,9999.0
268,Lee Smith,TE,2500,2.35,1063.8297872340424,44,44,0.0,0.0,9999.0
269,Demetrius Harris,TE,2500,2.3200000000000003,1077.5862068965516,45,45,0.0,0.0,9999.0
270,Virgil Green,TE,2500,2.32,1077.586206896552,46,46,0.0,0.0,9999.0
271,Jeremy Sprinkle,TE,2500,2.26,1106.1946902654865,47,47,0.0,0.0,9999.0
272,Trevon Wesco,TE,2500,2.18,1146.788990825688,48,48,0.0,0.0,9999.0
273,Jordan Leggett,TE,2500,1.94,1288.659793814433,49,49,0.0,0.0,9999.0
274,Nick Boyle,TE,2500,1.92,1302.0833333333335,50,50,5.6,0.0,446.4285714285714
275,Tommy Sweeney,TE,2500,1.9,1315.7894736842104,51,51,5.5,0.0,454.54545454545456
276,Kaden Smith,TE,2500,1.6700000000000002,1497.005988023952,53,52,0.0,0.0,9999.0
277,Tanner Hudson,TE,2500,1.66,1506.024096385542,54,53,0.0,0.0,9999.0
278,Ricky Seals-Jones,TE,2700,1.6800000000000002,1607.1428571428567,52,54,0.0,0.0,9999.0
279,Blake Bell,TE,2500,1.53,1633.9869281045749,55,55,0.0,0.0,9999.0
280,Deon Yelder,TE,2500,1.4300000000000002,1748.251748251748,56,56,0.0,0.0,9999.0
281,Jaeden Graham,TE,2500,1.4,1785.7142857142858,57,57,0.0,0.0,9999.0
282,Scott Simonson,TE,2500,1.31,1908.3969465648847,58,58,0.0,0.0,9999.0
283,Daniel Brown,TE,2500,1.19,2100.840336134454,59,59,0.0,0.0,9999.0
284,Ross Dwelley,TE,2500,1.17,2136.7521367521367,60,60,0.0,0.0,9999.0
285,Dalton Schultz,TE,2500,1.13,2212.389380530973,61,61,0.0,0.0,9999.0
286,Seth DeValve,TE,2500,1.07,2336.448598130841,62,62,0.0,0.0,9999.0
287,Durham Smythe,TE,2500,1.01,2475.247524752476,63,63,0.0,0.0,9999.0
223,Darren Waller,TE,3300,14.69,224.642614023145,4,1,12.3,69.6,268.2926829268293
224,T.J. Hockenson,TE,3000,12.22,245.49918166939446,6,2,1.7,13.78,1764.7058823529412
225,Delanie Walker,TE,3500,12.28,285.01628664495115,5,3,7.9,4.45,443.0379746835443
226,Evan Engram,TE,5200,16.47,315.725561627201,3,4,10.8,9.63,481.48148148148147
227,Mark Andrews,TE,3800,11.58,328.15198618307426,7,5,28.2,2.38,134.75177304964538
228,Travis Kelce,TE,7300,21.2,344.3396226415094,1,6,26.7,14.19,273.40823970037457
229,Vernon Davis,TE,3200,8.93,358.34266517357224,10,7,5.9,0.45,542.3728813559321
230,Vance McDonald,TE,3900,10.750000000000002,362.79069767441854,8,8,22.8,0.32,171.05263157894737
231,Tyler Eifert,TE,2900,7.77,373.2303732303732,12,9,9.9,0.13,292.92929292929284
232,George Kittle,TE,6800,17.709999999999994,383.9638622247318,2,10,8.4,0.59,809.5238095238095
233,Noah Fant,TE,3000,6.960000000000001,431.0344827586206,15,11,7.3,0.01,410.95890410958907
234,Jimmy Graham,TE,3700,8.45,437.8698224852071,11,12,0.0,0.33,9999.0
235,Kyle Rudolph,TE,3200,7.080000000000001,451.9774011299434,13,13,3.9,0.07,820.5128205128206
236,Will Dissly,TE,2800,6.0600000000000005,462.04620462046205,17,14,0.0,0.0,9999.0
237,Jared Cook,TE,4700,10.07,466.7328699106256,9,15,4.5,0.29,1044.4444444444443
238,Mike Gesicki,TE,2700,5.65,477.87610619469024,19,16,2.1,0.0,1285.7142857142853
239,Geoff Swaim,TE,2700,5.5,490.9090909090909,20,17,4.4,0.0,613.6363636363636
240,Virgil Green,TE,2700,5.23,516.2523900573614,21,18,1.9,0.07,1421.0526315789475
241,Jason Witten,TE,3400,6.3900000000000015,532.0813771517996,16,19,12.5,0.19,272.0
242,Jack Doyle,TE,3100,5.7200000000000015,541.9580419580418,18,20,4.1,0.02,756.0975609756098
243,Eric Ebron,TE,3800,7.0100000000000025,542.0827389443651,14,21,11.5,0.1,330.4347826086956
244,James O'Shaughnessy,TE,2600,4.53,573.9514348785873,27,22,6.8,0.01,382.35294117647067
245,Hayden Hurst,TE,2900,4.800000000000002,604.1666666666666,22,23,7.1,0.02,408.45070422535207
246,C.J. Uzomah,TE,2800,4.550000000000002,615.3846153846152,26,24,0.0,0.68,9999.0
247,Blake Jarwin,TE,2900,4.66,622.3175965665235,24,25,3.2,0.05,906.25
248,Tyler Higbee,TE,2900,4.619999999999999,627.7056277056278,25,26,4.1,0.03,707.3170731707318
249,Marcedes Lewis,TE,2500,3.98,628.1407035175879,28,27,0.0,0.0,9999.0
250,Foster Moreau,TE,2500,3.45,724.6376811594204,34,28,0.0,0.0,9999.0
251,Nick Vannett,TE,2600,3.5800000000000005,726.2569832402232,31,29,2.3,0.0,1130.4347826086955
252,Gerald Everett,TE,2700,3.64,741.7582417582418,29,30,0.0,0.0,9999.0
253,Jordan Akins,TE,2700,3.48,775.8620689655173,33,31,4.5,0.01,600.0
254,Nick Boyle,TE,2600,3.35,776.1194029850748,35,32,2.4,0.01,1083.3333333333335
255,Tommy Sweeney,TE,2600,3.3300000000000005,780.7807807807808,36,33,0.0,0.0,9999.0
256,Trey Burton,TE,3700,4.69,788.9125799573561,23,34,0.0,0.0,9999.0
257,Jeff Heuerman,TE,2800,3.5000000000000004,799.9999999999999,32,35,6.1,0.0,459.016393442623
258,Charles Clay,TE,2700,3.29,820.6686930091188,37,36,1.6,0.01,1687.5
259,Jonnu Smith,TE,2600,3.16,822.7848101265822,38,37,0.0,0.0,9999.0
260,Adam Shaheen,TE,3100,3.5900000000000003,863.5097493036211,30,38,5.4,0.01,574.074074074074
261,Ryan Izzo,TE,2500,2.89,865.0519031141868,40,39,0.0,0.0,9999.0
262,Tyler Kroft,TE,2700,3.0800000000000005,876.6233766233763,39,40,0.0,0.0,9999.0
263,Nick O'Leary,TE,2500,2.71,922.509225092251,41,41,0.0,0.0,9999.0
264,Jesse James,TE,2600,2.69,966.542750929368,42,42,4.8,0.02,541.6666666666667
265,Dawson Knox,TE,2500,2.53,988.1422924901184,43,43,0.0,0.0,9999.0
266,Robert Tonyan,TE,2500,2.5,1000.0,44,44,0.0,0.0,9999.0
267,Josh Hill,TE,2500,2.3600000000000003,1059.3220338983047,45,45,0.0,0.0,9999.0
268,Mo Alie-Cox,TE,2500,2.28,1096.4912280701753,46,46,0.0,0.0,9999.0
269,Deon Yelder,TE,2500,2.27,1101.3215859030836,47,47,0.0,0.01,9999.0
270,Zach Gentry,TE,2500,2.27,1101.3215859030836,48,48,0.0,0.0,9999.0
271,Kaden Smith,TE,2500,2.09,1196.1722488038279,50,49,0.0,0.0,9999.0
272,Rhett Ellison,TE,2500,2.06,1213.5922330097087,51,50,1.8,0.0,1388.888888888889
273,Drew Sample,TE,2500,1.97,1269.0355329949236,52,51,0.0,0.0,9999.0
274,Matt LaCosse,TE,2700,2.1100000000000003,1279.6208530805686,49,52,5.3,0.0,509.433962264151
275,Darren Fells,TE,2500,1.93,1295.3367875647666,53,53,0.0,0.0,9999.0
276,MyCole Pruitt,TE,2500,1.8000000000000005,1388.888888888889,54,54,0.0,0.0,9999.0
277,Jeremy Sprinkle,TE,2500,1.62,1543.2098765432095,55,55,0.0,0.0,9999.0
278,Lee Smith,TE,2500,1.61,1552.7950310559006,56,56,0.0,0.0,9999.0
279,Maxx Williams,TE,2500,1.48,1689.1891891891892,57,57,3.1,0.0,806.4516129032257
280,Logan Paulsen,TE,2500,1.4300000000000002,1748.251748251748,58,58,0.0,0.0,9999.0
281,Blake Bell,TE,2500,1.36,1838.2352941176473,59,59,0.0,0.0,9999.0
282,Anthony Firkser,TE,2500,1.0,2500.0,60,60,0.0,0.0,9999.0
216,Zach Ertz,TE,5700,18.24,312.49999999999994,2,1,10.4,56.17,548.0769230769231
217,Mark Andrews,TE,4600,13.93,330.2225412778176,5,2,4.5,11.85,1022.2222222222223
218,Austin Hooper,TE,3600,10.510000000000002,342.5309229305423,8,3,24.6,0.97,146.34146341463415
219,Greg Olsen,TE,3700,10.7,345.7943925233645,7,4,25.5,9.19,145.09803921568627
220,George Kittle,TE,5600,15.56,359.8971722365038,3,5,11.7,11.08,478.6324786324786
221,Evan Engram,TE,5200,14.340000000000002,362.6220362622036,4,6,26.3,5.39,197.71863117870723
222,Jason Witten,TE,3700,10.15,364.5320197044336,9,7,8.4,1.09,440.4761904761905
223,Darren Waller,TE,4100,11.15,367.71300448430486,6,8,30.1,3.31,136.2126245847176
224,T.J. Hockenson,TE,3500,9.340000000000002,374.73233404710913,10,9,1.1,1.53,3181.818181818181
225,Travis Kelce,TE,7100,18.869999999999994,376.25861155272935,1,10,15.9,1.7,446.54088050314476
226,Noah Fant,TE,2800,6.130000000000001,456.76998368678636,19,11,5.7,0.03,491.22807017543863
227,Vance McDonald,TE,4300,9.25,464.8648648648648,11,12,2.0,0.99,2150.0
228,Kyle Rudolph,TE,3400,7.27,467.67537826685,16,13,2.1,0.04,1619.047619047619
229,Jared Cook,TE,3800,8.09,469.7156983930778,12,14,1.7,0.17,2235.294117647059
230,Ryan Griffin,TE,2500,5.18,482.6254826254828,22,15,1.5,0.0,1666.666666666667
231,Tyler Eifert,TE,3200,6.5200000000000005,490.7975460122699,18,16,2.8,0.08,1142.857142857143
232,O.J. Howard,TE,3800,7.670000000000001,495.4367666232072,13,17,9.6,0.89,395.83333333333337
233,Jack Doyle,TE,3000,5.9700000000000015,502.5125628140703,20,18,8.6,0.03,348.8372093023256
234,Mike Gesicki,TE,2600,5.109999999999999,508.8062622309198,23,19,3.9,0.69,666.6666666666666
235,Will Dissly,TE,3400,6.61,514.3721633888048,17,20,18.2,0.77,186.81318681318683
236,Eric Ebron,TE,3800,7.37,515.6037991858889,15,21,7.7,0.15,493.50649350649354
237,Virgil Green,TE,2600,4.93,527.3833671399594,24,22,0.0,0.0,9999.0
238,Jimmy Graham,TE,4000,7.479999999999999,534.75935828877,14,23,0.0,0.02,9999.0
239,Blake Jarwin,TE,2900,5.19,558.766859344894,21,24,1.3,0.14,2230.7692307692305
240,Cameron Brate,TE,2700,4.44,608.108108108108,25,25,2.7,0.05,1000.0
241,Dawson Knox,TE,2500,3.93,636.1323155216285,29,26,0.0,0.0,9999.0
242,C.J. Uzomah,TE,2700,4.210000000000001,641.3301662707838,26,27,0.0,0.03,9999.0
243,Jordan Akins,TE,2700,4.1400000000000015,652.1739130434781,27,28,22.3,0.01,121.0762331838565
244,Tommy Sweeney,TE,2500,3.43,728.8629737609331,32,29,1.3,0.0,1923.0769230769229
245,Hayden Hurst,TE,3100,4.03,769.2307692307692,28,30,3.4,0.05,911.7647058823527
246,Jeff Heuerman,TE,2900,3.75,773.3333333333333,30,31,0.0,0.0,9999.0
247,Jesse James,TE,2600,3.32,783.132530120482,33,32,2.3,0.0,1130.4347826086955
248,Marcedes Lewis,TE,2500,3.19,783.6990595611287,34,33,0.0,0.0,9999.0
249,Dallas Goedert,TE,2800,3.47,806.9164265129683,31,34,0.0,0.0,9999.0
250,Nick Vannett,TE,2600,3.14,828.0254777070062,35,35,1.9,0.01,1368.421052631579
251,Derek Carrier,TE,2500,3.0000000000000004,833.3333333333333,36,36,0.0,0.0,9999.0
252,Darren Fells,TE,2500,2.6700000000000004,936.3295880149813,38,37,15.9,0.0,157.23270440251568
253,Nick Boyle,TE,2700,2.86,944.0559440559441,37,38,9.8,0.01,275.5102040816326
254,Maxx Williams,TE,2500,2.39,1046.0251046025103,40,39,0.0,0.0,9999.0
255,Tanner Hudson,TE,2500,2.33,1072.9613733905578,41,40,0.0,0.0,9999.0
256,Matt LaCosse,TE,2700,2.51,1075.6972111553785,39,41,0.0,0.0,9999.0
257,Blake Bell,TE,2500,2.2,1136.3636363636365,42,42,1.1,0.0,2272.7272727272725
258,Mo Alie-Cox,TE,2500,2.18,1146.788990825688,43,43,0.0,0.0,9999.0
259,Deon Yelder,TE,2500,2.09,1196.1722488038279,44,44,0.0,0.0,9999.0
260,Ryan Izzo,TE,2500,2.04,1225.4901960784316,45,45,0.0,0.0,9999.0
261,Zach Gentry,TE,2500,2.01,1243.7810945273634,46,46,0.0,0.0,9999.0
262,Rhett Ellison,TE,2600,2.01,1293.5323383084578,47,47,1.3,0.0,2000.0
263,Nick O'Leary,TE,2500,1.77,1412.4293785310733,49,48,0.0,0.0,9999.0
264,Charles Clay,TE,2600,1.83,1420.7650273224044,48,49,0.0,0.0,9999.0
265,Logan Paulsen,TE,2500,1.57,1592.3566878980896,50,50,0.0,0.0,9999.0
266,Foster Moreau,TE,2500,1.55,1612.9032258064515,51,51,0.0,0.0,9999.0
267,Drew Sample,TE,2500,1.51,1655.6291390728477,52,52,0.0,0.0,9999.0
268,Josh Hill,TE,2500,1.46,1712.3287671232874,54,53,0.0,0.0,9999.0
269,Ian Thomas,TE,2600,1.47,1768.7074829931973,53,54,0.0,0.0,9999.0
270,Luke Stocker,TE,2500,1.4,1785.7142857142858,55,55,0.0,0.0,9999.0
271,Lee Smith,TE,2500,1.38,1811.5942028985505,56,56,0.0,0.0,9999.0
272,Robert Tonyan,TE,2500,1.37,1824.817518248175,57,57,0.0,0.0,9999.0
207,Evan Engram,TE,5700,17.79,320.40472175379426,2,1,9.4,40.96,606.3829787234042
208,Greg Olsen,TE,4200,12.83,327.3577552611068,6,2,2.5,3.0,1680.0
209,Darren Waller,TE,5200,15.75,330.1587301587302,3,3,12.3,30.02,422.7642276422764
210,Mark Andrews,TE,5000,14.12,354.1076487252124,4,4,13.1,1.91,381.67938931297715
211,Will Dissly,TE,3600,10.04,358.56573705179284,9,5,18.7,26.53,192.51336898395726
212,Travis Kelce,TE,7200,19.68,365.85365853658544,1,6,15.5,2.88,464.51612903225805
213,Austin Hooper,TE,4300,11.73,366.5814151747657,7,7,25.0,0.88,172.0
214,Delanie Walker,TE,4800,13.05,367.8160919540229,5,8,1.4,1.16,3428.571428571429
215,T.J. Hockenson,TE,3300,8.760000000000002,376.7123287671232,10,9,11.7,3.81,282.05128205128204
216,Eric Ebron,TE,4000,10.3,388.3495145631068,8,10,11.8,0.87,338.9830508474576
217,Noah Fant,TE,2600,6.3900000000000015,406.885758998435,14,11,11.1,0.1,234.23423423423424
218,Demetrius Harris,TE,2500,5.1400000000000015,486.3813229571984,18,12,0.0,0.01,9999.0
219,Jack Doyle,TE,3700,7.58,488.1266490765171,11,13,12.2,0.07,303.27868852459017
220,Vernon Davis,TE,3400,6.9499999999999975,489.20863309352524,13,14,1.5,0.28,2266.6666666666665
221,Dawson Knox,TE,2900,5.66,512.3674911660777,16,15,8.8,0.06,329.5454545454545
222,O.J. Howard,TE,3900,7.57,515.1915455746367,12,16,6.3,0.28,619.047619047619
223,James O'Shaughnessy,TE,3000,5.6400000000000015,531.9148936170212,17,17,8.8,0.03,340.9090909090909
224,Mike Gesicki,TE,2600,4.76,546.2184873949581,22,18,0.0,0.01,9999.0
225,Jordan Akins,TE,3100,5.119999999999999,605.4687500000001,19,19,5.1,0.09,607.843137254902
226,Lance Kendricks,TE,2600,4.210000000000001,617.5771971496438,25,20,5.7,0.03,456.140350877193
227,Cameron Brate,TE,2800,4.43,632.0541760722348,24,21,12.6,0.0,222.22222222222226
228,Gerald Everett,TE,3200,4.960000000000001,645.1612903225805,20,22,15.4,0.0,207.7922077922078
229,Trey Burton,TE,3800,5.869999999999999,647.359454855196,15,23,3.6,0.01,1055.5555555555554
230,Jesse James,TE,2600,3.8300000000000014,678.8511749347257,28,24,0.0,0.01,9999.0
231,Jeff Heuerman,TE,2600,3.8100000000000014,682.4146981627297,29,25,0.0,0.0,9999.0
232,Darren Fells,TE,2800,3.95,708.8607594936708,27,26,2.2,0.03,1272.7272727272725
233,Hayden Hurst,TE,3300,4.610000000000001,715.8351409978306,23,27,5.9,0.01,559.3220338983051
234,Geoff Swaim,TE,2900,4.04,717.821782178218,26,28,0.0,0.0,9999.0
235,Kyle Rudolph,TE,3500,4.800000000000002,729.1666666666665,21,29,2.2,0.05,1590.909090909091
236,Jeremy Sprinkle,TE,2500,3.3000000000000003,757.5757575757574,32,30,3.0,0.01,833.3333333333335
237,Nick Boyle,TE,2900,3.75,773.3333333333333,30,31,1.9,0.01,1526.3157894736844
238,Tommy Sweeney,TE,2500,3.18,786.1635220125786,34,32,0.0,0.0,9999.0
239,Mo Alie-Cox,TE,2500,3.03,825.0825082508252,35,33,0.0,0.0,9999.0
240,Tyler Higbee,TE,3200,3.71,862.5336927223718,31,34,8.1,0.04,395.0617283950617
241,Jonnu Smith,TE,2800,3.23,866.8730650154799,33,35,1.5,0.0,1866.666666666667
242,Sean Culkin,TE,2500,2.8400000000000003,880.2816901408452,36,36,2.2,0.01,1136.3636363636365
243,Ryan Izzo,TE,2500,2.81,889.6797153024911,37,37,0.0,0.0,9999.0
244,Luke Stocker,TE,2500,2.42,1033.0578512396694,38,38,0.0,0.0,9999.0
245,Blake Bell,TE,2500,2.3400000000000003,1068.376068376068,40,39,0.0,0.0,9999.0
246,Nick O'Leary,TE,2500,2.3200000000000003,1077.5862068965516,41,40,0.0,0.0,9999.0
247,Foster Moreau,TE,2500,2.1500000000000004,1162.7906976744184,42,41,0.0,0.0,9999.0
248,Ricky Seals-Jones,TE,2800,2.4000000000000004,1166.6666666666665,39,42,17.2,0.01,162.79069767441862
249,Derek Carrier,TE,2500,2.13,1173.7089201877934,43,43,0.0,0.0,9999.0
250,Tanner Hudson,TE,2500,2.1100000000000003,1184.8341232227485,44,44,0.0,0.0,9999.0
251,Rhett Ellison,TE,2600,2.03,1280.7881773399013,47,45,5.4,0.0,481.48148148148147
252,Matt LaCosse,TE,2700,2.1,1285.7142857142853,45,46,0.0,0.01,9999.0
253,Charles Clay,TE,2600,1.97,1319.7969543147208,48,47,1.3,0.01,2000.0
254,Maxx Williams,TE,2500,1.82,1373.6263736263734,49,48,0.0,0.0,9999.0
255,Adam Shaheen,TE,3100,2.1,1476.1904761904761,46,49,3.3,0.0,939.3939393939397
256,Deon Yelder,TE,2500,1.54,1623.3766233766232,50,50,0.0,0.0,9999.0
257,Logan Thomas,TE,2500,1.38,1811.594202898551,52,51,5.5,0.0,454.54545454545456
258,Durham Smythe,TE,2600,1.42,1830.9859154929584,51,52,0.0,0.0,9999.0
259,Ian Thomas,TE,2600,1.23,2113.8211382113823,53,53,0.0,0.0,9999.0
260,Tyler Kroft,TE,2600,1.2200000000000002,2131.147540983606,54,54,0.0,0.0,9999.0
261,Chris Manhertz,TE,2500,1.09,2293.577981651376,56,55,0.0,0.0,9999.0
262,Logan Paulsen,TE,2500,1.05,2380.952380952381,57,56,0.0,0.0,9999.0
263,MyCole Pruitt,TE,2500,1.05,2380.952380952381,58,57,0.0,0.0,9999.0
264,Ben Braunecker,TE,2900,1.15,2521.739130434783,55,58,0.0,0.0,9999.0
200,Austin Hooper,TE,4500,12.42,362.3188405797102,4,1,13.6,10.89,330.88235294117646
201,Greg Olsen,TE,4000,10.87,367.9852805887764,6,2,0.0,7.51,9999.0
202,Darren Waller,TE,5000,12.56,398.0891719745224,3,3,7.9,32.41,632.9113924050632
203,Tyler Eifert,TE,3300,8.260000000000002,399.5157384987893,9,4,3.4,23.84,970.5882352941176
204,Delanie Walker,TE,3900,9.69,402.4767801857585,7,5,2.0,0.47,1950.0
205,Zach Ertz,TE,6000,14.63,410.11619958988365,1,6,16.7,1.55,359.28143712574854
206,Mark Andrews,TE,4800,11.320000000000002,424.0282685512368,5,7,9.5,10.34,505.26315789473676
207,Evan Engram,TE,5800,13.28,436.74698795180717,2,8,10.7,0.65,542.0560747663552
208,Noah Fant,TE,2800,6.380000000000001,438.87147335423197,16,9,1.6,5.22,1750.0
209,Jared Cook,TE,3400,7.43,457.6043068640647,12,10,14.1,0.88,241.1347517730497
210,Jason Witten,TE,3800,8.090000000000002,469.7156983930778,10,11,5.9,0.33,644.0677966101696
211,Jimmy Graham,TE,4300,9.1,472.5274725274725,8,12,7.1,5.5,605.6338028169015
212,Dawson Knox,TE,3100,6.460000000000001,479.876160990712,14,13,3.2,1.62,968.75
213,Jordan Akins,TE,3200,6.4,500.0,15,14,3.1,0.13,1032.258064516129
214,Cameron Brate,TE,3000,5.96,503.3557046979866,17,15,2.1,0.12,1428.5714285714284
215,Trey Burton,TE,3300,6.4700000000000015,510.04636785162285,13,16,4.6,0.13,717.3913043478261
216,O.J. Howard,TE,3900,7.49,520.694259012016,11,17,2.0,0.32,1950.0
217,Ryan Griffin,TE,2500,4.66,536.4806866952789,23,18,1.2,0.01,2083.333333333333
218,Jeremy Sprinkle,TE,2500,4.59,544.6623093681917,24,19,3.7,1.97,675.6756756756756
219,James O'Shaughnessy,TE,3300,5.779999999999999,570.9342560553632,18,20,8.7,0.06,379.3103448275862
220,Dallas Goedert,TE,2900,5.07,571.9921104536489,20,21,2.1,0.05,1380.952380952381
221,Kyle Rudolph,TE,3000,5.15,582.5242718446601,19,22,1.4,0.05,2142.857142857143
222,Geoff Swaim,TE,2900,4.92,589.4308943089433,21,23,0.0,0.0,9999.0
223,Jeff Heuerman,TE,2600,4.2200000000000015,616.1137440758292,30,24,0.0,0.0,9999.0
224,Lance Kendricks,TE,2700,4.380000000000001,616.4383561643834,28,25,0.0,0.06,9999.0
225,Charles Clay,TE,2600,4.2,619.047619047619,31,26,3.7,0.0,702.7027027027028
226,Marcedes Lewis,TE,2600,4.18,622.0095693779905,32,27,3.7,0.01,702.7027027027028
227,Blake Jarwin,TE,2700,4.26,633.8028169014085,29,28,0.0,0.05,9999.0
228,Darren Fells,TE,2900,4.54,638.7665198237885,26,29,16.0,0.01,181.25
229,Nick Vannett,TE,2900,4.41,657.5963718820861,27,30,0.0,0.02,9999.0
230,C.J. Uzomah,TE,2600,3.95,658.2278481012657,34,31,3.6,0.07,722.2222222222223
231,Nick Boyle,TE,2900,4.11,705.5961070559608,33,32,0.0,0.02,9999.0
232,Maxx Williams,TE,2500,3.5000000000000004,714.2857142857142,35,33,1.7,0.0,1470.5882352941178
233,Hayden Hurst,TE,3300,4.57,722.100656455142,25,34,7.2,0.03,458.33333333333326
234,Robert Tonyan,TE,2500,3.23,773.9938080495357,40,35,0.0,0.0,9999.0
235,Josh Hill,TE,2600,3.35,776.1194029850748,38,36,6.9,0.01,376.8115942028985
236,Vance McDonald,TE,3800,4.77,796.6457023060797,22,37,6.4,0.13,593.75
237,Tommy Sweeney,TE,2500,3.0900000000000003,809.061488673139,41,38,0.0,0.0,9999.0
238,Foster Moreau,TE,2800,3.45,811.5942028985505,36,39,0.0,0.0,9999.0
239,Jonnu Smith,TE,2700,3.31,815.7099697885196,39,40,0.0,0.0,9999.0
240,Adam Shaheen,TE,3200,3.42,935.6725146198828,37,41,0.0,0.01,9999.0
241,Virgil Green,TE,2600,2.62,992.3664122137404,42,42,0.0,0.0,9999.0
242,Zach Gentry,TE,2500,2.4400000000000004,1024.590163934426,43,43,0.0,0.0,9999.0
243,Tanner Hudson,TE,2500,2.2300000000000004,1121.0762331838562,45,44,0.0,0.0,9999.0
244,Rhett Ellison,TE,2600,2.31,1125.5411255411254,44,45,0.0,0.0,9999.0
245,Derek Carrier,TE,2500,2.04,1225.4901960784316,46,46,0.0,0.0,9999.0
246,Drew Sample,TE,2500,2.03,1231.5270935960589,47,47,0.0,0.0,9999.0
247,Luke Stocker,TE,2500,1.97,1269.0355329949236,48,48,0.0,0.0,9999.0
248,Matt LaCosse,TE,2900,1.88,1542.5531914893616,49,49,3.2,0.01,906.25
249,Jerome Cunningham,TE,2600,1.6800000000000002,1547.6190476190475,50,50,0.0,0.0,9999.0
250,Ryan Izzo,TE,2500,1.38,1811.594202898551,51,51,0.0,0.0,9999.0
251,Lee Smith,TE,2500,1.21,2066.115702479339,54,52,0.0,0.0,9999.0
252,Ian Thomas,TE,2600,1.2200000000000002,2131.147540983606,53,53,0.0,0.0,9999.0
253,MyCole Pruitt,TE,2500,1.15,2173.913043478261,55,54,0.0,0.0,9999.0
254,Ben Braunecker,TE,3000,1.26,2380.952380952381,52,55,0.0,0.0,9999.0
255,Troy Fumagalli,TE,2500,1.04,2403.846153846154,56,56,0.0,0.0,9999.0
180,Zach Ertz,TE,5400,15.95,338.5579937304075,2,1,8.4,9.03,642.8571428571427
181,Austin Hooper,TE,5000,14.62,341.9972640218878,4,2,28.7,56.18,174.21602787456447
182,Mark Andrews,TE,4800,13.66,351.39092240117134,5,3,14.9,16.7,322.1476510067114
183,Travis Kelce,TE,7000,19.91,351.5821195379207,1,4,9.8,13.35,714.2857142857142
184,George Kittle,TE,5200,14.71,353.5010197144799,3,5,21.3,4.35,244.13145539906102
185,Will Dissly,TE,4900,13.0,376.92307692307685,6,6,0.0,1.58,9999.0
186,Delanie Walker,TE,3700,8.82,419.5011337868481,7,7,7.3,0.35,506.8493150684932
187,Jeremy Sprinkle,TE,2600,5.74,452.9616724738676,14,8,4.4,0.39,590.9090909090909
188,Gerald Everett,TE,3600,7.9300000000000015,453.97225725094574,9,9,2.9,1.36,1241.3793103448277
189,Noah Fant,TE,2900,6.23,465.4895666131621,11,10,3.6,0.7,805.5555555555555
190,Jason Witten,TE,3900,8.13,479.7047970479704,8,11,10.7,0.2,364.48598130841117
191,Jared Cook,TE,3400,7.0500000000000025,482.26950354609926,10,12,12.7,0.85,267.71653543307093
192,Geoff Swaim,TE,2900,5.9499999999999975,487.3949579831933,13,13,1.5,0.32,1933.333333333333
193,Mike Gesicki,TE,2700,5.289999999999999,510.3969754253309,17,14,8.1,0.0,333.33333333333337
194,Dallas Goedert,TE,2900,5.43,534.0699815837937,16,15,0.0,0.0,9999.0
195,Tyler Eifert,TE,3500,6.130000000000001,570.9624796084828,12,16,3.3,0.07,1060.6060606060607
196,Ryan Griffin,TE,2500,4.32,578.7037037037038,22,17,11.8,0.02,211.86440677966098
197,Jordan Akins,TE,3200,5.49,582.8779599271403,15,18,6.9,0.22,463.76811594202894
198,Tyler Higbee,TE,3000,4.99,601.2024048096192,21,19,5.5,0.03,545.4545454545455
199,Darren Fells,TE,3100,5.08,610.2362204724409,20,20,12.9,0.09,240.31007751937983
200,Hayden Hurst,TE,3200,5.15,621.3592233009707,19,21,1.4,0.05,2285.714285714286
201,Jeff Heuerman,TE,2600,4.15,626.5060240963855,23,22,0.0,0.0,9999.0
202,Ricky Seals-Jones,TE,3300,5.16,639.5348837209302,18,23,13.7,0.07,240.87591240875915
203,Josh Hill,TE,2600,3.7900000000000014,686.0158311345646,26,24,1.8,0.02,1444.4444444444446
204,Demetrius Harris,TE,2500,3.62,690.6077348066298,28,25,2.0,0.0,1250.0
205,Nick Boyle,TE,2800,3.98,703.5175879396985,24,26,0.0,0.0,9999.0
206,Maxx Williams,TE,2500,3.26,766.8711656441717,30,27,0.0,0.0,9999.0
207,Kyle Rudolph,TE,3000,3.9100000000000006,767.2634271099743,25,28,6.6,0.03,454.54545454545456
208,Jonnu Smith,TE,2800,3.51,797.7207977207977,29,29,0.0,0.0,9999.0
209,C.J. Uzomah,TE,2600,3.04,855.263157894737,33,30,0.0,0.0,9999.0
210,Luke Willson,TE,2800,3.2100000000000004,872.2741433021806,31,31,3.6,0.0,777.7777777777777
211,Charles Clay,TE,2700,3.0800000000000005,876.6233766233763,32,32,0.0,0.0,9999.0
212,Blake Jarwin,TE,3300,3.76,877.659574468085,27,33,2.6,0.02,1269.2307692307693
213,Nick O'Leary,TE,2500,2.66,939.8496240601503,34,34,0.0,0.0,9999.0
214,Seth DeValve,TE,2500,2.09,1196.1722488038279,35,35,0.0,0.0,9999.0
215,Luke Stocker,TE,2500,1.92,1302.0833333333335,36,36,0.0,0.0,9999.0
216,Drew Sample,TE,2500,1.5,1666.666666666667,37,37,0.9,0.0,9999.0
217,MyCole Pruitt,TE,2500,1.37,1824.817518248175,39,38,0.0,0.0,9999.0
218,Ross Dwelley,TE,2500,1.34,1865.6716417910445,40,39,0.0,0.0,9999.0
219,Deon Yelder,TE,2500,1.32,1893.9393939393933,41,40,0.0,0.0,9999.0
220,Jerome Cunningham,TE,2900,1.48,1959.45945945946,38,41,0.0,0.01,9999.0
221,Blake Bell,TE,2500,1.23,2032.520325203252,43,42,0.0,0.0,9999.0
222,Pharaoh Brown,TE,2500,1.2200000000000002,2049.180327868852,44,43,0.0,0.0,9999.0
223,Durham Smythe,TE,2700,1.23,2195.121951219512,42,44,0.0,0.0,9999.0
224,Anthony Firkser,TE,2500,1.02,2450.980392156863,45,45,0.0,0.0,9999.0
210,Darren Waller,TE,4700,15.11,311.05228325612177,3,1,34.6,31.47,135.83815028901736
211,Mark Andrews,TE,4900,14.92,328.4182305630027,5,2,5.9,34.44,830.5084745762712
212,Hunter Henry,TE,4000,11.74,340.71550255536624,6,3,15.7,29.43,254.77707006369425
213,Austin Hooper,TE,5300,15.1,350.99337748344374,4,4,14.6,10.43,363.013698630137
214,Delanie Walker,TE,3800,10.21,372.1841332027424,7,5,0.0,0.79,9999.0
215,Josh Hill,TE,2600,6.710000000000001,387.4813710879285,12,6,13.3,0.1,195.4887218045113
216,Evan Engram,TE,6500,16.32,398.28431372549016,1,7,1.6,4.74,4062.5
217,George Kittle,TE,6700,16.13,415.37507749535035,2,8,6.8,0.53,985.2941176470587
218,Gerald Everett,TE,3700,8.57,431.7386231038506,9,9,15.0,1.61,246.66666666666663
219,Jimmy Graham,TE,4200,9.38,447.76119402985086,8,10,16.5,0.41,254.54545454545453
220,Mike Gesicki,TE,2600,5.7200000000000015,454.5454545454545,17,11,8.1,0.01,320.98765432098764
221,T.J. Hockenson,TE,3600,7.76,463.9175257731959,11,12,6.2,0.7,580.6451612903227
222,Darren Fells,TE,3100,6.48,478.39506172839515,15,13,4.7,0.76,659.5744680851063
223,Eric Ebron,TE,3900,8.120000000000001,480.295566502463,10,14,17.0,0.15,229.41176470588238
224,Jeremy Sprinkle,TE,2600,5.4,481.48148148148147,20,15,3.3,0.01,787.8787878787879
225,Dawson Knox,TE,3300,6.69,493.2735426008969,13,16,4.2,0.28,785.7142857142858
226,Jack Doyle,TE,3500,6.610000000000001,529.5007564296519,14,17,5.1,0.06,686.2745098039218
227,Tyler Higbee,TE,2900,5.380000000000001,539.0334572490706,21,18,1.8,0.19,1611.111111111111
228,Jordan Akins,TE,3200,5.880000000000001,544.2176870748299,16,19,3.7,0.03,864.8648648648648
229,Hayden Hurst,TE,3000,5.4700000000000015,548.4460694698354,19,20,2.0,0.03,1500.0
230,Luke Willson,TE,3000,5.35,560.747663551402,23,21,0.0,0.5,9999.0
231,Tyler Eifert,TE,3000,5.33,562.8517823639775,24,22,3.0,0.05,1000.0
232,Nick Boyle,TE,2900,5.07,571.9921104536489,25,23,0.0,0.0,9999.0
233,Trey Burton,TE,3200,5.58,573.4767025089607,18,24,3.1,0.02,1032.258064516129
234,C.J. Uzomah,TE,2600,4.43,586.9074492099322,27,25,0.0,0.0,9999.0
235,Marcedes Lewis,TE,2700,4.48,602.6785714285712,26,26,0.0,0.03,9999.0
236,Seth DeValve,TE,2500,4.130000000000001,605.3268765133171,30,27,0.0,0.0,9999.0
237,Vernon Davis,TE,3300,5.36,615.6716417910447,22,28,0.0,0.0,9999.0
238,Foster Moreau,TE,2700,4.29,629.3706293706292,28,29,10.4,0.01,259.6153846153846
239,Charles Clay,TE,2600,4.08,637.2549019607842,31,30,0.0,0.0,9999.0
240,Kyle Rudolph,TE,2900,4.23,685.579196217494,29,31,16.8,0.04,172.61904761904762
241,Josh Oliver,TE,2800,3.96,707.0707070707069,33,32,0.0,0.05,9999.0
242,Jonnu Smith,TE,2800,3.9100000000000006,716.1125319693092,34,33,0.0,0.0,9999.0
243,Robert Tonyan,TE,2500,3.44,726.7441860465117,37,34,0.0,0.0,9999.0
244,Maxx Williams,TE,2700,3.69,731.7073170731708,35,35,0.0,0.0,9999.0
245,Tyler Kroft,TE,3000,3.98,753.7688442211055,32,36,0.0,0.02,9999.0
246,Tommy Sweeney,TE,2500,3.24,771.6049382716051,39,37,0.0,0.0,9999.0
247,Jesse James,TE,2700,3.3800000000000003,798.8165680473372,38,38,1.7,0.01,1588.235294117647
248,Mo Alie-Cox,TE,2500,2.8800000000000003,868.0555555555554,41,39,0.0,0.0,9999.0
249,Jacob Hollister,TE,2900,3.09,938.5113268608417,40,40,5.0,0.01,580.0
250,Rhett Ellison,TE,3400,3.52,965.9090909090908,36,41,11.3,0.01,300.88495575221236
251,Adam Shaheen,TE,2600,2.54,1023.6220472440943,42,42,6.4,0.01,406.25
252,Lee Smith,TE,2500,2.37,1054.8523206751054,43,43,0.0,0.0,9999.0
253,Logan Thomas,TE,2500,2.24,1116.0714285714284,44,44,0.0,0.0,9999.0
254,Luke Stocker,TE,2500,2.21,1131.2217194570135,45,45,0.0,0.0,9999.0
255,Logan Paulsen,TE,2500,2.02,1237.6237623762374,46,46,0.0,0.0,9999.0
256,Nick O'Leary,TE,2500,1.88,1329.7872340425529,47,47,0.0,0.0,9999.0
257,Drew Sample,TE,2500,1.7800000000000002,1404.4943820224717,48,48,0.0,0.0,9999.0
258,Ben Koyack,TE,2600,1.6800000000000002,1547.6190476190475,49,49,0.0,0.0,9999.0
259,Derek Carrier,TE,2500,1.6,1562.5,51,50,0.0,0.0,9999.0
260,Virgil Green,TE,2700,1.67,1616.7664670658685,50,51,0.0,0.0,9999.0
261,Ross Dwelley,TE,2500,1.53,1633.9869281045749,52,52,0.0,0.0,9999.0
262,J.P. Holtz,TE,2500,1.46,1712.3287671232874,53,53,0.0,0.0,9999.0
263,Hale Hentges,TE,2600,1.4,1857.1428571428573,54,54,0.0,0.0,9999.0
264,Durham Smythe,TE,2500,1.3,1923.0769230769226,55,55,0.0,0.0,9999.0
265,Levine Toilolo,TE,2500,1.29,1937.984496124031,56,56,0.0,0.0,9999.0
266,Johnny Mundt,TE,2500,1.28,1953.125,57,57,0.0,0.01,9999.0
267,Ben Braunecker,TE,2500,1.26,1984.1269841269839,58,58,0.0,0.0,9999.0
268,Anthony Firkser,TE,2500,1.2200000000000002,2049.180327868852,59,59,0.0,0.0,9999.0
269,MyCole Pruitt,TE,2500,1.16,2155.172413793104,60,60,0.0,0.0,9999.0
270,Jaeden Graham,TE,2500,1.09,2293.577981651376,61,61,0.0,0.0,9999.0
217,Hunter Henry,TE,4900,14.340000000000002,341.70153417015337,2,1,8.7,38.93,563.2183908045978
218,Cameron Brate,TE,2700,7.870000000000001,343.07496823379915,12,2,6.2,28.82,435.483870967742
219,Darren Waller,TE,5900,15.740000000000002,374.84116899618795,1,3,9.1,18.6,648.3516483516484
220,Evan Engram,TE,5300,13.85,382.67148014440437,5,4,14.0,4.28,378.57142857142856
221,Austin Hooper,TE,5500,14.33,383.81018841591066,3,5,18.5,0.8,297.29729729729735
222,Jonnu Smith,TE,2800,7.26,385.67493112947676,13,6,19.8,7.48,141.4141414141414
223,Greg Olsen,TE,3700,9.510000000000002,389.0641430073606,7,7,3.3,0.18,1121.2121212121212
224,Josh Hill,TE,3200,8.03,398.50560398505615,10,8,6.9,1.04,463.76811594202894
225,Dallas Goedert,TE,2800,6.790000000000001,412.3711340206185,14,9,11.2,0.03,250.00000000000003
226,T.J. Hockenson,TE,3500,8.4,416.66666666666663,9,10,3.1,0.81,1129.032258064516
227,Zach Ertz,TE,5100,11.97,426.06516290726813,6,11,4.0,0.13,1275.0
228,Eric Ebron,TE,3400,7.9,430.37974683544303,11,12,5.6,0.22,607.1428571428573
229,Noah Fant,TE,2900,6.49,446.84129429892135,16,13,7.6,0.07,381.5789473684211
230,Dawson Knox,TE,2900,6.34,457.4132492113565,18,14,0.0,0.01,9999.0
231,Jack Doyle,TE,3000,6.540000000000001,458.7155963302752,15,15,10.1,0.01,297.029702970297
232,George Kittle,TE,6500,14.04,462.9629629629629,4,16,14.6,0.06,445.2054794520548
233,Trey Burton,TE,3000,5.99,500.8347245409015,19,17,2.6,0.01,1153.8461538461538
234,Gerald Everett,TE,4300,8.49,506.47820965842163,8,18,3.5,0.39,1228.5714285714287
235,Jordan Akins,TE,2800,5.48,510.9489051094889,20,19,3.1,0.02,903.2258064516127
236,Darren Fells,TE,3400,6.47,525.5023183925812,17,20,23.8,0.42,142.85714285714286
237,Dan Arnold,TE,2500,4.7200000000000015,529.6610169491523,24,21,0.0,0.0,9999.0
238,Foster Moreau,TE,2700,5.08,531.496062992126,22,22,2.0,0.03,1350.0
239,Tyler Eifert,TE,2800,4.94,566.8016194331984,23,23,0.0,0.0,9999.0
240,Ricky Seals-Jones,TE,3100,5.199999999999998,596.1538461538463,21,24,0.0,0.02,9999.0
241,Josh Oliver,TE,2700,4.34,622.1198156682027,28,25,0.0,0.0,9999.0
242,Tyler Higbee,TE,2900,4.54,638.7665198237885,25,26,0.0,0.0,9999.0
243,Charles Clay,TE,2600,4.0600000000000005,640.3940886699506,29,27,0.0,0.0,9999.0
244,Luke Willson,TE,2900,4.49,645.8797327394209,26,28,1.7,0.02,1705.8823529411764
245,Jeff Heuerman,TE,2500,3.78,661.3756613756614,31,29,2.1,0.02,1190.4761904761906
246,Jacob Hollister,TE,2900,4.34,668.2027649769585,27,30,3.8,0.03,763.1578947368422
247,Ryan Griffin,TE,2700,3.99,676.6917293233082,30,31,0.0,0.0,9999.0
248,C.J. Uzomah,TE,2500,3.51,712.2507122507122,33,32,0.0,0.0,9999.0
249,Jesse James,TE,2700,3.68,733.695652173913,32,33,0.0,0.0,9999.0
250,Maxx Williams,TE,2600,3.4,764.7058823529413,35,34,0.0,0.0,9999.0
251,Anthony Firkser,TE,2500,3.22,776.3975155279503,36,35,0.0,0.0,9999.0
252,Tyler Kroft,TE,2700,3.47,778.0979827089337,34,36,0.0,0.0,9999.0
253,Seth DeValve,TE,2500,3.1100000000000003,803.8585209003212,38,37,0.0,0.0,9999.0
254,Adam Shaheen,TE,2600,3.2100000000000004,809.9688473520247,37,38,0.0,0.0,9999.0
255,Demetrius Harris,TE,2500,2.97,841.7508417508417,39,39,0.0,0.0,9999.0
256,Tommy Sweeney,TE,2500,2.64,946.9696969696968,41,40,0.0,0.0,9999.0
257,Rhett Ellison,TE,2800,2.66,1052.6315789473683,40,41,0.0,0.0,9999.0
258,MyCole Pruitt,TE,2500,2.24,1116.0714285714284,42,42,0.0,0.0,9999.0
259,Geoff Swaim,TE,2700,2.22,1216.216216216216,43,43,0.0,0.0,9999.0
260,Derek Carrier,TE,2500,1.95,1282.051282051282,44,44,0.0,0.0,9999.0
261,Logan Thomas,TE,2500,1.87,1336.898395721925,45,45,0.0,0.0,9999.0
262,Tanner Hudson,TE,2500,1.86,1344.0860215053765,46,46,0.0,0.0,9999.0
263,Mo Alie-Cox,TE,2500,1.85,1351.3513513513512,47,47,0.0,0.0,9999.0
264,Antony Auclair,TE,2500,1.83,1366.120218579235,48,48,0.0,0.0,9999.0
265,Virgil Green,TE,2500,1.81,1381.2154696132595,49,49,0.0,0.0,9999.0
266,Andrew Beck,TE,2500,1.6800000000000002,1488.0952380952374,50,50,0.0,0.0,9999.0
267,Luke Stocker,TE,2500,1.66,1506.024096385542,51,51,0.0,0.0,9999.0
268,Drew Sample,TE,2500,1.6,1562.5,52,52,0.0,0.0,9999.0
269,Pharaoh Brown,TE,2500,1.5,1666.666666666667,53,53,0.0,0.0,9999.0
270,Lee Smith,TE,2500,1.41,1773.0496453900707,54,54,0.0,0.0,9999.0
271,Ross Dwelley,TE,2500,1.37,1824.817518248175,55,55,0.0,0.0,9999.0
272,Ben Koyack,TE,2500,1.32,1893.9393939393933,56,56,0.0,0.0,9999.0
273,Levine Toilolo,TE,2500,1.08,2314.8148148148152,57,57,0.0,0.0,9999.0
274,Ben Braunecker,TE,2500,1.04,2403.846153846154,58,58,0.0,0.0,9999.0
275,Lance Kendricks,TE,2500,1.03,2427.184466019417,59,59,0.0,0.0,9999.0
276,Eric Tomlinson,TE,2500,1.02,2450.980392156863,60,60,0.0,0.0,9999.0
190,Greg Olsen,TE,3500,10.67,328.02249297094664,5,1,7.0,3.78,500.0
191,Zach Ertz,TE,4700,13.35,352.0599250936329,4,2,28.3,23.67,166.07773851590102
192,Darren Waller,TE,6300,16.299999999999994,386.5030674846626,1,3,7.2,20.82,875.0
193,Hunter Henry,TE,6000,14.66,409.2769440654843,3,4,15.4,2.22,389.61038961038963
194,Mike Gesicki,TE,2800,6.69,418.5351270553065,12,5,15.5,0.04,180.64516129032262
195,Tyler Kroft,TE,2600,6.15,422.7642276422765,16,6,0.0,0.03,9999.0
196,Dallas Goedert,TE,3100,7.31,424.0766073871409,10,7,7.9,2.02,392.40506329113924
197,Eric Ebron,TE,3600,8.399999999999999,428.57142857142884,7,8,3.6,1.42,1000.0
198,T.J. Hockenson,TE,3700,8.59,430.73341094295694,6,9,8.6,2.48,430.2325581395349
199,Jack Doyle,TE,3000,6.83,439.2386530014642,11,10,11.2,27.9,267.8571428571429
200,Noah Fant,TE,3000,6.66,450.4504504504504,13,11,23.5,2.12,127.65957446808511
201,Travis Kelce,TE,6900,15.15,455.44554455445535,2,12,13.2,0.27,522.7272727272727
202,Cameron Brate,TE,3100,6.6400000000000015,466.86746987951796,14,13,0.0,7.51,9999.0
203,Trey Burton,TE,2900,5.880000000000001,493.19727891156464,17,14,0.0,0.01,9999.0
204,Jonnu Smith,TE,3800,7.689999999999999,494.14824447334206,8,15,4.8,6.06,791.6666666666667
205,Ricky Seals-Jones,TE,2900,5.48,529.1970802919708,19,16,3.2,0.04,906.25
206,Jacob Hollister,TE,2900,5.119999999999999,566.4062500000001,21,17,19.7,0.08,147.20812182741116
207,Dawson Knox,TE,2800,4.93,567.9513184584179,22,18,3.4,0.02,823.5294117647059
208,Jimmy Graham,TE,4300,7.570000000000001,568.0317040951122,9,19,5.7,0.2,754.3859649122808
209,Kyle Rudolph,TE,3300,5.790000000000001,569.9481865284972,18,20,11.3,0.17,292.0353982300885
210,Foster Moreau,TE,2600,4.460000000000001,582.9596412556052,23,21,7.3,0.02,356.16438356164383
211,Jeremy Sprinkle,TE,2700,4.3100000000000005,626.4501160092808,25,22,2.6,0.09,1038.4615384615383
212,Ryan Griffin,TE,3400,5.26,646.3878326996197,20,23,11.0,0.33,309.09090909090907
213,Luke Willson,TE,2900,4.43,654.6275395033862,24,24,4.0,0.1,725.0
214,Anthony Firkser,TE,2500,3.78,661.3756613756614,26,25,0.0,0.0,9999.0
215,Vance McDonald,TE,4100,6.18,663.4304207119743,15,26,14.0,0.1,292.85714285714283
216,Marcedes Lewis,TE,2500,3.3800000000000003,739.644970414201,27,27,0.0,0.01,9999.0
217,Logan Thomas,TE,2500,3.18,786.1635220125786,30,28,0.0,0.0,9999.0
218,Nick Vannett,TE,2600,3.19,815.0470219435738,29,29,0.0,0.0,9999.0
219,Demetrius Harris,TE,3000,3.28,914.6341463414633,28,30,0.0,0.0,9999.0
220,Tanner Hudson,TE,2500,2.72,919.1176470588234,32,31,2.2,0.01,1136.3636363636365
221,Jesse James,TE,2800,2.95,949.1525423728813,31,32,1.3,0.0,2153.846153846154
222,Adam Shaheen,TE,2600,2.5,1040.0,33,33,-1.0,0.0,9999.0
223,Hale Hentges,TE,2500,2.22,1126.1261261261266,34,34,0.0,0.0,9999.0
224,Virgil Green,TE,2500,1.95,1282.051282051282,35,35,0.0,0.0,9999.0
225,Derek Carrier,TE,2500,1.83,1366.120218579235,36,36,2.7,0.0,925.9259259259261
226,Lee Smith,TE,2500,1.63,1533.7423312883434,37,37,0.0,0.0,9999.0
227,MyCole Pruitt,TE,2500,1.59,1572.3270440251572,38,38,0.0,0.0,9999.0
228,Ian Thomas,TE,2500,1.38,1811.594202898551,39,39,0.0,0.0,9999.0
229,Zach Gentry,TE,2500,1.32,1893.9393939393933,40,40,0.0,0.0,9999.0
230,Durham Smythe,TE,2500,1.29,1937.984496124031,41,41,0.0,0.0,9999.0
231,Tommy Sweeney,TE,2500,1.28,1953.125,42,42,0.0,0.0,9999.0
232,Mo Alie-Cox,TE,2500,1.27,1968.5039370078741,43,43,0.0,0.0,9999.0
233,Andrew Beck,TE,2500,1.19,2100.840336134454,44,44,0.0,0.0,9999.0
234,Robert Tonyan,TE,2500,1.1800000000000002,2118.6440677966093,45,45,0.0,0.0,9999.0
235,Blake Bell,TE,2500,1.16,2155.172413793104,46,46,0.0,0.0,9999.0
194,Mike Gesicki,TE,3100,8.88,349.0990990990992,9,1,4.8,49.08,645.8333333333334
195,Austin Hooper,TE,5500,15.05,365.44850498338883,2,2,11.7,3.88,470.08547008547015
196,Jack Doyle,TE,3600,9.85,365.48223350253807,4,3,13.4,2.34,268.65671641791045
197,Greg Olsen,TE,3600,9.64,373.4439834024896,5,4,17.8,1.53,202.24719101123597
198,Rhett Ellison,TE,2500,6.630000000000001,377.07390648567116,15,5,7.2,26.83,347.22222222222223
199,Jonnu Smith,TE,3500,9.21,380.0217155266015,7,6,7.0,3.82,500.0
200,Travis Kelce,TE,6400,16.07,398.2576228998133,1,7,20.5,7.27,312.1951219512195
201,Eric Ebron,TE,3900,9.150000000000002,426.2295081967212,8,8,10.6,0.44,367.9245283018868
202,Jared Cook,TE,4100,9.31,440.38668098818476,6,9,13.4,0.56,305.97014925373134
203,Trey Burton,TE,2800,6.120000000000001,457.51633986928096,16,10,0.0,0.06,9999.0
204,Mark Andrews,TE,5200,11.15,466.3677130044844,3,11,23.3,0.8,223.17596566523602
205,Vance McDonald,TE,3800,8.129999999999999,467.40467404674047,11,12,4.3,0.28,883.7209302325583
206,O.J. Howard,TE,3300,6.860000000000001,481.04956268221565,14,13,14.7,2.35,224.48979591836732
207,Tyler Eifert,TE,3000,6.0600000000000005,495.049504950495,17,14,10.0,0.34,300.0
208,Hayden Hurst,TE,2500,5.029999999999999,497.01789264413526,21,15,4.0,0.03,625.0
209,Dawson Knox,TE,2800,5.58,501.7921146953405,20,16,9.5,0.03,294.7368421052632
210,Demetrius Harris,TE,2900,5.7700000000000005,502.5996533795494,18,17,4.8,0.03,604.1666666666667
211,Gerald Everett,TE,4500,8.74,514.8741418764301,10,18,14.8,1.45,304.05405405405406
212,T.J. Hockenson,TE,3900,7.4499999999999975,523.4899328859061,12,19,7.7,0.62,506.49350649350646
213,Ryan Griffin,TE,3100,5.6999999999999975,543.8596491228071,19,20,0.8,0.2,9999.0
214,Jimmy Graham,TE,4000,7.3,547.9452054794519,13,21,7.9,0.14,506.3291139240506
215,Tyler Kroft,TE,2600,4.69,554.3710021321962,24,22,0.0,0.01,9999.0
216,Nick Boyle,TE,2500,4.3900000000000015,569.4760820045558,27,23,11.8,0.14,211.86440677966098
217,C.J. Uzomah,TE,2500,4.28,584.1121495327103,28,24,0.0,0.0,9999.0
218,Charles Clay,TE,2900,4.779999999999999,606.6945606694561,22,25,1.5,0.04,1933.333333333333
219,Anthony Firkser,TE,2500,4.0,625.0,31,26,0.0,0.0,9999.0
220,Ricky Seals-Jones,TE,2800,4.43,632.0541760722348,25,27,0.0,0.0,9999.0
221,Tyler Higbee,TE,2700,4.26,633.8028169014085,29,28,5.2,1.01,519.2307692307692
222,Maxx Williams,TE,2700,4.07,663.3906633906632,30,29,2.5,0.01,1080.0
223,Adam Shaheen,TE,2600,3.62,718.232044198895,32,30,0.0,0.01,9999.0
224,Dan Arnold,TE,2500,3.26,766.8711656441717,33,31,0.0,0.0,9999.0
225,Josh Hill,TE,3400,4.4,772.7272727272726,26,32,0.0,0.05,9999.0
226,Cameron Brate,TE,3700,4.69,788.9125799573561,23,33,0.0,0.29,9999.0
227,Marcedes Lewis,TE,2500,3.11,803.8585209003215,34,34,0.0,0.0,9999.0
228,Tanner Hudson,TE,2500,3.1,806.4516129032257,35,35,0.0,0.0,9999.0
229,Kaden Smith,TE,2500,2.82,886.5248226950356,37,36,1.1,0.01,2272.7272727272725
230,Logan Thomas,TE,2500,2.72,919.1176470588236,38,37,3.9,0.01,641.025641025641
231,Nick Vannett,TE,2500,2.62,954.1984732824428,39,38,1.8,0.01,1388.888888888889
232,Jesse James,TE,3000,2.85,1052.6315789473683,36,39,0.0,0.0,9999.0
233,Luke Stocker,TE,2500,2.26,1106.1946902654868,40,40,0.0,0.0,9999.0
234,Mo Alie-Cox,TE,2500,2.04,1225.4901960784316,41,41,0.0,0.0,9999.0
235,Tommy Sweeney,TE,2500,2.0,1250.0,42,42,0.0,0.0,9999.0
236,Zach Gentry,TE,2500,1.92,1302.0833333333333,43,43,0.0,0.0,9999.0
237,Pharaoh Brown,TE,2500,1.9,1315.7894736842104,44,44,0.0,0.0,9999.0
238,Stephen Carlson,TE,2600,1.63,1595.0920245398772,45,45,0.0,0.0,9999.0
239,Lee Smith,TE,2500,1.54,1623.3766233766232,46,46,0.0,0.0,9999.0
240,Blake Bell,TE,2500,1.49,1677.8523489932886,47,47,0.0,0.0,9999.0
241,Ian Thomas,TE,2500,1.37,1824.817518248175,48,48,0.0,0.0,9999.0
242,Durham Smythe,TE,2500,1.35,1851.8518518518522,49,49,0.0,0.0,9999.0
243,MyCole Pruitt,TE,2500,1.27,1968.5039370078741,51,50,0.0,0.0,9999.0
244,Jaeden Graham,TE,2500,1.25,2000.0,52,51,0.0,0.0,9999.0
245,Jace Sternberger,TE,2600,1.29,2015.503875968992,50,52,0.0,0.0,9999.0
246,Drew Sample,TE,2500,1.2400000000000002,2016.129032258064,53,53,0.0,0.0,9999.0
247,J.P. Holtz,TE,2500,1.2200000000000002,2049.180327868852,54,54,0.0,0.0,9999.0
248,Ben Braunecker,TE,2500,1.1,2272.7272727272725,55,55,8.8,0.0,284.09090909090907
249,Robert Tonyan,TE,2500,1.02,2450.980392156863,56,56,0.0,0.0,9999.0
203,Darren Waller,TE,5500,15.170000000000002,362.5576796308503,1,1,12.6,6.44,436.50793650793645
204,Greg Olsen,TE,3900,10.53,370.3703703703703,5,2,10.7,34.97,364.48598130841117
205,Eric Ebron,TE,3600,9.65,373.05699481865287,7,3,6.7,21.0,537.3134328358209
206,Dallas Goedert,TE,3200,8.51,376.0282021151586,10,4,12.6,5.95,253.968253968254
207,Jared Cook,TE,4400,11.14,394.9730700179533,4,5,11.3,6.43,389.3805309734513
208,Jack Doyle,TE,4000,9.8,408.16326530612236,6,6,0.0,0.41,9999.0
209,Zach Ertz,TE,5000,12.05,414.9377593360997,3,7,18.4,1.64,271.7391304347826
210,Mike Gesicki,TE,3500,8.33,420.16806722689074,12,8,5.8,0.17,603.4482758620691
211,Darren Fells,TE,3800,9.02,421.2860310421285,8,9,2.8,0.63,1357.142857142857
212,Noah Fant,TE,3700,8.7,425.2873563218391,9,10,9.3,0.7,397.84946236559136
213,O.J. Howard,TE,3600,8.3,433.7349397590361,13,11,0.0,1.51,9999.0
214,Jason Witten,TE,3700,8.43,438.90865954922896,11,12,8.3,0.59,445.78313253012044
215,Kyle Rudolph,TE,3600,7.910000000000001,455.1201011378002,14,13,17.7,1.11,203.38983050847457
216,Tyler Eifert,TE,3200,6.99,457.79685264663806,16,14,5.1,1.32,627.4509803921569
217,Mark Andrews,TE,6100,12.96,470.6790123456791,2,15,17.5,0.75,348.57142857142856
218,Ryan Griffin,TE,2900,6.0500000000000025,479.33884297520655,18,16,24.9,2.4,116.46586345381529
219,Jordan Akins,TE,2600,5.34,486.8913857677903,22,17,2.5,0.93,1040.0
220,Nick Boyle,TE,2700,5.5,490.9090909090909,21,18,4.0,1.18,675.0
221,T.J. Hockenson,TE,3600,7.290000000000001,493.8271604938272,15,19,1.6,1.11,2250.0
222,Dawson Knox,TE,3000,6.0600000000000005,495.049504950495,17,20,11.2,0.95,267.8571428571429
223,Luke Stocker,TE,3000,5.77,519.9306759098787,20,21,0.0,0.06,9999.0
224,Hayden Hurst,TE,2600,4.75,547.3684210526316,24,22,3.6,0.54,722.2222222222223
225,Ross Dwelley,TE,3400,6.0,566.6666666666666,19,23,17.4,8.13,195.40229885057477
226,Blake Jarwin,TE,2900,5.050000000000002,574.2574257425741,23,24,5.8,0.1,500.0
227,Josh Oliver,TE,2500,4.33,577.3672055427252,28,25,1.5,1.68,1666.666666666667
228,Foster Moreau,TE,2600,4.48,580.3571428571427,26,26,8.8,0.05,295.45454545454544
229,Jaeden Graham,TE,2800,4.66,600.8583690987124,25,27,4.3,0.64,651.1627906976745
230,Jeremy Sprinkle,TE,2800,4.45,629.2134831460672,27,28,9.6,0.01,291.6666666666667
231,C.J. Uzomah,TE,2500,3.81,656.1679790026246,32,29,2.5,0.02,1000.0
232,Charles Clay,TE,2700,4.04,668.3168316831683,30,30,0.0,0.0,9999.0
233,Tyler Kroft,TE,2800,4.16,673.0769230769231,29,31,1.6,0.02,1750.0
234,Maxx Williams,TE,2600,3.3400000000000003,778.443113772455,34,32,0.0,0.0,9999.0
235,Logan Thomas,TE,2500,3.12,801.2820512820513,37,33,0.0,0.02,9999.0
236,Jesse James,TE,2600,3.15,825.3968253968254,36,34,0.0,0.01,9999.0
237,Josh Hill,TE,3000,3.56,842.6966292134831,33,35,2.8,0.05,1071.4285714285716
238,Cameron Brate,TE,3300,3.88,850.5154639175258,31,36,17.3,0.05,190.75144508670516
239,Seth DeValve,TE,2800,3.23,866.8730650154799,35,37,0.0,0.0,9999.0
240,Mo Alie-Cox,TE,2500,2.0700000000000003,1207.7294685990335,39,38,0.0,0.0,9999.0
241,Jeff Heuerman,TE,2500,1.91,1308.9005235602094,40,39,0.0,0.0,9999.0
242,Levine Toilolo,TE,3000,2.28,1315.7894736842104,38,40,0.0,0.0,9999.0
243,Hale Hentges,TE,2500,1.84,1358.695652173913,41,41,0.0,0.0,9999.0
244,Derek Carrier,TE,2500,1.82,1373.6263736263738,42,42,0.0,0.0,9999.0
245,Troy Fumagalli,TE,2500,1.79,1396.6480446927374,43,43,0.0,0.0,9999.0
246,Matt LaCosse,TE,2600,1.7400000000000002,1494.2528735632181,44,44,0.0,0.0,9999.0
247,Clive Walford,TE,2500,1.64,1524.390243902439,46,45,0.0,0.0,9999.0
248,Ryan Izzo,TE,2600,1.65,1575.7575757575753,45,46,0.0,0.0,9999.0
249,Trevon Wesco,TE,2500,1.41,1773.0496453900712,47,47,0.0,0.0,9999.0
250,Lee Smith,TE,2500,1.39,1798.5611510791364,48,48,0.0,0.0,9999.0
251,Ben Koyack,TE,2500,1.36,1838.2352941176473,49,49,0.0,0.0,9999.0
252,Tanner Hudson,TE,2500,1.26,1984.1269841269839,50,50,0.0,0.0,9999.0
253,Durham Smythe,TE,2500,1.09,2293.577981651376,51,51,0.0,0.0,9999.0
254,Dan Arnold,TE,2500,1.09,2293.577981651376,52,52,0.0,0.0,9999.0
255,Andrew Beck,TE,2500,1.03,2427.184466019417,53,53,0.0,0.01,9999.0
256,Ian Thomas,TE,2500,1.01,2475.247524752476,54,54,0.0,0.01,9999.0
205,Jason Witten,TE,3500,9.79,357.5076608784473,6,1,1.5,0.87,2333.333333333333
206,Mike Gesicki,TE,3400,9.19,369.9673558215451,9,2,11.8,2.23,288.135593220339
207,Darren Waller,TE,5700,15.37,370.8523096942095,2,3,7.1,1.31,802.8169014084508
208,Vance McDonald,TE,3500,9.23,379.1982665222101,8,4,1.1,38.66,3181.818181818181
209,Greg Olsen,TE,4100,10.8,379.6296296296296,4,5,9.4,3.63,436.1702127659574
210,Jared Cook,TE,4500,11.7,384.6153846153846,3,6,21.9,0.64,205.47945205479454
211,Zach Ertz,TE,6000,15.56,385.60411311053986,1,7,27.1,6.75,221.40221402214019
212,Ryan Griffin,TE,4200,9.85,426.39593908629433,5,8,10.3,2.89,407.7669902912621
213,Dallas Goedert,TE,3700,8.56,432.24299065420564,10,9,9.2,44.34,402.1739130434783
214,Dawson Knox,TE,3000,6.5500000000000025,458.0152671755725,14,10,3.1,0.25,967.741935483871
215,Jacob Hollister,TE,4300,9.29,462.86329386437035,7,11,4.2,2.79,1023.8095238095236
216,Noah Fant,TE,3900,8.360000000000001,466.50717703349284,11,12,4.4,1.43,886.3636363636364
217,Cameron Brate,TE,3600,7.6400000000000015,471.2041884816753,12,13,0.0,1.33,9999.0
218,Ben Braunecker,TE,2700,5.670000000000001,476.19047619047615,19,14,2.9,0.04,931.0344827586208
219,Tyler Eifert,TE,3100,6.460000000000001,479.876160990712,15,15,1.7,0.39,1823.5294117647054
220,T.J. Hockenson,TE,3400,6.6,515.1515151515151,13,16,0.0,0.21,9999.0
221,O.J. Howard,TE,3300,6.09,541.8719211822662,18,17,2.0,0.32,1650.0
222,Luke Stocker,TE,3100,5.529999999999999,560.5786618444847,20,18,0.0,0.07,9999.0
223,Foster Moreau,TE,2800,4.859999999999999,576.1316872427984,24,19,1.3,0.07,2153.846153846154
224,Ricky Seals-Jones,TE,3000,5.1800000000000015,579.1505791505791,21,20,0.0,0.08,9999.0
225,Jonnu Smith,TE,3600,6.19,581.5831987075928,17,21,0.4,0.6,9999.0
226,Jeremy Sprinkle,TE,2900,4.98,582.3293172690762,23,22,1.4,0.1,2071.428571428572
227,C.J. Uzomah,TE,2500,4.25,588.2352941176471,27,23,0.0,0.01,9999.0
228,Delanie Walker,TE,3800,6.290000000000001,604.1335453100157,16,24,0.0,0.01,9999.0
229,Blake Jarwin,TE,2900,4.59,631.8082788671023,25,25,4.7,0.12,617.0212765957448
230,Tyler Kroft,TE,2500,3.8,657.8947368421052,28,26,2.4,0.0,1041.6666666666667
231,Jaeden Graham,TE,3300,4.99,661.3226452905811,22,27,6.3,0.29,523.8095238095239
232,Ben Koyack,TE,2500,3.44,726.7441860465117,32,28,0.0,0.0,9999.0
233,Nick Vannett,TE,2500,3.3800000000000003,739.644970414201,33,29,0.0,0.01,9999.0
234,Demetrius Harris,TE,3200,4.3100000000000005,742.4593967517401,26,30,4.0,0.04,800.0
235,Matt LaCosse,TE,2600,3.45,753.623188405797,31,31,1.5,0.02,1733.333333333333
236,Anthony Firkser,TE,2800,3.68,760.8695652173913,29,32,0.0,0.02,9999.0
237,Josh Hill,TE,2700,3.49,773.6389684813753,30,33,2.2,0.04,1227.2727272727273
238,Hale Hentges,TE,2500,3.0800000000000005,811.6883116883115,35,34,0.0,0.0,9999.0
239,Kaden Smith,TE,2500,3.0400000000000005,822.3684210526312,36,35,12.7,0.8,196.85039370078738
240,Nick O'Leary,TE,2700,3.22,838.5093167701863,34,36,7.6,0.01,355.2631578947369
241,Troy Fumagalli,TE,2500,2.82,886.5248226950356,37,37,0.0,0.02,9999.0
242,Logan Thomas,TE,2500,2.78,899.2805755395682,38,38,0.0,0.0,9999.0
243,Ryan Izzo,TE,2500,2.72,919.1176470588234,39,39,0.0,0.0,9999.0
244,Scott Simonson,TE,2600,2.62,992.3664122137404,40,40,2.0,0.21,1300.0
245,Stephen Carlson,TE,2500,2.24,1116.0714285714284,41,41,1.8,0.0,1388.888888888889
246,J.P. Holtz,TE,2500,2.22,1126.1261261261259,42,42,0.0,0.0,9999.0
247,Daniel Brown,TE,2500,2.0700000000000003,1207.7294685990335,43,43,0.0,0.0,9999.0
248,Derek Carrier,TE,2500,1.96,1275.5102040816328,44,44,0.0,0.0,9999.0
249,Luke Willson,TE,2500,1.9,1315.7894736842104,45,45,0.0,0.0,9999.0
250,Jeff Heuerman,TE,2500,1.81,1381.2154696132595,47,46,0.0,0.0,9999.0
251,Jesse James,TE,2600,1.83,1420.7650273224044,46,47,0.0,0.0,9999.0
252,Clive Walford,TE,2500,1.71,1461.9883040935672,48,48,0.0,0.0,9999.0
253,Tanner Hudson,TE,2500,1.46,1712.3287671232874,49,49,0.0,0.0,9999.0
254,Zach Gentry,TE,2500,1.4,1785.7142857142856,50,50,0.0,0.0,9999.0
255,Durham Smythe,TE,2500,1.34,1865.6716417910445,51,51,0.0,0.0,9999.0
256,Ian Thomas,TE,2500,1.23,2032.520325203252,52,52,0.0,0.0,9999.0
257,Pharaoh Brown,TE,2500,1.23,2032.520325203252,53,53,0.0,0.0,9999.0
258,Andrew Beck,TE,2500,1.05,2380.952380952381,54,54,0.0,0.0,9999.0
259,Trevon Wesco,TE,2500,1.04,2403.846153846154,55,55,0.0,0.0,9999.0
260,Lee Smith,TE,2500,1.03,2427.184466019417,56,56,0.0,0.0,9999.0
261,Tommy Sweeney,TE,2500,1.02,2450.980392156863,57,57,0.0,0.0,9999.0
262,MyCole Pruitt,TE,2500,1.01,2475.247524752476,58,58,0.0,0.0,9999.0
194,Jack Doyle,TE,3300,11.06,298.372513562387,8,1,19.3,26.72,170.9844559585492
195,Travis Kelce,TE,7200,19.25,374.0259740259741,1,2,14.0,3.0,514.2857142857143
196,Greg Olsen,TE,4400,11.64,378.00687285223364,7,3,5.2,0.78,846.1538461538461
197,George Kittle,TE,6100,15.84,385.1010101010101,3,4,3.4,0.93,1794.1176470588236
198,Mike Gesicki,TE,3600,9.07,396.91289966923927,11,5,18.9,0.19,190.47619047619045
199,Zach Ertz,TE,6700,16.85,397.6261127596439,2,6,5.4,0.29,1240.7407407407404
200,Darren Waller,TE,5500,13.65,402.9304029304029,5,7,20.0,2.11,275.0
201,Hunter Henry,TE,5800,14.170000000000002,409.31545518701483,4,8,3.0,1.04,1933.333333333333
202,Mark Andrews,TE,5700,13.26,429.86425339366514,6,9,14.0,0.24,407.1428571428572
203,Ryan Griffin,TE,4300,9.87,435.6636271529888,9,10,8.0,1.17,537.5
204,Dallas Goedert,TE,4100,9.4,436.1702127659574,10,11,12.6,1.06,325.39682539682536
205,Tyler Eifert,TE,2800,6.19,452.3424878836834,16,12,2.2,0.24,1272.7272727272725
206,Noah Fant,TE,3700,7.960000000000001,464.8241206030152,12,13,1.5,0.19,2466.6666666666665
207,Jonnu Smith,TE,3300,6.91,477.56874095513746,15,14,2.0,0.24,1650.0
208,Vance McDonald,TE,3400,7.08,480.225988700565,14,15,5.1,0.1,666.6666666666667
209,Cameron Brate,TE,3100,6.130000000000001,505.7096247960848,17,16,1.5,0.05,2066.6666666666665
210,Jimmy Graham,TE,3800,7.24,524.8618784530387,13,17,2.6,0.16,1461.5384615384617
211,Tyler Higbee,TE,2500,4.550000000000002,549.4505494505494,21,18,26.7,76.21,93.63295880149813
212,Nick Boyle,TE,2700,4.84,557.8512396694215,19,19,1.4,0.16,1928.571428571429
213,O.J. Howard,TE,3000,5.19,578.0346820809249,18,20,11.1,0.01,270.27027027027026
214,Foster Moreau,TE,2500,4.18,598.0861244019139,22,21,2.5,0.01,1000.0
215,C.J. Uzomah,TE,2500,4.01,623.4413965087283,25,22,0.0,0.0,9999.0
216,Hayden Hurst,TE,2500,3.82,654.4502617801047,26,23,5.1,0.01,490.1960784313726
217,Jeremy Sprinkle,TE,2700,4.1,658.5365853658537,23,24,5.6,0.01,482.1428571428572
218,Mo Alie-Cox,TE,2500,3.73,670.2412868632707,27,25,0.0,0.0,9999.0
219,Nick O'Leary,TE,3200,4.67,685.2248394004282,20,26,1.6,0.08,2000.0
220,Anthony Firkser,TE,2500,3.64,686.8131868131867,29,27,0.0,0.0,9999.0
221,Charles Clay,TE,2600,3.69,704.6070460704608,28,28,4.9,0.01,530.6122448979592
222,Maxx Williams,TE,2600,3.47,749.2795389048991,31,29,0.0,0.01,9999.0
223,Kaden Smith,TE,2900,3.61,803.3240997229918,30,30,13.0,0.97,223.0769230769231
224,Demetrius Harris,TE,2900,3.45,840.5797101449275,32,31,3.3,0.01,878.7878787878789
225,Clive Walford,TE,2500,2.97,841.7508417508417,34,32,0.0,0.0,9999.0
226,Ricky Seals-Jones,TE,2600,3.02,860.9271523178807,33,33,0.0,0.02,9999.0
227,David Njoku,TE,3500,4.01,872.8179551122197,24,34,0.0,0.01,9999.0
228,Marcedes Lewis,TE,2500,2.7,925.9259259259261,35,35,0.0,0.0,9999.0
229,Ben Koyack,TE,2500,2.62,954.1984732824428,36,36,0.0,0.0,9999.0
230,Deon Yelder,TE,2500,2.33,1072.9613733905578,37,37,0.0,0.01,9999.0
231,Ian Thomas,TE,2500,2.26,1106.1946902654865,38,38,0.0,0.0,9999.0
232,Hale Hentges,TE,2500,2.05,1219.5121951219514,40,39,0.0,0.0,9999.0
233,Durham Smythe,TE,2500,1.91,1308.9005235602094,41,40,0.0,0.0,9999.0
234,Jace Sternberger,TE,2500,1.9,1315.7894736842104,42,41,0.0,0.0,9999.0
235,Jeff Heuerman,TE,2500,1.87,1336.898395721925,43,42,0.0,0.0,9999.0
236,MyCole Pruitt,TE,2500,1.83,1366.120218579235,45,43,0.0,0.0,9999.0
237,Nick Vannett,TE,2500,1.79,1396.6480446927374,46,44,0.0,0.0,9999.0
238,Derek Carrier,TE,2500,1.77,1412.4293785310733,47,45,0.0,0.0,9999.0
239,Scott Simonson,TE,2800,1.86,1505.3763440860214,44,46,0.0,0.0,9999.0
240,Robert Tonyan,TE,2500,1.55,1612.9032258064515,48,47,0.0,0.0,9999.0
241,Daniel Brown,TE,2500,1.52,1644.7368421052633,49,48,0.0,0.0,9999.0
242,Ross Dwelley,TE,3500,2.1100000000000003,1658.767772511848,39,49,0.0,0.01,9999.0
243,Andrew Beck,TE,2500,1.48,1689.1891891891892,50,50,0.0,0.0,9999.0
244,Virgil Green,TE,2500,1.4,1785.7142857142858,51,51,0.0,0.0,9999.0
245,Zach Gentry,TE,2500,1.31,1908.3969465648847,52,52,0.0,0.0,9999.0
246,Jordan Leggett,TE,2500,1.16,2155.172413793104,53,53,0.0,0.0,9999.0
247,Troy Fumagalli,TE,2500,1.16,2155.172413793104,54,54,0.0,0.0,9999.0
248,Tanner Hudson,TE,2500,1.1,2272.7272727272725,55,55,0.0,0.0,9999.0
249,Blake Bell,TE,2600,1.04,2500.0,56,56,0.0,0.01,9999.0
250,Stephen Carlson,TE,2500,1.0,2500.0,57,57,0.0,0.0,9999.0
219,Jack Doyle,TE,4600,13.56,339.23303834808263,4,1,4.7,18.5,978.7234042553192
220,Darren Waller,TE,5800,16.07,360.9209707529558,2,2,12.3,8.84,471.5447154471544
221,Jared Cook,TE,4200,11.42,367.7758318739054,8,3,20.4,0.56,205.8823529411765
222,George Kittle,TE,5900,15.95,369.9059561128528,3,4,18.7,3.13,315.5080213903743
223,Hunter Henry,TE,5100,13.53,376.940133037694,5,5,11.9,1.31,428.57142857142856
224,Ian Thomas,TE,2500,6.58,379.9392097264438,18,6,16.7,63.24,149.70059880239518
225,Travis Kelce,TE,6200,16.119999999999994,384.6153846153847,1,7,19.0,1.21,326.3157894736842
226,Mike Gesicki,TE,4000,10.34,386.84719535783364,9,8,1.6,1.68,2500.0
227,Noah Fant,TE,3400,8.69,391.25431530494825,12,9,24.3,0.21,139.91769547325103
228,Ryan Griffin,TE,4100,9.57,428.4221525600837,11,10,1.8,0.23,2277.777777777778
229,Mark Andrews,TE,5600,12.75,439.2156862745097,6,11,2.4,0.19,2333.333333333333
230,Kyle Rudolph,TE,4400,9.760000000000002,450.81967213114746,10,12,3.1,0.81,1419.354838709677
231,Jonnu Smith,TE,3100,6.6999999999999975,462.68656716417917,15,13,11.9,0.15,260.5042016806723
232,Dawson Knox,TE,2900,6.19,468.4975767366722,20,14,4.7,0.02,617.0212765957448
233,Darren Fells,TE,3200,6.8000000000000025,470.5882352941177,14,15,2.2,0.27,1454.5454545454545
234,O.J. Howard,TE,3200,6.68,479.0419161676648,16,16,11.3,0.16,283.18584070796464
235,Austin Hooper,TE,6000,12.22,490.9983633387889,7,17,5.2,0.09,1153.8461538461538
236,Tyler Eifert,TE,2800,5.35,523.3644859813085,21,18,8.9,0.06,314.6067415730337
237,Jeremy Sprinkle,TE,2800,5.300000000000002,528.3018867924527,22,19,0.0,0.02,9999.0
238,Jimmy Graham,TE,3600,6.65,541.3533834586466,17,20,7.9,0.12,455.69620253164567
239,Vance McDonald,TE,4300,7.88,545.6852791878173,13,21,1.3,0.71,3307.6923076923076
240,Hayden Hurst,TE,2500,4.54,550.6607929515418,25,22,16.3,0.06,153.3742331288344
241,David Njoku,TE,3500,6.3400000000000025,552.0504731861198,19,23,1.4,0.44,2500.0
242,Cameron Brate,TE,2900,5.050000000000002,574.2574257425741,23,24,13.0,0.02,223.0769230769231
243,Foster Moreau,TE,2500,4.33,577.3672055427252,29,25,10.4,0.01,240.38461538461542
244,Jordan Akins,TE,2800,4.77,587.0020964360588,24,26,8.9,0.01,314.6067415730337
245,Logan Thomas,TE,2600,4.380000000000001,593.607305936073,28,27,4.1,0.06,634.1463414634147
246,Nick O'Leary,TE,2700,4.53,596.0264900662253,26,28,0.0,0.0,9999.0
247,Anthony Firkser,TE,2700,4.41,612.2448979591836,27,29,4.9,0.01,551.0204081632653
248,Jeff Heuerman,TE,2600,4.11,632.603406326034,32,30,0.0,0.0,9999.0
249,Nick Boyle,TE,2700,4.2,642.8571428571427,30,31,9.0,0.01,300.0
250,C.J. Uzomah,TE,2700,4.130000000000001,653.7530266343824,31,32,1.4,0.02,1928.571428571429
251,Ross Travis,TE,2600,3.86,673.5751295336787,33,33,1.1,0.02,2363.6363636363635
252,Jesse James,TE,2500,3.62,690.6077348066298,35,34,3.3,0.01,757.5757575757576
253,Matt LaCosse,TE,2500,3.31,755.2870090634441,38,35,0.0,0.0,9999.0
254,Josh Hill,TE,2500,3.22,776.3975155279503,39,36,0.0,0.0,9999.0
255,Charles Clay,TE,2700,3.46,780.3468208092488,36,37,0.0,0.0,9999.0
256,Marcedes Lewis,TE,2500,3.12,801.2820512820513,40,38,1.5,0.01,1666.666666666667
257,Demetrius Harris,TE,2800,3.4,823.5294117647059,37,39,0.0,0.0,9999.0
258,Jaeden Graham,TE,3300,3.78,873.0158730158728,34,40,0.0,0.0,9999.0
259,Maxx Williams,TE,2500,2.7900000000000005,896.0573476702507,41,41,0.0,0.0,9999.0
260,Ricky Seals-Jones,TE,2600,2.74,948.905109489051,42,42,3.2,0.01,812.5
261,Tyler Kroft,TE,2500,1.94,1288.659793814433,44,43,0.0,0.0,9999.0
262,Clive Walford,TE,2500,1.9,1315.7894736842104,45,44,0.0,0.0,9999.0
263,Andrew Beck,TE,2500,1.87,1336.898395721925,47,45,0.0,0.0,9999.0
264,Daniel Brown,TE,2500,1.87,1336.898395721925,46,46,0.0,0.0,9999.0
265,Durham Smythe,TE,2500,1.85,1351.3513513513512,49,47,0.0,0.0,9999.0
266,Mo Alie-Cox,TE,2500,1.85,1351.3513513513512,48,48,0.0,0.0,9999.0
267,Nick Vannett,TE,3000,2.05,1463.4146341463415,43,49,0.0,0.01,9999.0
268,Robert Tonyan,TE,2500,1.6800000000000002,1488.0952380952374,50,50,0.0,0.0,9999.0
269,Chris Manhertz,TE,2500,1.5699999999999998,1592.3566878980896,51,51,0.0,0.0,9999.0
270,Zach Gentry,TE,2500,1.42,1760.5633802816903,53,52,0.0,0.0,9999.0
271,Hale Hentges,TE,2500,1.41,1773.0496453900712,54,53,0.0,0.0,9999.0
272,Derek Carrier,TE,2600,1.45,1793.103448275862,52,54,0.0,0.0,9999.0
273,Garrett Celek,TE,2500,1.35,1851.8518518518522,55,55,0.0,0.0,9999.0
274,Ryan Izzo,TE,2500,1.3,1923.0769230769226,56,56,0.0,0.0,9999.0
275,Tanner Hudson,TE,2500,1.27,1968.5039370078741,57,57,0.0,0.0,9999.0
276,Virgil Green,TE,2500,1.26,1984.1269841269839,58,58,0.0,0.0,9999.0
277,Tyler Conklin,TE,2500,1.2400000000000002,2016.129032258064,59,59,0.0,0.0,9999.0
278,Ben Koyack,TE,2500,1.2000000000000002,2083.333333333333,60,60,0.0,0.0,9999.0
279,Ross Dwelley,TE,2500,1.15,2173.913043478261,61,61,0.0,0.0,9999.0
280,Luke Stocker,TE,2500,1.14,2192.9824561403507,62,62,0.0,0.0,9999.0
281,Stephen Carlson,TE,2500,1.08,2314.8148148148152,63,63,0.0,0.01,9999.0
282,Blake Bell,TE,2500,1.07,2336.448598130841,64,64,0.0,0.0,9999.0
283,MyCole Pruitt,TE,2500,1.04,2403.846153846154,65,65,5.2,0.01,480.76923076923083
284,Deon Yelder,TE,2500,1.03,2427.184466019417,66,66,0.0,0.0,9999.0
285,Jace Sternberger,TE,2500,1.01,2475.247524752476,67,67,0.0,0.0,9999.0
286,Tommy Sweeney,TE,2500,1.0,2500.0,68,68,0.0,0.0,9999.0
287,Troy Fumagalli,TE,2500,1.0,2500.0,69,69,0.0,0.0,9999.0
218,Tyler Higbee,TE,3900,13.76,283.43023255813955,5,1,26.1,63.17,149.42528735632186
219,Ian Thomas,TE,3100,9.63,321.9106957424715,11,2,4.3,29.35,720.9302325581397
220,Darren Waller,TE,5500,16.07,342.25264467952707,4,3,23.2,3.6,237.0689655172414
221,Mike Gesicki,TE,4000,11.1,360.3603603603604,9,4,8.7,0.15,459.77011494252883
222,Jacob Hollister,TE,3800,10.46,363.2887189292543,10,5,5.3,0.07,716.9811320754718
223,Zach Ertz,TE,6000,16.32,367.6470588235293,3,6,17.1,7.29,350.8771929824561
224,George Kittle,TE,6200,16.79,369.26742108397866,1,7,29.4,1.2,210.88435374149657
225,Darren Fells,TE,3200,8.610000000000001,371.66085946573753,13,8,1.2,0.1,2666.666666666667
226,Dallas Goedert,TE,4300,11.12,386.6906474820144,8,9,10.5,1.05,409.5238095238095
227,Travis Kelce,TE,6500,16.78,387.36591179976165,2,10,28.2,0.92,230.49645390070918
228,Austin Hooper,TE,5000,12.81,390.3200624512101,7,11,5.0,1.19,1000.0
229,Hunter Henry,TE,5200,12.95,401.54440154440164,6,12,3.9,0.13,1333.3333333333333
230,Jonnu Smith,TE,3500,8.350000000000001,419.1616766467064,14,13,16.7,0.07,209.5808383233533
231,O.J. Howard,TE,3500,8.17,428.3965728274174,17,14,8.6,1.08,406.9767441860465
232,Kaden Smith,TE,3600,8.33,432.1728691476591,15,15,6.8,0.21,529.4117647058823
233,Jason Witten,TE,3700,8.25,448.4848484848485,16,16,13.6,0.06,272.0588235294117
234,Noah Fant,TE,4100,9.12,449.56140350877195,12,17,7.6,0.1,539.4736842105264
235,Logan Thomas,TE,2600,5.73,453.75218150087255,22,18,0.0,0.02,9999.0
236,Kyle Rudolph,TE,3800,7.99,475.5944931163955,18,19,7.8,0.09,487.1794871794871
237,Nick O'Leary,TE,3100,6.029999999999999,514.0961857379768,21,20,0.0,0.01,9999.0
238,Jesper Horsted,TE,2500,4.8100000000000005,519.7505197505197,27,21,0.9,0.02,9999.0
239,Tyler Eifert,TE,2800,5.359999999999999,522.3880597014926,25,22,7.4,0.03,378.3783783783784
240,Jesse James,TE,2500,4.75,526.3157894736842,28,23,0.0,0.0,9999.0
241,Jordan Akins,TE,3000,5.51,544.464609800363,23,24,2.7,0.02,1111.111111111111
242,Jeremy Sprinkle,TE,2700,4.619999999999999,584.4155844155845,29,25,3.3,0.01,818.1818181818182
243,David Njoku,TE,4200,7.16,586.5921787709498,19,26,0.0,0.05,9999.0
244,Jimmy Graham,TE,3600,6.109999999999999,589.1980360065468,20,27,1.0,0.03,9999.0
245,Blake Jarwin,TE,3000,4.93,608.5192697768762,26,28,6.0,0.01,500.0
246,Matt LaCosse,TE,2600,4.24,613.2075471698113,31,29,5.2,0.01,500.0
247,Cameron Brate,TE,3400,5.5,618.1818181818181,24,30,6.3,0.04,539.6825396825396
248,Anthony Firkser,TE,2700,4.3100000000000005,626.4501160092808,30,31,1.7,0.09,1588.235294117647
249,Jeff Heuerman,TE,2600,4.15,626.5060240963855,32,32,0.0,0.0,9999.0
250,Derek Carrier,TE,2500,3.32,753.0120481927713,34,33,0.0,0.0,9999.0
251,C.J. Uzomah,TE,2500,3.27,764.525993883792,35,34,0.0,0.0,9999.0
252,Maxx Williams,TE,2500,3.12,801.2820512820513,36,35,0.0,0.0,9999.0
253,Marcedes Lewis,TE,2500,3.0800000000000005,811.6883116883115,37,36,0.0,0.0,9999.0
254,Joshua Perkins,TE,2500,3.03,825.0825082508252,38,37,0.0,0.02,9999.0
255,Charles Clay,TE,3100,3.62,856.353591160221,33,38,0.0,0.0,9999.0
256,J.P. Holtz,TE,2500,2.67,936.3295880149813,39,39,0.0,0.0,9999.0
257,Demetrius Harris,TE,2900,2.46,1178.8617886178865,41,40,2.3,0.01,1260.8695652173915
258,Durham Smythe,TE,2500,2.03,1231.5270935960589,42,41,0.0,0.0,9999.0
259,Ryan Izzo,TE,2500,2.0,1250.0,43,42,0.0,0.0,9999.0
260,Andrew Beck,TE,2500,1.99,1256.2814070351758,44,43,0.0,0.0,9999.0
261,Ricky Seals-Jones,TE,3200,2.52,1269.8412698412699,40,44,16.9,0.03,189.3491124260356
262,Stephen Carlson,TE,2500,1.89,1322.7513227513227,45,45,0.0,0.0,9999.0
263,Jaeden Graham,TE,2800,1.89,1481.4814814814813,46,46,0.0,0.0,9999.0
264,Chris Manhertz,TE,2500,1.6800000000000002,1488.0952380952374,47,47,0.0,0.0,9999.0
265,Isaac Nauta,TE,2500,1.63,1533.7423312883434,48,48,0.0,0.0,9999.0
266,Robert Tonyan,TE,2500,1.62,1543.20987654321,49,49,0.0,0.0,9999.0
267,Clive Walford,TE,2500,1.61,1552.7950310559006,50,50,0.0,0.0,9999.0
268,Troy Fumagalli,TE,2500,1.61,1552.7950310559006,51,51,0.0,0.0,9999.0
269,Ben Koyack,TE,2500,1.58,1582.2784810126584,52,52,0.0,0.0,9999.0
270,Luke Stocker,TE,2500,1.4500000000000002,1724.1379310344823,53,53,0.0,0.0,9999.0
271,MyCole Pruitt,TE,2500,1.41,1773.0496453900707,54,54,0.0,0.0,9999.0
272,Virgil Green,TE,2500,1.31,1908.3969465648847,55,55,0.0,0.0,9999.0
273,Hale Hentges,TE,2500,1.23,2032.520325203252,56,56,0.0,0.0,9999.0
274,Jace Sternberger,TE,2500,1.23,2032.520325203252,57,57,0.0,0.0,9999.0
275,Tyler Conklin,TE,2500,1.23,2032.520325203252,58,58,0.0,0.0,9999.0
276,Scott Simonson,TE,2500,1.2200000000000002,2049.180327868852,59,59,0.0,0.0,9999.0
277,Tanner Hudson,TE,2500,1.1,2272.7272727272725,60,60,0.0,0.0,9999.0
278,Seth DeValve,TE,2500,1.07,2336.448598130841,61,61,0.0,0.0,9999.0
279,Luke Willson,TE,2500,1.06,2358.490566037736,62,62,0.0,0.0,9999.0
280,Deon Yelder,TE,2500,1.03,2427.184466019417,63,63,0.0,0.0,9999.0
92,Cethan Carter,TE,2700,1.7800000000000002,1516.8539325842694,56,53,0.0,0.0,9999.0
193,Austin Hooper,TE,4400,14.03,313.6136849607983,3,1,15.2,74.05,289.4736842105264
194,Noah Fant,TE,3700,10.78,343.2282003710575,9,2,3.0,0.71,1233.3333333333333
195,Jacob Hollister,TE,4200,10.81,388.52913968547654,8,3,11.4,8.39,368.4210526315789
196,Mike Gesicki,TE,3600,9.23,390.0325027085591,11,4,26.2,2.38,137.40458015267177
197,Jack Doyle,TE,4500,11.39,395.0834064969272,6,5,3.7,0.57,1216.2162162162165
198,Dallas Goedert,TE,4100,10.28,398.83268482490274,10,6,24.1,1.04,170.1244813278008
199,Darren Waller,TE,6100,15.14,402.9062087186262,2,7,7.7,0.36,792.2077922077922
200,Zach Ertz,TE,6400,15.85,403.78548895899047,1,8,6.8,7.55,941.1764705882354
201,Hunter Henry,TE,4700,11.12,422.66187050359713,7,9,9.5,0.93,494.73684210526324
202,Jared Cook,TE,5000,11.78,424.44821731748726,5,10,23.4,0.87,213.6752136752137
203,Kaden Smith,TE,3200,7.34,435.96730245231606,15,11,21.5,2.51,148.8372093023256
204,Mark Andrews,TE,5900,13.31,443.2757325319308,4,12,27.3,0.81,216.11721611721612
205,Greg Olsen,TE,3900,8.67,449.82698961937723,13,13,5.3,0.27,735.8490566037736
206,Jason Witten,TE,4000,8.820000000000002,453.5147392290248,12,14,3.4,0.25,1176.4705882352941
207,Jonnu Smith,TE,3800,7.960000000000001,477.3869346733668,14,15,15.3,0.4,248.36601307189545
208,Tyler Eifert,TE,3200,6.69,478.3258594917788,16,16,17.7,1.26,180.7909604519774
209,Jesse James,TE,2500,5.02,498.0079681274901,20,17,2.2,0.02,1136.3636363636365
210,Blake Jarwin,TE,2900,5.52,525.3623188405796,17,18,2.4,0.12,1208.3333333333335
211,Anthony Firkser,TE,2500,4.49,556.7928730512249,23,19,0.0,0.01,9999.0
212,Logan Thomas,TE,2600,4.550000000000002,571.4285714285712,21,20,3.7,0.01,702.7027027027028
213,Jeremy Sprinkle,TE,2600,4.54,572.6872246696038,22,21,3.4,0.01,764.7058823529413
214,Daniel Brown,TE,2600,4.36,596.3302752293578,24,22,0.0,0.01,9999.0
215,C.J. Uzomah,TE,2500,4.19,596.6587112171837,26,23,0.0,0.0,9999.0
216,Vance McDonald,TE,3100,5.109999999999999,606.6536203522505,18,24,3.9,0.03,794.8717948717949
217,Hayden Hurst,TE,3100,5.07,611.4398422090727,19,25,1.9,0.08,1631.578947368421
218,Seth DeValve,TE,2500,3.66,683.0601092896175,30,26,0.0,0.0,9999.0
219,Ricky Seals-Jones,TE,3000,4.35,689.6551724137931,25,27,3.3,0.01,909.0909090909092
220,Nick Boyle,TE,2800,4.0,700.0,28,28,5.4,0.06,518.5185185185185
221,Demetrius Harris,TE,2500,3.54,706.2146892655368,31,29,0.0,0.0,9999.0
222,Jeff Heuerman,TE,2500,3.46,722.5433526011561,33,30,3.3,0.04,757.5757575757576
223,Nick O'Leary,TE,2800,3.84,729.1666666666665,29,31,0.0,0.02,9999.0
224,Ian Thomas,TE,3100,4.15,746.9879518072287,27,32,4.6,0.03,673.9130434782609
225,Clive Walford,TE,2500,3.3400000000000003,748.5029940119757,35,33,0.0,0.0,9999.0
226,Derek Carrier,TE,2500,2.91,859.1065292096222,36,34,0.0,0.0,9999.0
227,Charles Clay,TE,3100,3.51,883.1908831908831,32,35,2.6,0.01,1192.3076923076926
228,Josh Hill,TE,3200,3.45,927.5362318840581,34,36,0.0,0.05,9999.0
229,Dan Arnold,TE,2700,2.45,1102.0408163265306,38,37,3.0,0.01,900.0
230,Joshua Perkins,TE,2500,2.22,1126.1261261261266,39,38,0.0,0.01,9999.0
231,Troy Fumagalli,TE,2500,2.21,1131.2217194570135,40,39,0.0,0.0,9999.0
232,Maxx Williams,TE,2500,2.17,1152.073732718894,41,40,0.0,0.0,9999.0
233,Luke Stocker,TE,2500,2.16,1157.4074074074076,42,41,0.0,0.0,9999.0
234,Nick Vannett,TE,2900,2.47,1174.089068825911,37,42,2.8,0.01,1035.7142857142858
235,Cethan Carter,TE,2700,2.01,1343.2835820895525,43,43,0.0,0.0,9999.0
236,Andrew Beck,TE,2500,1.84,1358.695652173913,45,44,0.0,0.0,9999.0
237,Luke Willson,TE,2500,1.66,1506.024096385542,46,45,0.0,0.02,9999.0
238,Jaeden Graham,TE,2500,1.66,1506.0240963855426,47,46,0.0,0.01,9999.0
239,Mo Alie-Cox,TE,2500,1.64,1524.390243902439,48,47,0.0,0.0,9999.0
240,Virgil Green,TE,2500,1.52,1644.7368421052633,49,48,0.0,0.0,9999.0
241,Ross Travis,TE,2500,1.48,1689.1891891891892,50,49,0.0,0.0,9999.0
242,Isaac Nauta,TE,2500,1.44,1736.111111111111,51,50,0.0,0.01,9999.0
243,David Njoku,TE,3500,2.01,1741.2935323383088,44,51,0.0,0.06,9999.0
244,Scott Simonson,TE,2500,1.32,1893.9393939393933,52,52,0.0,0.0,9999.0
245,Durham Smythe,TE,2500,1.25,2000.0,53,53,0.0,0.0,9999.0
246,MyCole Pruitt,TE,2500,1.16,2155.172413793104,54,54,0.0,0.0,9999.0
247,Hale Hentges,TE,2500,1.05,2380.952380952381,55,55,0.0,0.0,9999.0
