,Player,POS,Team,ATT_MAX,ATT_MIN,ATT_MID,YDS_MAX,YDS_MIN,YDS_MID,TDS_MAX,TDS_MIN,TDS_MID,REC_MAX,REC_MIN,REC_MID,YDS.1_MAX,YDS.1_MIN,YDS.1_MID,TDS.1_MAX,TDS.1_MIN,TDS.1_MID,FL_MAX,FL_MIN,FL_MID,FPTS_MAX,FPTS_MIN,FPTS_MID,Week,Year,Position
0,Christian McCaffrey,RB1,CAR,351.4,250.2,297.7,1615.6,1066.4,1304.2,13.0,10.4,12.1,109.0,85.8,96.9,938.0,683.0,787.9,5.0,2.5,4.3,1.0,4.0,2.5,338.6,250.6,302.2,draft,2021,FLEX
1,Dalvin Cook,RB2,MIN,340.6,296.0,317.4,1600.3,1353.7,1490.2,15.0,11.6,13.0,66.2,46.0,56.0,574.7,385.0,481.7,3.4,1.0,2.0,1.8,4.0,2.9,311.6,251.1,281.2,draft,2021,FLEX
2,Derrick Henry,RB3,TEN,366.9,323.0,344.4,1770.7,1557.4,1687.0,16.2,13.4,14.4,30.9,21.0,25.8,238.1,145.0,191.8,1.6,1.0,1.2,1.3,4.0,2.7,304.2,259.5,275.8,draft,2021,FLEX
3,Alvin Kamara,RB4,NO,234.0,177.0,206.9,1068.9,813.0,945.7,12.5,7.4,9.7,88.0,72.4,77.9,677.0,655.0,666.4,4.2,3.0,3.4,0.8,3.0,1.9,271.6,217.6,236.2,draft,2021,FLEX
4,Saquon Barkley,RB5,NYG,289.7,241.0,272.9,1334.2,1156.0,1261.8,11.0,8.0,9.4,65.7,50.0,57.8,490.9,422.0,448.2,2.9,1.0,2.0,0.7,3.0,1.8,265.8,217.8,235.7,draft,2021,FLEX
5,Jonathan Taylor,RB6,IND,298.8,253.0,275.3,1405.9,1215.0,1280.6,14.6,8.0,11.0,51.0,34.9,42.3,404.0,264.1,325.6,2.0,1.6,1.9,0.9,3.0,1.9,264.6,214.0,234.0,draft,2021,FLEX
6,Tyreek Hill,WR1,KC,15.0,9.5,12.9,96.4,51.9,81.8,1.0,0.4,0.8,111.3,93.0,100.7,1599.0,1296.0,1440.3,13.8,10.2,12.2,0.4,1.0,0.7,250.1,213.7,229.3,draft,2021,FLEX
7,Nick Chubb,RB7,CLE,312.3,222.0,274.3,1644.0,1110.0,1374.5,13.1,10.0,11.1,34.7,22.0,28.6,280.4,198.0,226.9,1.5,0.0,1.0,0.9,3.0,1.9,257.8,198.3,228.7,draft,2021,FLEX
8,Aaron Jones,RB8,GB,266.7,205.8,231.1,1235.9,1003.7,1120.1,11.4,8.6,10.3,57.2,44.0,50.1,437.0,342.0,392.0,3.0,2.0,2.6,1.3,3.0,2.1,244.1,209.6,224.3,draft,2021,FLEX
9,Ezekiel Elliott,RB9,DAL,299.0,266.7,282.1,1235.0,1121.6,1204.5,10.0,8.0,9.5,58.9,45.0,51.9,468.8,310.0,383.5,3.4,2.0,2.3,1.9,4.0,2.9,245.8,219.0,223.9,draft,2021,FLEX
10,Davante Adams,WR2,GB,0.0,0.0,0.0,0.0,0.0,0.0,0.0,0.0,0.0,134.0,114.1,123.6,1666.0,1337.8,1492.7,15.0,11.0,12.6,0.6,1.0,0.8,256.6,205.6,223.3,draft,2021,FLEX
11,Joe Mixon,RB10,CIN,303.6,261.6,278.1,1334.9,1050.5,1172.1,9.3,7.5,8.2,54.7,48.0,50.2,410.6,339.0,368.3,5.0,1.9,2.9,1.0,3.0,2.0,244.9,193.7,216.5,draft,2021,FLEX
12,Najee Harris,RB11,PIT,297.9,237.0,259.5,1390.5,1029.0,1153.4,11.3,6.0,8.6,63.0,42.0,49.8,466.0,308.6,368.3,3.0,1.8,2.2,1.1,4.0,2.6,247.7,193.8,212.1,draft,2021,FLEX
13,Antonio Gibson,RB12,WAS,293.0,218.0,245.4,1340.1,991.0,1103.3,11.4,9.0,9.9,48.0,42.0,45.6,363.4,275.0,331.8,2.0,0.0,1.4,1.2,3.0,2.1,247.3,186.6,206.8,draft,2021,FLEX
14,Austin Ekeler,RB13,LAC,215.6,156.0,180.8,995.7,699.0,822.2,7.2,3.0,4.7,93.0,74.7,80.4,906.0,611.0,698.8,8.0,2.9,4.9,1.1,2.0,1.6,234.7,183.2,206.8,draft,2021,FLEX
15,Stefon Diggs,WR3,BUF,4.7,0.0,2.4,27.0,0.0,15.5,0.2,0.0,0.1,129.7,100.0,113.6,1581.0,1343.0,1479.6,11.3,8.0,9.2,0.5,2.0,1.2,227.0,182.3,202.7,draft,2021,FLEX
16,Travis Kelce,TE1,KC,0.0,0.0,0.0,0.0,0.0,0.0,0.0,0.0,0.0,124.0,95.0,112.6,1535.0,1220.0,1405.5,11.0,8.0,10.1,0.6,1.0,0.8,219.5,170.0,199.8,draft,2021,FLEX
17,Calvin Ridley,WR4,ATL,6.1,4.0,4.8,31.3,22.9,26.3,0.2,0.0,0.1,106.6,95.4,99.7,1507.4,1380.0,1425.8,11.0,7.6,9.1,0.6,1.0,0.8,210.5,185.4,198.7,draft,2021,FLEX
18,D'Andre Swift,RB14,DET,246.3,188.0,206.6,1120.9,811.3,905.8,11.0,5.9,8.4,69.0,46.0,60.0,531.0,339.0,447.1,2.4,2.0,2.1,1.7,3.0,2.3,225.9,168.4,193.3,draft,2021,FLEX
19,Clyde Edwards-Helaire,RB15,KC,250.6,203.8,221.3,1143.8,896.2,996.0,8.5,6.0,7.2,57.8,44.0,50.5,426.1,361.0,390.4,3.3,1.0,2.2,0.5,3.0,1.8,228.2,176.3,191.6,draft,2021,FLEX
20,Chris Carson,RB16,SEA,265.8,201.0,228.2,1203.2,945.0,1045.5,8.1,6.0,7.3,46.0,39.3,43.4,337.3,285.1,321.1,3.0,1.9,2.4,1.2,3.0,2.1,217.6,181.8,190.8,draft,2021,FLEX
21,JK Dobbins,RB17,BAL,244.1,189.0,209.7,1186.0,943.1,1066.1,11.0,7.0,9.3,36.0,26.0,31.2,287.5,177.0,237.5,2.2,0.0,1.2,1.1,2.0,1.6,219.0,162.2,190.3,draft,2021,FLEX
22,DeAndre Hopkins,WR5,ARI,2.0,0.0,0.9,10.0,0.0,4.4,0.0,0.0,0.0,134.0,112.0,121.7,1543.0,1371.5,1461.6,9.0,7.0,7.6,0.9,2.0,1.5,208.2,178.5,189.0,draft,2021,FLEX
23,Josh Jacobs,RB18,LV,265.0,227.0,249.8,1187.4,977.0,1068.2,10.6,8.0,9.4,34.4,27.0,31.5,259.2,202.0,236.3,1.4,0.0,0.9,1.0,3.0,2.0,214.4,174.6,188.2,draft,2021,FLEX
24,DK Metcalf,WR6,SEA,1.0,0.0,0.3,5.0,0.0,1.3,0.0,0.0,0.0,94.5,81.0,86.6,1380.0,1246.0,1305.1,10.0,9.8,9.9,0.7,2.0,1.4,194.7,184.6,187.5,draft,2021,FLEX
25,David Montgomery,RB19,CHI,286.1,228.0,249.5,1251.6,932.0,1044.7,10.3,6.0,7.9,40.0,35.0,37.5,311.0,284.0,297.1,2.0,1.0,1.5,0.9,3.0,1.9,226.1,168.7,186.9,draft,2021,FLEX
26,Justin Jefferson,WR7,MIN,1.0,0.0,0.4,3.8,0.0,1.5,0.0,0.0,0.0,101.6,89.4,94.5,1566.0,1270.0,1399.4,9.0,7.0,7.9,0.5,1.0,0.8,201.0,171.1,185.9,draft,2021,FLEX
27,Miles Sanders,RB20,PHI,238.4,196.0,217.8,1109.9,922.0,1044.9,8.1,5.0,6.4,53.7,34.0,43.8,459.8,244.0,362.4,2.5,1.0,1.7,1.7,2.0,1.8,215.6,152.6,185.9,draft,2021,FLEX
28,AJ Brown,WR8,TEN,2.0,0.0,0.5,30.0,0.0,7.5,0.0,0.0,0.0,98.7,72.0,84.6,1410.5,1156.0,1269.2,11.0,9.0,9.8,0.8,1.0,0.9,198.6,169.6,184.7,draft,2021,FLEX
29,Darrell Henderson,RB21,LAR,297.9,167.0,230.6,1256.0,719.0,988.6,9.8,5.0,7.4,36.3,26.0,32.7,291.7,233.0,273.9,2.1,1.0,1.7,0.7,3.0,1.9,226.1,142.5,177.0,draft,2021,FLEX
30,Myles Gaskin,RB22,MIA,249.5,187.0,215.9,1114.5,787.0,917.4,9.6,4.0,6.1,52.0,41.3,48.2,427.0,274.9,372.6,2.0,1.9,2.0,1.1,3.0,2.1,204.8,157.4,173.2,draft,2021,FLEX
31,Keenan Allen,WR9,LAC,8.0,0.0,3.0,42.6,0.0,16.3,0.4,0.0,0.1,119.0,104.8,111.4,1322.0,1093.3,1207.9,9.0,6.5,7.9,0.9,1.0,1.0,187.2,148.3,168.2,draft,2021,FLEX
32,Mike Evans,WR10,TB,0.0,0.0,0.0,0.0,0.0,0.0,0.0,0.0,0.0,85.2,66.0,76.1,1250.1,1019.0,1115.8,11.0,9.0,9.6,0.3,1.0,0.7,178.8,155.9,167.6,draft,2021,FLEX
33,Mike Davis,RB23,ATL,270.5,209.0,227.0,1149.1,742.0,895.3,9.2,5.0,6.6,67.0,37.6,48.8,425.0,237.3,311.9,3.0,1.0,1.7,0.7,3.0,1.9,201.5,153.0,166.6,draft,2021,FLEX
34,Amari Cooper,WR11,DAL,4.3,0.0,2.6,24.2,0.0,11.8,0.1,0.0,0.0,98.1,86.0,92.8,1344.2,1138.0,1220.5,8.0,7.0,7.4,0.5,1.0,0.8,177.9,157.1,166.1,draft,2021,FLEX
35,Terry McLaurin,WR12,WAS,4.3,0.0,1.8,22.6,0.0,12.1,0.2,0.0,0.1,99.7,86.0,91.4,1305.5,1152.0,1235.9,8.0,6.0,6.8,0.5,1.0,0.7,175.8,151.2,164.3,draft,2021,FLEX
36,Michael Thomas,WR13,NO,1.0,0.0,0.3,0.0,-4.0,-1.0,0.0,0.0,0.0,117.0,93.0,103.9,1338.0,1075.0,1237.0,7.6,6.0,6.7,0.5,1.0,0.8,175.4,143.5,162.4,draft,2021,FLEX
37,Allen Robinson,WR14,CHI,1.0,0.0,0.3,1.0,0.0,0.3,0.0,0.0,0.0,102.3,93.8,98.3,1276.0,1172.4,1218.8,8.0,5.6,6.9,0.4,1.0,0.7,175.7,150.0,161.8,draft,2021,FLEX
38,Robert Woods,WR15,LAR,22.0,16.3,18.3,147.0,83.7,113.3,1.3,0.7,1.0,109.0,92.0,98.9,1154.0,1041.1,1091.8,7.6,5.0,6.0,0.6,1.0,0.8,172.1,153.1,161.0,draft,2021,FLEX
39,Adam Thielen,WR16,MIN,5.0,0.0,3.2,28.1,0.0,14.5,1.0,0.0,0.3,89.0,76.0,81.1,1129.3,959.0,1033.9,11.0,7.8,9.2,0.5,1.0,0.7,169.4,155.3,160.2,draft,2021,FLEX
40,George Kittle,TE2,SF,0.0,0.0,0.0,0.0,0.0,0.0,0.0,0.0,0.0,120.0,82.9,96.7,1502.0,1048.7,1213.3,7.3,5.8,6.5,0.3,1.0,0.7,192.2,143.2,159.2,draft,2021,FLEX
41,Chase Edmonds,RB24,ARI,187.3,153.3,173.2,830.0,687.3,770.8,7.3,4.0,4.9,61.0,46.5,52.2,431.0,331.3,382.0,4.0,2.0,2.9,1.0,2.0,1.5,167.4,148.3,159.1,draft,2021,FLEX
42,CeeDee Lamb,WR17,DAL,12.9,0.0,8.5,93.0,0.0,61.4,1.0,0.0,0.6,94.5,77.0,84.3,1295.7,962.0,1100.2,7.0,6.0,6.6,0.6,1.0,0.8,168.2,145.6,158.2,draft,2021,FLEX
43,Darren Waller,TE3,LV,0.0,0.0,0.0,0.0,0.0,0.0,0.0,0.0,0.0,109.7,94.0,100.4,1217.0,1077.6,1148.5,7.6,7.0,7.1,0.7,1.0,0.9,164.0,148.0,155.9,draft,2021,FLEX
44,Tyler Lockett,WR18,SEA,4.4,0.0,1.6,23.9,-1.0,5.7,0.1,0.0,0.0,99.4,84.5,92.5,1091.0,1012.0,1055.7,9.3,7.3,8.4,0.5,1.0,0.7,163.0,147.4,155.3,draft,2021,FLEX
45,DJ Moore,WR19,CAR,5.0,0.0,3.1,34.0,0.0,20.1,0.2,0.0,0.1,90.8,76.0,82.9,1280.0,1088.0,1200.6,7.0,4.6,5.4,0.6,1.0,0.8,164.5,138.8,153.3,draft,2021,FLEX
46,Julio Jones,WR20,TEN,2.0,0.0,0.5,0.0,-2.0,-0.5,0.0,0.0,0.0,88.7,69.0,78.2,1210.0,981.0,1107.3,8.0,6.0,7.2,0.3,1.0,0.7,168.8,134.1,152.9,draft,2021,FLEX
47,Cooper Kupp,WR21,LAR,4.6,3.0,4.0,26.1,21.0,23.8,0.2,0.0,0.1,104.0,80.0,93.6,1115.0,1011.0,1071.4,8.5,5.4,7.2,0.5,1.0,0.7,163.9,139.9,151.9,draft,2021,FLEX
48,Chris Godwin,WR22,TB,1.0,0.0,0.3,8.0,0.0,2.0,0.0,0.0,0.0,94.2,72.0,82.3,1178.5,965.0,1077.3,8.1,6.7,7.4,0.6,1.0,0.8,164.9,144.5,151.0,draft,2021,FLEX
49,Odell Beckham,WR23,CLE,17.0,0.0,5.8,166.0,0.0,51.7,1.0,0.0,0.3,83.0,62.0,71.8,1128.9,918.0,1011.0,8.2,5.0,6.6,0.4,1.0,0.7,162.0,142.0,146.5,draft,2021,FLEX
50,Kareem Hunt,RB25,CLE,173.0,135.2,154.6,773.0,587.5,684.4,7.0,4.4,5.5,41.9,35.0,38.8,342.6,282.0,316.5,3.0,2.0,2.5,0.6,2.0,1.3,165.5,137.1,145.9,draft,2021,FLEX
51,Courtland Sutton,WR24,DEN,4.0,0.0,1.7,22.0,0.0,9.4,0.1,0.0,0.0,76.6,72.7,74.1,1101.0,1023.2,1057.1,8.0,5.5,6.7,0.5,1.0,0.8,160.3,135.0,145.5,draft,2021,FLEX
52,Kenny Golladay,WR25,NYG,0.0,0.0,0.0,0.0,0.0,0.0,0.0,0.0,0.0,80.9,64.0,70.9,1135.9,991.0,1057.8,8.0,6.0,6.7,0.4,1.0,0.7,151.3,135.1,144.5,draft,2021,FLEX
53,Tee Higgins,WR26,CIN,5.0,0.0,2.3,27.0,0.0,12.3,0.1,0.0,0.0,86.0,75.0,79.2,1137.9,1002.9,1062.4,7.0,6.0,6.4,0.5,1.0,0.8,152.0,138.0,144.3,draft,2021,FLEX
54,Brandon Aiyuk,WR27,SF,28.0,6.0,14.1,157.0,31.2,79.8,1.0,0.2,0.7,80.0,61.0,73.0,1041.0,795.0,929.8,7.4,5.0,6.4,0.4,1.0,0.7,167.8,122.7,141.9,draft,2021,FLEX
55,Ja'Marr Chase,WR28,CIN,3.9,0.0,1.5,23.7,0.0,8.2,0.1,0.0,0.0,83.1,64.0,73.3,1210.0,879.0,1063.0,6.5,6.0,6.1,0.5,2.0,1.2,157.9,123.9,141.7,draft,2021,FLEX
56,Travis Etienne,RB26,JAC,151.7,106.0,130.6,680.4,454.0,581.8,5.0,3.0,4.1,73.0,44.0,60.2,621.0,319.0,479.8,3.0,2.0,2.6,3.0,3.0,3.0,171.2,107.3,140.6,draft,2021,FLEX
57,Javonte Williams,RB27,DEN,203.6,159.0,188.3,899.2,715.0,836.0,7.3,4.8,5.5,29.3,17.0,26.1,250.0,144.0,202.4,1.3,1.0,1.1,0.9,3.0,2.0,157.1,121.9,139.5,draft,2021,FLEX
58,Raheem Mostert,RB28,SF,164.0,144.0,155.6,871.0,720.5,774.4,7.1,5.0,6.1,27.0,22.2,23.8,245.0,181.4,207.7,2.0,1.0,1.3,0.8,2.0,1.4,165.6,130.8,139.4,draft,2021,FLEX
59,Damien Harris,RB29,NE,234.3,188.0,205.3,1091.0,845.0,960.4,7.6,4.0,5.6,19.7,3.0,12.1,156.6,30.0,91.9,0.7,0.0,0.3,0.8,2.0,1.4,158.2,121.9,138.1,draft,2021,FLEX
60,Chase Claypool,WR29,PIT,24.0,0.0,8.2,130.0,0.0,43.9,2.0,0.0,0.6,83.4,54.0,70.0,1020.5,765.0,900.4,8.0,6.0,6.9,0.7,1.0,0.9,157.2,112.5,137.8,draft,2021,FLEX
61,Diontae Johnson,WR30,PIT,6.0,3.7,4.4,33.0,19.7,27.2,0.2,0.0,0.1,100.0,88.0,94.7,1009.0,963.9,985.7,7.5,5.8,6.3,0.9,2.0,1.4,140.8,137.1,136.8,draft,2021,FLEX
62,James Robinson,RB30,JAC,202.0,164.0,182.7,900.0,701.9,798.3,7.0,4.7,5.5,40.0,15.0,29.3,285.0,105.0,209.9,1.2,0.7,1.0,0.9,2.0,1.5,156.2,110.8,136.6,draft,2021,FLEX
63,DJ Chark,WR31,JAC,1.0,0.0,0.3,13.0,0.0,3.3,0.0,0.0,0.0,84.0,70.4,74.5,1095.0,952.0,993.4,8.0,5.5,6.3,0.3,1.0,0.6,158.8,127.8,136.4,draft,2021,FLEX
64,Brandin Cooks,WR32,HOU,3.0,0.0,0.8,27.0,0.0,6.8,0.0,0.0,0.0,78.8,68.0,73.5,1099.2,966.5,1036.4,6.0,4.7,5.2,0.3,1.0,0.7,144.7,127.6,134.4,draft,2021,FLEX
65,David Johnson,RB31,HOU,167.0,133.1,147.8,734.0,521.0,619.2,5.7,4.0,4.7,44.0,29.2,35.9,386.0,226.3,322.5,4.0,1.3,2.3,0.9,2.0,1.5,154.0,107.1,133.1,draft,2021,FLEX
66,Deebo Samuel,WR33,SF,20.0,5.8,13.2,200.0,29.6,98.3,2.0,0.0,0.7,74.0,69.0,71.8,982.8,859.0,918.2,5.3,4.0,4.8,0.6,1.0,0.8,152.5,122.6,133.0,draft,2021,FLEX
67,Mark Andrews,TE4,BAL,0.0,0.0,0.0,0.0,0.0,0.0,0.0,0.0,0.0,75.6,66.0,69.7,899.5,816.0,850.4,9.0,7.0,8.1,0.7,1.0,0.9,139.2,123.6,132.1,draft,2021,FLEX
68,Robby Anderson,WR34,CAR,3.7,0.0,2.5,20.3,0.0,12.3,0.2,0.0,0.1,84.3,75.0,80.3,1028.0,939.2,989.8,6.3,4.4,5.2,0.6,1.0,0.8,134.0,127.7,130.1,draft,2021,FLEX
69,Leonard Fournette,RB32,TB,178.0,155.0,166.4,723.4,635.0,682.0,8.0,5.0,6.4,50.0,21.0,31.0,356.0,141.0,212.8,1.1,0.0,0.8,0.5,2.0,1.2,153.3,113.6,129.9,draft,2021,FLEX
70,JuJu Smith-Schuster,WR35,PIT,0.0,0.0,0.0,0.0,0.0,0.0,0.0,0.0,0.0,103.0,80.0,90.0,959.0,841.7,907.2,7.0,6.4,6.8,0.8,1.0,0.9,137.9,122.2,129.5,draft,2021,FLEX
71,Jerry Jeudy,WR36,DEN,0.0,0.0,0.0,0.0,0.0,0.0,0.0,0.0,0.0,75.7,61.0,69.0,1072.0,879.0,985.5,5.6,5.0,5.2,0.7,1.0,0.8,137.2,117.9,128.3,draft,2021,FLEX
72,Michael Gallup,WR37,DAL,0.0,0.0,0.0,0.0,0.0,0.0,0.0,0.0,0.0,66.9,60.0,63.3,981.6,875.0,931.6,6.6,5.0,5.9,0.2,1.0,0.6,137.1,123.5,127.3,draft,2021,FLEX
73,Tyler Boyd,WR38,CIN,4.0,0.0,2.1,36.0,0.0,15.6,0.1,0.0,0.0,89.0,79.0,83.3,1010.0,865.0,925.7,6.0,4.7,5.3,0.6,1.0,0.8,140.6,116.5,124.4,draft,2021,FLEX
74,Marquise Brown,WR39,BAL,2.8,0.0,1.8,14.5,0.0,9.4,0.2,0.0,0.1,63.5,57.4,60.5,870.9,742.2,814.5,8.0,6.1,6.9,0.2,1.0,0.6,135.8,112.9,123.0,draft,2021,FLEX
75,Melvin Gordon,RB33,DEN,204.0,152.5,168.9,905.0,667.0,744.1,7.0,4.0,5.5,25.3,20.0,21.8,176.3,116.0,140.5,1.0,0.9,1.0,1.8,3.0,2.4,150.1,111.8,122.4,draft,2021,FLEX
76,Zack Moss,RB34,BUF,178.0,133.9,156.9,785.0,571.0,670.8,6.7,4.2,5.7,34.0,10.0,24.5,252.8,61.0,176.0,1.7,0.0,0.9,0.3,2.0,1.2,144.4,105.6,122.4,draft,2021,FLEX
77,Curtis Samuel,WR40,WAS,53.0,8.7,24.7,265.0,46.8,129.1,2.0,0.4,1.1,73.9,51.0,63.3,876.6,613.0,745.9,6.0,4.0,4.9,0.4,1.0,0.7,138.3,99.9,121.8,draft,2021,FLEX
78,Ronald Jones,RB35,TB,179.6,151.0,166.8,806.0,692.0,749.4,6.7,5.0,5.5,21.1,14.0,17.8,143.1,102.7,124.4,1.0,0.0,0.4,0.8,2.0,1.4,132.8,113.0,120.1,draft,2021,FLEX
79,Laviska Shenault,WR41,JAC,31.0,13.0,20.2,193.0,55.0,112.3,1.0,0.0,0.6,79.7,58.0,70.2,893.6,677.0,773.6,5.0,4.7,4.9,0.4,1.0,0.7,129.2,103.2,119.8,draft,2021,FLEX
80,Jarvis Landry,WR42,CLE,4.7,0.0,2.0,28.7,0.0,10.1,1.0,0.0,0.3,77.7,68.0,73.4,970.0,828.0,880.1,5.6,4.0,5.0,0.6,1.0,0.8,134.1,106.8,119.4,draft,2021,FLEX
81,Kyle Pitts,TE5,ATL,0.0,0.0,0.0,0.0,0.0,0.0,0.0,0.0,0.0,77.5,62.0,69.0,889.2,767.0,832.5,7.0,5.7,6.4,0.5,2.0,1.2,129.3,112.7,119.1,draft,2021,FLEX
82,DeVante Parker,WR43,MIA,0.0,0.0,0.0,0.0,0.0,0.0,0.0,0.0,0.0,72.7,60.8,67.1,972.0,743.0,857.8,7.0,4.2,5.7,0.4,1.0,0.7,133.2,98.6,118.8,draft,2021,FLEX
83,Mike Williams,WR44,LAC,1.0,0.0,0.3,2.0,0.0,0.5,0.0,0.0,0.0,59.9,47.0,53.5,960.0,735.0,879.0,5.9,4.0,5.2,0.2,1.0,0.6,131.0,103.5,117.8,draft,2021,FLEX
84,DeVonta Smith,WR45,PHI,2.1,0.0,1.0,12.6,0.0,6.2,0.1,0.0,0.0,71.2,56.0,63.7,961.9,754.0,900.2,5.2,4.0,4.8,0.4,2.0,1.2,127.7,99.4,117.2,draft,2021,FLEX
85,TY Hilton,WR46,IND,0.0,0.0,0.0,0.0,0.0,0.0,0.0,0.0,0.0,72.0,56.2,62.2,911.0,778.9,828.2,8.0,5.0,5.8,0.2,1.0,0.6,139.1,107.6,116.3,draft,2021,FLEX
86,Will Fuller,WR47,MIA,0.0,0.0,0.0,0.0,0.0,0.0,0.0,0.0,0.0,80.0,48.0,66.8,984.0,646.0,850.0,6.2,4.0,5.3,0.3,1.0,0.6,134.4,88.6,115.6,draft,2021,FLEX
87,James Conner,RB36,ARI,166.4,132.0,142.9,710.4,563.2,632.6,6.6,4.5,5.5,28.3,17.0,22.4,203.1,116.0,155.9,1.0,0.0,0.7,0.8,2.0,1.4,134.3,100.3,113.4,draft,2021,FLEX
88,TJ Hockenson,TE6,DET,0.0,0.0,0.0,0.0,0.0,0.0,0.0,0.0,0.0,80.6,68.0,75.1,889.0,787.0,834.2,5.6,5.0,5.2,0.5,1.0,0.8,118.9,108.7,113.1,draft,2021,FLEX
89,Trey Sermon,RB37,SF,165.4,114.6,140.0,746.8,505.3,636.3,6.8,3.7,5.1,21.1,17.0,19.5,171.0,149.5,159.0,1.2,0.8,1.0,0.5,3.0,1.8,136.6,91.2,112.7,draft,2021,FLEX
90,Gus Edwards,RB38,BAL,169.0,140.1,152.0,877.0,643.1,738.7,6.0,4.0,5.0,12.7,8.0,10.6,94.6,87.0,90.8,0.8,0.0,0.3,0.6,2.0,1.3,121.1,103.5,111.9,draft,2021,FLEX
91,Kenyan Drake,RB39,LV,155.0,113.4,137.3,626.0,480.7,571.2,6.0,4.0,4.6,51.7,27.8,35.1,379.1,188.0,247.7,1.9,0.0,0.8,0.8,2.0,1.4,120.9,101.3,111.5,draft,2021,FLEX
92,Corey Davis,WR48,NYJ,0.0,0.0,0.0,0.0,0.0,0.0,0.0,0.0,0.0,71.0,67.0,68.1,928.1,848.0,885.5,5.0,3.0,4.1,0.5,1.0,0.8,118.1,102.8,111.4,draft,2021,FLEX
93,Marvin Jones,WR49,JAC,1.0,0.0,0.3,0.0,0.0,0.0,0.0,0.0,0.0,81.0,41.0,60.4,878.0,562.0,768.1,8.0,3.0,5.4,0.2,1.0,0.6,135.8,74.2,107.8,draft,2021,FLEX
94,Mecole Hardman,WR50,KC,7.0,5.0,6.4,49.3,34.3,43.7,0.3,0.0,0.1,55.1,49.0,51.8,800.9,667.0,722.5,7.0,4.7,5.5,0.4,3.0,1.7,118.4,100.9,106.7,draft,2021,FLEX
95,Latavius Murray,RB40,NO,166.0,127.5,141.6,678.0,529.3,602.0,5.0,2.7,4.1,29.0,21.2,25.6,197.0,162.0,184.0,1.0,0.9,1.0,0.5,2.0,1.2,118.9,93.8,106.6,draft,2021,FLEX
96,Michael Carter,RB41,NYJ,175.0,116.5,139.4,727.0,486.7,586.1,5.0,3.1,3.9,35.2,11.0,26.7,271.0,82.0,204.2,1.7,0.0,0.9,0.6,3.0,1.8,135.8,85.8,104.2,draft,2021,FLEX
97,Antonio Brown,WR51,TB,6.0,0.0,2.0,33.0,0.0,11.4,0.1,0.0,0.0,71.0,38.0,60.3,747.7,481.0,674.3,7.0,4.0,6.0,0.3,1.0,0.6,118.6,72.1,103.1,draft,2021,FLEX
98,Henry Ruggs,WR52,LV,13.1,0.0,7.6,73.6,0.0,42.0,0.3,0.0,0.1,55.8,44.0,49.4,822.6,646.0,759.9,4.7,3.9,4.1,0.4,3.0,1.7,118.6,88.6,102.5,draft,2021,FLEX
99,Jamaal Williams,RB42,DET,135.0,125.0,130.0,558.0,493.0,526.9,4.0,2.9,3.3,44.0,28.4,35.3,296.0,187.4,240.2,2.0,1.0,1.3,0.3,2.0,1.2,108.9,99.1,102.1,draft,2021,FLEX
100,Jaylen Waddle,WR53,MIA,2.0,0.0,1.0,12.3,0.0,5.6,0.1,0.0,0.0,66.5,41.0,57.2,867.0,535.0,758.1,5.1,4.0,4.7,0.4,2.0,1.2,117.7,77.5,102.1,draft,2021,FLEX
101,Cole Beasley,WR54,BUF,0.0,0.0,0.0,0.0,0.0,0.0,0.0,0.0,0.0,79.0,54.0,65.1,894.0,635.0,751.1,5.0,4.0,4.5,0.2,1.0,0.6,119.4,87.5,100.8,draft,2021,FLEX
102,AJ Dillon,RB43,GB,160.0,110.0,140.4,726.0,551.0,633.9,5.0,4.0,4.4,22.4,1.0,14.4,171.1,10.0,110.1,1.0,0.0,0.5,0.8,2.0,1.4,110.1,90.7,100.8,draft,2021,FLEX
103,Tyrell Williams,WR55,DET,0.0,0.0,0.0,0.0,0.0,0.0,0.0,0.0,0.0,56.0,51.4,53.9,918.0,690.7,781.1,5.0,3.5,4.0,0.4,1.0,0.7,121.8,89.7,100.7,draft,2021,FLEX
104,Dallas Goedert,TE7,PHI,0.0,0.0,0.0,0.0,0.0,0.0,0.0,0.0,0.0,70.7,60.0,64.5,766.5,655.0,712.6,6.2,4.4,5.1,0.4,1.0,0.7,113.1,95.5,100.6,draft,2021,FLEX
105,Breshad Perriman,WR56,DET,3.8,0.0,1.9,22.5,0.0,11.3,0.1,0.0,0.0,59.0,46.0,51.4,769.2,736.1,751.1,4.0,3.7,3.9,0.0,0.2,0.1,102.5,97.5,99.6,draft,2021,FLEX
106,Michael Pittman,WR57,IND,5.0,0.9,3.4,40.0,4.8,22.5,0.2,0.0,0.0,66.0,44.0,56.6,958.0,585.0,743.9,5.2,3.0,4.0,0.4,1.0,0.7,123.8,78.4,99.6,draft,2021,FLEX
107,Robert Tonyan,TE8,GB,0.0,0.0,0.0,0.0,0.0,0.0,0.0,0.0,0.0,67.0,47.0,55.5,715.0,518.0,612.7,8.0,5.5,6.3,0.0,0.3,0.1,107.5,91.3,98.8,draft,2021,FLEX
108,Darnell Mooney,WR58,CHI,4.1,2.0,3.3,22.3,15.5,18.7,0.2,0.0,0.1,71.0,48.0,61.2,796.2,577.0,724.4,5.0,3.0,4.2,0.4,1.0,0.7,109.5,77.4,98.3,draft,2021,FLEX
109,Jalen Reagor,WR59,PHI,6.3,0.0,3.1,36.0,0.0,17.6,0.2,0.0,0.1,62.0,44.0,54.5,864.3,556.0,736.1,4.6,3.0,3.9,0.4,1.0,0.7,117.6,73.6,97.7,draft,2021,FLEX
110,Emmanuel Sanders,WR60,BUF,4.3,0.0,1.1,23.0,0.0,6.7,0.2,0.0,0.1,78.0,42.5,56.1,948.0,496.8,684.1,6.0,3.7,4.9,0.3,1.0,0.6,131.2,71.1,97.3,draft,2021,FLEX
111,Devin Singletary,RB44,BUF,134.0,108.3,119.6,605.0,475.1,528.0,3.5,2.2,2.9,36.0,23.0,30.4,251.0,159.0,214.5,1.6,1.0,1.2,0.6,2.0,1.3,109.6,93.3,96.7,draft,2021,FLEX
112,Tony Pollard,RB45,DAL,132.0,90.4,111.2,582.0,391.5,497.4,4.0,2.8,3.2,38.7,24.6,29.8,312.1,170.0,219.3,1.9,1.0,1.3,0.3,2.0,1.2,107.6,81.6,96.2,draft,2021,FLEX
113,Russell Gage,WR61,ATL,4.0,0.0,1.5,13.0,0.0,6.3,0.1,0.0,0.0,80.0,51.0,66.6,813.0,577.0,722.1,4.4,3.7,4.0,0.2,1.0,0.6,106.9,81.7,95.9,draft,2021,FLEX
114,Nelson Agholor,WR62,NE,1.0,0.0,0.3,5.0,0.0,1.3,0.0,0.0,0.0,55.0,38.9,49.9,822.4,529.8,709.1,6.0,3.0,4.3,0.4,1.0,0.7,113.2,70.5,95.6,draft,2021,FLEX
115,Tyler Higbee,TE9,LAR,0.0,0.0,0.0,0.0,0.0,0.0,0.0,0.0,0.0,67.0,47.1,58.8,757.0,536.0,654.7,6.0,4.2,5.2,0.3,1.0,0.6,111.7,78.5,95.2,draft,2021,FLEX
116,Noah Fant,TE10,DEN,0.0,0.0,0.0,0.0,0.0,0.0,0.0,0.0,0.0,68.2,59.0,62.1,743.7,627.0,691.9,5.0,3.8,4.4,0.3,1.0,0.6,104.2,84.9,94.4,draft,2021,FLEX
117,Logan Thomas,TE11,WAS,0.0,0.0,0.0,0.0,0.0,0.0,0.0,0.0,0.0,66.5,55.0,62.8,706.7,558.0,646.5,5.9,4.0,5.0,0.2,1.0,0.6,109.5,85.8,93.3,draft,2021,FLEX
118,Gabriel Davis,WR63,BUF,1.0,0.0,0.3,0.0,0.0,0.0,0.0,0.0,0.0,49.0,38.0,42.8,696.0,525.0,631.6,7.0,3.0,5.0,0.0,0.3,0.1,111.6,70.5,93.0,draft,2021,FLEX
119,Tevin Coleman,RB46,NYJ,164.0,114.7,140.1,629.0,489.1,548.3,4.0,3.2,3.8,26.0,12.6,19.0,188.0,91.1,143.3,1.0,0.0,0.6,0.4,2.0,1.2,105.7,80.8,92.8,draft,2021,FLEX
120,Mike Gesicki,TE12,MIA,0.0,0.0,0.0,0.0,0.0,0.0,0.0,0.0,0.0,61.8,52.4,55.3,647.0,607.7,621.3,6.0,4.7,5.3,0.3,1.0,0.7,97.6,89.0,92.4,draft,2021,FLEX
121,Allen Lazard,WR64,GB,3.0,0.0,1.3,26.0,0.0,9.7,0.1,0.0,0.0,52.6,36.0,47.9,755.0,486.0,661.9,4.9,3.0,4.1,0.3,1.0,0.6,103.6,66.6,90.4,draft,2021,FLEX
122,JD McKissic,RB47,WAS,84.0,57.1,66.6,392.0,241.8,288.9,2.0,1.0,1.5,72.0,46.7,56.2,517.0,353.0,410.0,2.0,1.0,1.7,0.6,1.0,0.8,94.3,78.9,88.1,draft,2021,FLEX
123,Irv Smith,TE13,MIN,0.0,0.0,0.0,0.0,0.0,0.0,0.0,0.0,0.0,56.0,48.1,51.8,615.0,522.1,569.4,6.0,4.5,5.4,0.3,1.0,0.7,97.5,78.3,87.9,draft,2021,FLEX
124,Nyheim Hines,RB48,IND,86.0,41.7,62.1,360.0,173.4,267.1,3.0,1.5,2.1,52.0,48.7,50.0,382.0,364.1,373.5,2.6,2.0,2.2,0.3,2.0,1.2,104.2,77.9,87.9,draft,2021,FLEX
125,Jared Cook,TE14,LAC,0.0,0.0,0.0,0.0,0.0,0.0,0.0,0.0,0.0,51.0,39.7,45.9,684.0,495.0,577.2,7.0,4.3,5.1,0.3,1.0,0.6,110.4,74.5,87.3,draft,2021,FLEX
126,Rob Gronkowski,TE15,TB,0.0,0.0,0.0,0.0,0.0,0.0,0.0,0.0,0.0,50.0,39.0,42.1,653.0,481.7,549.8,5.6,5.0,5.3,0.0,0.3,0.2,95.3,81.2,86.3,draft,2021,FLEX
127,John Brown,WR65,LV,1.0,0.0,0.3,4.0,0.0,1.0,0.0,0.0,0.0,56.0,43.0,47.9,750.0,597.0,651.0,4.3,3.0,3.7,0.2,1.0,0.6,99.4,77.7,86.3,draft,2021,FLEX
128,James White,RB49,NE,63.0,43.6,52.4,260.0,184.1,214.8,2.5,1.0,1.8,55.0,47.4,52.3,475.0,394.4,423.8,3.0,1.8,2.3,0.4,2.0,1.2,103.5,78.5,85.9,draft,2021,FLEX
129,Sterling Shepard,WR66,NYG,9.0,0.0,3.3,76.0,0.0,25.8,1.0,0.0,0.3,73.0,45.0,60.5,660.0,555.0,616.1,4.0,3.0,3.5,0.2,1.0,0.6,103.6,73.5,85.8,draft,2021,FLEX
130,Tre'Quan Smith,WR67,NO,1.0,0.0,0.3,2.0,0.0,0.5,0.0,0.0,0.0,52.5,34.0,40.1,803.2,478.0,576.3,6.0,3.6,4.6,0.0,0.2,0.1,108.4,71.9,85.0,draft,2021,FLEX
131,Christian Kirk,WR68,ARI,8.0,2.2,3.9,60.0,12.0,26.8,0.1,0.0,0.0,64.0,33.4,47.7,745.0,412.9,578.9,6.0,2.9,4.1,0.1,1.0,0.6,116.5,60.1,84.2,draft,2021,FLEX
132,Tarik Cohen,RB50,CHI,92.0,40.7,66.4,344.0,177.4,277.8,2.0,1.0,1.3,66.0,47.3,56.0,414.0,332.4,383.9,2.3,1.8,2.0,0.5,2.0,1.3,98.2,69.4,83.9,draft,2021,FLEX
133,AJ Green,WR69,ARI,0.0,0.0,0.0,0.0,0.0,0.0,0.0,0.0,0.0,59.0,45.0,50.4,717.0,524.0,616.4,4.4,3.0,3.9,0.3,1.0,0.7,95.7,70.4,83.5,draft,2021,FLEX
134,Eric Ebron,TE16,PIT,0.0,0.0,0.0,0.0,0.0,0.0,0.0,0.0,0.0,69.0,50.8,58.0,663.0,505.5,574.2,5.0,4.0,4.6,0.3,1.0,0.7,96.3,76.7,83.4,draft,2021,FLEX
135,Rashod Bateman,WR70,BAL,3.0,0.0,0.8,19.0,0.0,4.8,0.0,0.0,0.0,55.0,28.0,43.5,683.0,337.0,575.0,5.0,3.0,4.3,0.3,1.0,0.6,100.2,51.7,82.7,draft,2021,FLEX
136,Alexander Mattison,RB51,MIN,128.9,92.5,112.8,572.0,411.5,507.6,3.5,2.0,2.6,18.0,15.0,16.5,138.0,130.9,134.2,1.0,0.0,0.6,0.4,1.0,0.7,93.9,74.3,82.6,draft,2021,FLEX
137,Elijah Moore,WR71,NYJ,2.1,0.0,0.7,12.7,0.0,4.2,0.1,0.0,0.0,64.0,30.0,51.6,780.9,356.0,624.5,4.5,2.0,3.4,0.4,0.4,0.4,104.4,47.6,82.4,draft,2021,FLEX
138,Hunter Henry,TE17,NE,0.0,0.0,0.0,0.0,0.0,0.0,0.0,0.0,0.0,61.0,49.4,53.7,653.0,547.1,584.0,5.0,3.2,4.2,0.2,1.0,0.6,95.3,73.5,82.3,draft,2021,FLEX
139,Marquez Valdes-Scantling,WR72,GB,4.0,0.0,2.5,24.1,0.0,14.8,0.1,0.0,0.0,36.0,30.9,32.7,691.0,486.2,564.1,5.0,3.0,3.9,0.2,1.0,0.6,100.3,66.2,80.4,draft,2021,FLEX
140,Jamison Crowder,WR73,NYJ,1.0,0.0,0.3,13.0,0.0,3.3,0.0,0.0,0.0,66.0,39.4,52.3,698.0,459.6,581.9,6.0,2.8,3.8,0.3,1.0,0.6,107.1,62.3,79.9,draft,2021,FLEX
141,Jonnu Smith,TE18,NE,0.0,0.0,0.0,0.0,0.0,0.0,0.0,0.0,0.0,57.0,50.0,53.5,568.0,555.8,561.7,5.0,3.0,4.1,0.3,1.0,0.7,86.8,74.5,79.6,draft,2021,FLEX
142,Blake Jarwin,TE19,DAL,0.0,0.0,0.0,0.0,0.0,0.0,0.0,0.0,0.0,51.7,46.6,49.3,606.8,520.0,551.2,5.0,3.4,4.1,0.0,0.3,0.2,84.9,71.9,79.6,draft,2021,FLEX
143,Evan Engram,TE20,NYG,0.0,0.0,0.0,0.0,0.0,0.0,0.0,0.0,0.0,59.0,52.7,57.4,618.0,534.1,581.4,4.2,3.0,3.6,0.3,1.0,0.7,87.3,76.1,78.7,draft,2021,FLEX
144,Rondale Moore,WR74,ARI,2.3,0.0,1.1,13.0,0.0,6.2,0.1,0.0,0.0,55.2,30.0,48.6,767.0,313.0,600.8,4.0,2.0,3.3,0.3,2.0,1.2,102.0,43.3,78.2,draft,2021,FLEX
145,Randall Cobb,WR75,HOU,2.0,0.0,0.5,5.0,0.0,1.3,0.0,0.0,0.0,56.3,37.0,49.0,694.0,456.0,604.9,3.6,2.0,2.9,0.4,1.0,0.7,87.9,57.6,76.7,draft,2021,FLEX
146,Parris Campbell,WR76,IND,13.8,0.0,4.9,87.3,0.0,30.7,0.5,0.0,0.2,51.7,28.0,43.6,622.4,344.0,527.3,4.6,2.0,3.4,0.4,0.4,0.4,95.2,46.4,76.6,draft,2021,FLEX
147,DeSean Jackson,WR77,LAR,9.3,0.0,2.8,47.3,0.0,17.1,0.4,0.0,0.1,43.0,27.8,34.3,655.0,455.0,544.6,5.0,2.1,3.5,0.1,1.0,0.6,97.6,58.9,76.6,draft,2021,FLEX
148,Rashaad Penny,RB52,SEA,99.0,79.8,90.8,506.0,353.1,423.2,4.0,2.7,3.1,19.7,11.0,15.4,149.8,97.0,120.7,1.2,0.0,0.7,0.4,1.0,0.7,91.4,71.3,76.2,draft,2021,FLEX
149,Darius Slayton,WR78,NYG,2.1,0.0,0.8,10.5,0.0,2.6,0.1,0.0,0.0,46.0,30.3,41.6,623.0,429.4,563.9,5.0,2.6,3.4,0.2,1.0,0.6,91.2,59.9,76.2,draft,2021,FLEX
150,Adam Trautman,TE21,NO,0.0,0.0,0.0,0.0,0.0,0.0,0.0,0.0,0.0,62.0,45.0,49.9,685.0,464.0,541.9,4.1,3.0,3.8,0.3,1.0,0.7,92.5,64.4,75.6,draft,2021,FLEX
151,Terrace Marshall,WR79,CAR,2.0,0.0,0.5,11.0,0.0,2.8,0.0,0.0,0.0,54.6,25.0,44.7,825.0,317.0,582.6,4.2,2.0,3.2,0.3,2.0,1.1,107.6,43.7,75.5,draft,2021,FLEX
152,Austin Hooper,TE22,CLE,0.0,0.0,0.0,0.0,0.0,0.0,0.0,0.0,0.0,51.0,48.0,49.6,546.0,466.0,498.1,5.0,4.0,4.5,0.2,1.0,0.6,84.6,70.6,75.5,draft,2021,FLEX
153,Phillip Lindsay,RB53,HOU,122.0,80.0,104.5,542.0,345.0,460.6,3.3,2.0,2.7,30.0,14.0,20.4,174.0,89.0,130.8,0.7,0.0,0.3,0.3,2.0,1.1,89.6,55.4,75.2,draft,2021,FLEX
154,Anthony Firkser,TE23,TEN,0.0,0.0,0.0,0.0,0.0,0.0,0.0,0.0,0.0,55.0,43.5,48.7,566.0,479.5,522.8,4.9,3.0,3.8,0.0,0.2,0.1,81.1,68.3,75.0,draft,2021,FLEX
155,Jakobi Meyers,WR80,NE,2.3,0.0,0.8,12.1,0.0,4.0,0.1,0.0,0.0,63.3,29.0,45.4,796.1,375.0,575.3,2.8,2.0,2.5,0.4,0.4,0.4,98.1,49.5,72.3,draft,2021,FLEX
156,Darrel Williams,RB54,KC,110.0,65.0,79.0,452.0,275.0,331.2,6.0,2.0,3.2,27.0,14.0,21.1,185.0,117.0,155.4,1.1,0.0,0.8,0.3,1.0,0.6,92.9,62.4,71.4,draft,2021,FLEX
157,Hunter Renfrow,WR81,LV,0.0,0.0,0.0,0.0,0.0,0.0,0.0,0.0,0.0,55.0,27.9,44.4,650.0,319.6,535.8,4.0,1.8,2.9,0.2,1.0,0.6,89.0,42.1,69.7,draft,2021,FLEX
158,Sony Michel,RB55,NE,129.0,46.9,96.5,592.0,200.4,429.2,3.6,1.5,2.8,11.0,5.4,7.8,110.0,42.5,68.3,1.0,0.0,0.4,0.3,1.0,0.6,94.2,34.7,67.4,draft,2021,FLEX
159,Chris Conley,WR82,HOU,0.0,0.0,0.0,0.0,0.0,0.0,0.0,0.0,0.0,42.0,29.0,35.9,684.0,388.0,506.4,4.0,2.0,2.8,0.0,0.3,0.2,92.4,50.8,67.0,draft,2021,FLEX
160,Keelan Cole,WR83,NYJ,1.0,0.0,0.3,5.0,0.0,1.3,0.0,0.0,0.0,53.8,27.0,37.5,652.7,386.0,477.6,4.0,2.0,3.0,0.0,0.5,0.2,87.2,50.6,65.4,draft,2021,FLEX
161,Gerald Everett,TE24,SEA,0.0,0.0,0.0,0.0,0.0,0.0,0.0,0.0,0.0,46.0,39.1,41.9,466.0,396.2,431.7,5.0,3.0,3.9,0.3,1.0,0.6,76.6,60.6,65.2,draft,2021,FLEX
162,Josh Reynolds,WR84,TEN,3.0,0.0,0.8,18.0,0.0,4.5,0.0,0.0,0.0,44.8,24.6,36.1,607.0,312.7,469.6,3.9,2.5,3.1,0.2,1.0,0.6,80.5,45.9,64.8,draft,2021,FLEX
163,Denzel Mims,WR85,NYJ,1.0,0.0,0.3,3.0,0.0,0.8,0.0,0.0,0.0,50.0,28.9,37.3,746.0,409.0,525.1,2.9,2.0,2.2,0.2,1.0,0.6,86.9,52.4,64.6,draft,2021,FLEX
164,Van Jefferson,WR86,LAR,4.6,0.0,1.4,23.1,0.0,5.8,0.2,0.0,0.0,49.0,25.0,38.0,584.6,321.0,455.3,5.0,1.0,3.2,0.2,1.0,0.6,86.5,38.1,64.3,draft,2021,FLEX
165,Zach Ertz,TE25,PHI,0.0,0.0,0.0,0.0,0.0,0.0,0.0,0.0,0.0,52.2,36.4,44.2,501.0,391.4,451.5,4.0,2.3,3.2,0.0,0.2,0.1,70.6,52.2,64.1,draft,2021,FLEX
166,Amon-Ra St,WR87,DET,2.0,0.0,0.5,9.0,0.0,2.3,0.0,0.0,0.0,49.1,31.0,39.7,580.0,406.0,507.2,3.0,2.0,2.3,0.2,1.0,0.6,73.8,52.6,63.7,draft,2021,FLEX
167,Ty Johnson,RB56,NYJ,87.4,58.0,76.2,383.3,245.0,329.6,2.6,2.0,2.2,37.0,10.3,19.9,259.0,64.8,137.8,1.0,0.4,0.6,0.3,0.3,0.3,68.4,56.6,63.1,draft,2021,FLEX
168,Sammy Watkins,WR88,BAL,3.0,0.0,0.8,30.0,0.0,7.5,0.0,0.0,0.0,45.0,24.9,34.9,583.0,312.8,430.8,4.0,1.9,3.3,0.2,1.0,0.6,85.3,42.1,62.7,draft,2021,FLEX
169,Cole Kmet,TE26,CHI,0.0,0.0,0.0,0.0,0.0,0.0,0.0,0.0,0.0,51.0,38.0,45.0,498.4,377.0,447.2,4.0,2.0,3.3,0.3,2.0,1.2,72.2,49.7,62.2,draft,2021,FLEX
170,Damien Williams,RB57,CHI,101.0,30.4,66.9,401.0,133.5,280.3,5.0,1.2,2.7,25.0,14.7,18.6,153.0,114.2,131.4,2.0,0.0,0.9,0.2,1.0,0.6,97.4,35.7,61.8,draft,2021,FLEX
171,Rashard Higgins,WR89,CLE,0.0,0.0,0.0,0.0,0.0,0.0,0.0,0.0,0.0,35.3,19.4,29.7,564.0,287.0,446.9,4.0,1.9,3.0,0.2,1.0,0.6,80.4,39.5,61.3,draft,2021,FLEX
172,Jeff Wilson,RB58,SF,78.0,64.2,71.1,340.0,291.5,315.8,4.0,3.4,3.7,5.6,5.0,5.3,54.0,44.3,49.1,1.0,0.3,0.6,1.0,1.0,1.0,69.4,54.2,60.3,draft,2021,FLEX
173,James Washington,WR90,PIT,0.0,0.0,0.0,0.0,0.0,0.0,0.0,0.0,0.0,50.0,22.6,32.4,685.0,325.2,442.3,4.0,2.0,2.8,0.1,1.0,0.6,92.5,44.4,60.2,draft,2021,FLEX
174,Giovani Bernard,RB59,TB,104.0,28.6,50.8,335.0,111.8,183.6,3.0,0.0,1.3,43.9,15.7,35.1,325.9,103.3,267.5,3.0,0.0,1.4,0.3,1.0,0.6,102.0,39.3,59.8,draft,2021,FLEX
175,Demarcus Robinson,WR91,KC,0.0,0.0,0.0,0.0,0.0,0.0,0.0,0.0,0.0,44.0,29.4,34.5,502.0,355.7,411.2,4.0,2.6,3.2,0.2,1.0,0.6,74.2,51.0,59.0,draft,2021,FLEX
176,D'Wayne Eskridge,WR92,SEA,2.2,0.0,0.7,11.0,0.0,3.7,0.1,0.0,0.0,37.4,28.0,33.0,460.1,352.0,404.3,3.1,3.0,3.0,0.2,0.2,0.2,63.8,53.2,58.8,draft,2021,FLEX
177,Dawson Knox,TE27,BUF,0.0,0.0,0.0,0.0,0.0,0.0,0.0,0.0,0.0,39.0,31.0,33.3,460.0,353.0,383.8,4.0,3.0,3.5,0.3,1.0,0.6,70.0,54.6,58.4,draft,2021,FLEX
178,Hayden Hurst,TE28,ATL,0.0,0.0,0.0,0.0,0.0,0.0,0.0,0.0,0.0,48.0,29.0,38.5,502.0,306.0,404.6,4.0,2.0,2.9,0.0,0.1,0.1,74.2,42.6,58.0,draft,2021,FLEX
179,Zach Pascal,WR93,IND,1.0,0.0,0.3,8.0,0.0,2.0,0.0,0.0,0.0,44.0,16.0,28.0,636.0,214.5,385.3,6.0,1.6,3.1,0.0,0.1,0.0,100.4,31.1,57.4,draft,2021,FLEX
180,Malcolm Brown,RB60,MIA,116.0,44.0,78.0,419.0,185.8,303.2,5.0,1.6,3.4,17.0,3.0,10.1,110.0,21.0,66.8,0.4,0.0,0.2,0.3,1.0,0.6,82.9,34.0,57.4,draft,2021,FLEX
181,Justin Jackson,RB61,LAC,91.3,60.0,77.6,403.6,291.0,350.4,2.4,1.0,1.6,19.3,11.0,15.8,138.2,82.0,112.6,0.8,0.0,0.4,0.2,1.0,0.6,69.3,48.1,57.2,draft,2021,FLEX
182,Jordan Akins,TE29,HOU,0.0,0.0,0.0,0.0,0.0,0.0,0.0,0.0,0.0,49.0,22.8,39.7,490.0,252.1,421.8,3.0,1.8,2.5,0.0,0.2,0.1,67.0,35.9,57.1,draft,2021,FLEX
183,Chris Herndon,TE30,NYJ,0.0,0.0,0.0,0.0,0.0,0.0,0.0,0.0,0.0,46.0,37.0,41.1,466.0,391.8,414.1,4.0,2.6,3.2,0.4,3.0,1.7,64.6,55.2,57.1,draft,2021,FLEX
184,Jalen Guyton,WR94,LAC,4.0,0.0,2.0,21.1,0.0,7.9,0.2,0.0,0.1,33.0,21.3,27.4,588.0,315.3,420.6,3.0,1.8,2.3,0.0,0.1,0.1,76.8,43.3,56.7,draft,2021,FLEX
185,Anthony Miller,WR95,CHI,4.5,0.0,2.9,24.0,0.0,15.9,0.2,0.0,0.1,50.9,20.9,35.6,591.4,243.0,405.1,3.8,1.4,2.4,0.3,0.3,0.3,84.5,34.9,56.5,draft,2021,FLEX
186,Joshua Kelley,RB62,LAC,165.0,61.4,98.2,558.0,253.1,366.7,4.0,1.7,2.4,19.0,3.0,9.3,139.0,23.0,67.4,0.3,0.0,0.2,0.4,3.0,1.7,82.1,42.6,55.7,draft,2021,FLEX
187,Josh Palmer,WR96,LAC,2.0,0.0,1.0,12.0,0.0,6.0,0.0,0.0,0.0,36.0,24.1,30.0,542.0,293.4,417.7,3.0,2.0,2.5,1.0,1.0,1.0,73.4,41.0,55.3,draft,2021,FLEX
188,CJ Uzomah,TE31,CIN,0.0,0.0,0.0,0.0,0.0,0.0,0.0,0.0,0.0,44.0,23.6,36.7,425.0,231.1,357.7,5.0,1.9,3.2,0.0,0.2,0.1,71.7,34.7,55.0,draft,2021,FLEX
189,Jack Doyle,TE32,IND,0.0,0.0,0.0,0.0,0.0,0.0,0.0,0.0,0.0,40.0,26.5,34.5,422.0,268.5,354.9,4.0,2.6,3.2,0.0,0.3,0.2,60.2,42.0,54.6,draft,2021,FLEX
190,KJ Hamler,WR97,DEN,15.0,0.0,8.9,76.5,0.0,43.9,0.3,0.0,0.2,41.0,24.1,30.2,488.0,282.3,361.8,4.0,1.6,2.4,0.2,1.0,0.6,79.2,42.6,54.5,draft,2021,FLEX
191,Salvon Ahmed,RB63,MIA,90.0,59.0,74.0,386.3,235.0,311.3,2.8,1.0,2.1,20.6,7.0,12.6,146.1,48.0,84.7,0.8,0.0,0.4,0.3,0.3,0.3,64.3,34.3,54.0,draft,2021,FLEX
192,Darrynton Evans,RB64,TEN,90.5,31.0,54.2,387.3,135.0,234.9,3.3,1.0,1.9,25.6,10.0,16.8,178.0,82.0,138.6,2.0,0.0,1.0,0.4,1.0,0.7,75.1,27.7,53.6,draft,2021,FLEX
193,Kendrick Bourne,WR98,NE,0.0,0.0,0.0,0.0,0.0,0.0,0.0,0.0,0.0,39.0,26.8,31.7,488.0,343.3,401.5,3.0,1.7,2.3,0.1,0.1,0.1,66.8,44.1,53.4,draft,2021,FLEX
194,Marlon Mack,RB65,IND,109.0,47.2,72.9,456.0,206.3,310.5,4.0,1.9,2.6,11.0,5.9,9.2,75.0,44.2,65.8,0.5,0.0,0.2,0.2,1.0,0.6,77.1,42.2,53.0,draft,2021,FLEX
195,Cordarrelle Patterson,WR99,ATL,62.8,47.4,55.1,286.0,218.4,252.2,1.8,1.4,1.6,17.8,12.4,15.1,161.1,107.1,134.1,0.8,0.6,0.7,0.2,0.2,0.2,59.9,43.3,52.0,draft,2021,FLEX
196,Kenneth Gainwell,RB66,PHI,109.0,25.1,61.8,534.0,106.1,280.9,4.0,0.7,1.9,16.0,13.0,14.2,130.0,91.0,113.1,1.0,0.0,0.6,0.2,2.0,1.1,96.4,30.4,51.6,draft,2021,FLEX
197,Tim Patrick,WR100,DEN,0.0,0.0,0.0,0.0,0.0,0.0,0.0,0.0,0.0,50.0,13.0,28.7,650.0,185.0,375.9,5.0,1.0,2.5,0.2,1.0,0.6,95.0,24.5,51.3,draft,2021,FLEX
198,Olamide Zaccheaus,WR101,ATL,1.0,0.0,0.3,5.4,0.0,1.4,0.0,0.0,0.0,34.0,15.0,27.0,565.0,224.0,395.0,3.0,1.0,1.9,0.0,0.2,0.1,74.5,28.4,51.1,draft,2021,FLEX
199,Mo Alie-Cox,TE33,IND,0.0,0.0,0.0,0.0,0.0,0.0,0.0,0.0,0.0,43.0,29.1,33.2,404.0,331.4,363.0,3.0,2.0,2.7,0.2,1.0,0.6,58.4,49.3,51.0,draft,2021,FLEX
200,Kadarius Toney,WR102,NYG,8.2,0.0,4.4,49.5,0.0,28.2,0.4,0.0,0.1,47.4,21.0,29.9,559.4,255.0,357.1,2.8,1.1,1.9,0.3,0.3,0.3,79.0,32.0,50.3,draft,2021,FLEX
201,Will Dissly,TE34,SEA,0.0,0.0,0.0,0.0,0.0,0.0,0.0,0.0,0.0,38.0,20.8,30.3,379.0,229.6,317.9,4.0,2.3,3.0,0.0,0.2,0.1,60.9,36.4,49.5,draft,2021,FLEX
202,Donald Parham,TE35,LAC,0.0,0.0,0.0,0.0,0.0,0.0,0.0,0.0,0.0,31.0,23.0,28.0,439.0,287.0,340.6,3.2,2.0,2.5,0.0,0.2,0.1,55.9,40.7,48.9,draft,2021,FLEX
203,Xavier Jones,RB67,LAR,107.0,8.4,65.0,429.0,34.9,268.4,3.0,0.5,2.1,16.0,2.3,9.1,136.0,18.4,71.1,1.0,0.0,0.5,0.0,1.0,0.5,67.9,8.5,48.6,draft,2021,FLEX
204,Preston Williams,WR103,MIA,0.0,0.0,0.0,0.0,0.0,0.0,0.0,0.0,0.0,46.0,15.0,24.5,625.0,184.2,315.8,7.0,1.3,2.9,0.1,1.0,0.6,104.5,26.2,48.0,draft,2021,FLEX
205,Marquez Callaway,WR104,NO,0.0,0.0,0.0,0.0,0.0,0.0,0.0,0.0,0.0,35.6,21.5,29.4,445.4,273.3,355.9,2.6,1.7,2.1,0.1,0.1,0.1,59.2,37.1,47.9,draft,2021,FLEX
206,Nico Collins,WR105,HOU,0.0,0.0,0.0,0.0,0.0,0.0,0.0,0.0,0.0,39.6,7.0,27.5,542.4,86.0,366.8,3.0,0.0,1.9,0.2,0.2,0.2,72.0,8.6,47.8,draft,2021,FLEX
207,OJ Howard,TE36,TB,0.0,0.0,0.0,0.0,0.0,0.0,0.0,0.0,0.0,40.0,14.5,27.1,499.0,153.9,343.1,3.5,1.4,2.5,0.4,1.0,0.7,67.9,23.7,47.8,draft,2021,FLEX
208,Wayne Gallman,RB68,SF,113.0,21.4,56.1,522.0,91.6,249.2,6.0,0.6,2.5,21.0,2.0,8.9,168.0,17.0,69.7,1.0,0.0,0.4,1.0,1.0,1.0,111.0,15.9,47.4,draft,2021,FLEX
209,Devontae Booker,RB69,NYG,99.0,51.9,72.3,437.0,215.3,305.0,2.0,1.2,1.7,12.9,5.0,10.5,96.0,32.9,69.7,0.4,0.0,0.2,0.3,1.0,0.7,61.8,32.3,47.3,draft,2021,FLEX
210,Qadree Ollison,RB70,ATL,79.0,47.6,67.3,310.9,200.7,257.9,3.0,1.3,2.4,11.0,7.0,9.0,100.0,53.3,72.0,0.4,0.0,0.2,0.3,1.0,0.7,54.2,36.2,47.3,draft,2021,FLEX
211,Mark Ingram,RB71,HOU,69.0,49.5,58.7,259.0,215.1,241.8,3.0,1.0,1.8,18.0,4.7,10.7,177.0,35.3,89.7,2.0,0.0,0.7,0.2,1.0,0.6,72.5,35.8,47.1,draft,2021,FLEX
212,Dan Arnold,TE37,CAR,0.0,0.0,0.0,0.0,0.0,0.0,0.0,0.0,0.0,33.0,23.0,27.7,479.0,246.4,346.2,4.0,1.0,2.3,0.3,1.0,0.7,71.9,34.7,47.0,draft,2021,FLEX
213,Chuba Hubbard,RB72,CAR,89.0,38.6,61.9,363.0,168.3,261.5,3.0,1.3,2.0,17.0,6.0,10.7,156.0,38.0,86.8,1.0,0.0,0.4,0.3,2.0,1.1,75.9,29.6,46.9,draft,2021,FLEX
214,Rhamondre Stevenson,RB73,NE,100.0,23.7,60.6,459.0,98.9,263.9,4.0,1.0,2.1,14.0,3.9,9.6,116.0,30.6,72.3,1.0,0.0,0.4,0.1,2.0,1.1,87.5,19.8,46.4,draft,2021,FLEX
215,Rex Burkhead,RB74,HOU,72.0,7.9,35.7,307.0,33.2,150.7,3.0,0.2,1.4,35.0,2.1,16.7,348.0,17.2,158.2,3.0,0.2,1.3,0.1,1.0,0.6,101.5,7.0,45.7,draft,2021,FLEX
216,Tyron Johnson,WR106,LAC,5.0,0.0,2.3,30.0,0.0,13.1,0.1,0.0,0.0,32.0,13.6,19.9,558.0,184.8,312.1,4.0,1.2,2.1,0.0,0.1,0.1,82.8,25.9,45.3,draft,2021,FLEX
217,Mohamed Sanu,WR107,SF,4.0,0.0,1.3,17.0,0.0,5.7,0.0,0.0,0.0,55.0,3.4,32.8,560.0,39.0,338.8,3.0,0.2,2.0,0.0,1.0,0.5,75.7,5.2,45.3,draft,2021,FLEX
218,Trayveon Williams,RB75,CIN,107.0,27.3,54.7,455.0,119.8,234.7,3.0,0.7,1.5,31.0,7.5,15.9,254.0,53.3,125.2,1.0,0.3,0.6,0.2,3.0,1.6,94.9,24.0,45.1,draft,2021,FLEX
219,Bryan Edwards,WR108,LV,0.0,0.0,0.0,0.0,0.0,0.0,0.0,0.0,0.0,27.9,22.0,24.0,363.6,286.4,337.3,2.0,1.8,1.9,0.1,0.1,0.1,48.2,39.2,45.0,draft,2021,FLEX
220,Tyler Conklin,TE38,MIN,0.0,0.0,0.0,0.0,0.0,0.0,0.0,0.0,0.0,34.3,26.0,29.4,359.4,274.0,308.5,3.3,2.0,2.4,0.0,0.2,0.1,55.5,39.4,44.9,draft,2021,FLEX
221,Amari Rodgers,WR109,GB,8.1,0.0,2.7,49.0,0.0,16.3,0.3,0.0,0.1,34.3,19.0,25.7,428.0,258.6,315.2,3.0,1.0,1.8,0.2,0.2,0.2,60.1,31.9,44.4,draft,2021,FLEX
222,Deonte Harris,WR110,NO,11.0,5.8,8.4,78.0,31.0,54.2,0.3,0.0,0.2,34.3,17.4,25.9,411.6,208.2,291.6,2.3,1.0,1.5,0.3,0.3,0.3,60.9,32.0,44.1,draft,2021,FLEX
223,Adam Humphries,WR111,WAS,0.0,0.0,0.0,0.0,0.0,0.0,0.0,0.0,0.0,40.0,25.7,31.5,419.0,288.1,343.5,2.0,1.4,1.6,0.1,0.1,0.1,53.9,37.5,43.9,draft,2021,FLEX
224,Kyle Juszczyk,RB76,SF,17.0,9.6,13.9,60.3,40.8,52.8,1.0,0.2,0.7,35.0,12.0,21.9,407.0,118.1,230.8,5.0,0.7,2.0,0.3,1.0,0.7,82.0,21.1,43.0,draft,2021,FLEX
225,DeeJay Dallas,RB77,SEA,97.0,11.1,46.7,372.0,47.8,186.3,3.0,0.3,1.6,32.0,5.2,14.5,243.0,36.9,107.1,2.0,0.0,0.7,0.2,1.0,0.6,91.5,12.1,41.9,draft,2021,FLEX
226,David Njoku,TE39,CLE,0.0,0.0,0.0,0.0,0.0,0.0,0.0,0.0,0.0,29.0,16.3,24.2,288.0,187.8,260.1,3.0,2.0,2.6,0.0,0.1,0.0,46.8,30.5,41.7,draft,2021,FLEX
227,Boston Scott,RB78,PHI,64.0,20.9,40.0,255.0,91.1,168.6,2.0,0.7,1.4,26.0,8.1,18.3,214.0,66.3,144.4,1.0,0.0,0.5,0.2,1.0,0.6,62.1,21.0,41.0,draft,2021,FLEX
228,Keke Coutee,WR112,HOU,2.0,0.0,0.7,11.0,0.0,3.7,1.0,0.0,0.3,48.0,16.1,27.6,586.0,176.1,324.4,3.0,0.9,1.7,0.2,4.0,2.1,83.7,22.6,40.9,draft,2021,FLEX
229,Byron Pringle,WR113,KC,0.0,0.0,0.0,0.0,0.0,0.0,0.0,0.0,0.0,29.3,16.8,22.7,366.7,207.0,290.9,2.5,1.5,2.0,0.2,0.2,0.2,51.4,29.3,40.7,draft,2021,FLEX
230,Quintez Cephus,WR114,DET,0.0,0.0,0.0,0.0,0.0,0.0,0.0,0.0,0.0,33.3,16.0,23.8,463.9,215.0,316.3,2.1,1.0,1.5,0.2,0.2,0.2,58.5,27.5,40.2,draft,2021,FLEX
231,Richie James,WR115,SF,3.0,0.0,0.8,0.0,0.0,0.0,0.0,0.0,0.0,37.0,8.5,23.1,700.0,120.9,356.4,2.0,0.7,1.4,0.2,4.0,2.1,82.0,15.7,40.0,draft,2021,FLEX
232,Travis Fulgham,WR116,PHI,0.0,0.0,0.0,0.0,0.0,0.0,0.0,0.0,0.0,31.0,9.6,23.0,382.0,133.5,297.7,2.1,0.8,1.6,0.1,0.1,0.1,50.2,18.0,39.4,draft,2021,FLEX
233,Jacob Hollister,TE40,BUF,0.0,0.0,0.0,0.0,0.0,0.0,0.0,0.0,0.0,54.0,13.2,29.1,451.0,121.2,263.8,4.0,1.4,2.3,0.1,1.0,0.6,69.1,20.3,39.2,draft,2021,FLEX
234,Dalton Schultz,TE41,DAL,0.0,0.0,0.0,0.0,0.0,0.0,0.0,0.0,0.0,39.0,13.0,26.7,401.0,137.3,277.5,3.0,1.0,2.1,0.2,1.0,0.6,58.1,19.8,39.1,draft,2021,FLEX
235,Jimmy Graham,TE42,CHI,0.0,0.0,0.0,0.0,0.0,0.0,0.0,0.0,0.0,27.0,17.1,22.6,288.0,175.7,235.4,3.0,1.7,2.6,0.0,0.2,0.1,46.8,27.6,38.7,draft,2021,FLEX
236,Benny Snell,RB79,PIT,94.0,20.1,62.5,330.0,82.5,232.0,3.0,0.6,1.8,10.2,4.0,7.0,73.8,25.0,48.3,0.4,0.0,0.2,0.3,1.0,0.7,53.5,16.8,38.6,draft,2021,FLEX
237,Mike Boone,RB80,DEN,65.0,32.1,48.0,344.0,144.0,228.2,3.0,0.9,1.8,11.0,2.0,6.4,81.0,8.0,43.2,0.4,0.0,0.1,0.1,1.0,0.6,53.2,23.7,37.5,draft,2021,FLEX
238,Scotty Miller,WR117,TB,2.1,0.0,1.4,11.9,0.0,7.7,0.2,0.0,0.1,24.0,11.9,17.0,365.0,148.3,245.3,3.0,1.0,1.8,0.1,0.1,0.1,54.5,22.5,36.5,draft,2021,FLEX
239,Samaje Perine,RB81,CIN,63.8,27.0,48.9,260.8,130.0,207.0,2.0,1.0,1.4,19.2,1.0,9.1,136.4,8.0,61.7,0.6,0.0,0.2,0.0,0.2,0.1,43.1,25.8,36.4,draft,2021,FLEX
240,Dyami Brown,WR118,WAS,0.0,0.0,0.0,0.0,0.0,0.0,0.0,0.0,0.0,28.9,12.0,19.7,397.5,161.0,273.6,2.1,1.0,1.5,0.1,0.1,0.1,52.2,22.1,36.2,draft,2021,FLEX
241,Geronimo Allison,WR119,DET,0.0,0.0,0.0,0.0,0.0,0.0,0.0,0.0,0.0,38.9,11.6,25.3,421.7,130.7,276.2,2.2,0.7,1.4,0.1,0.1,0.1,54.0,16.8,36.0,draft,2021,FLEX
242,Isaiah McKenzie,WR120,BUF,12.7,0.0,5.7,62.3,0.0,28.4,0.5,0.0,0.2,23.0,12.2,18.9,266.0,123.2,200.7,3.0,1.0,1.9,0.1,0.1,0.1,44.6,21.1,35.5,draft,2021,FLEX
243,Tutu Atwell,WR121,LAR,0.0,0.0,0.0,0.0,0.0,0.0,0.0,0.0,0.0,27.3,15.0,21.2,366.4,185.0,275.7,1.7,1.0,1.4,0.2,0.2,0.2,46.5,24.5,35.3,draft,2021,FLEX
244,Peyton Barber,RB82,WAS,77.0,38.3,55.9,259.0,142.2,198.2,3.0,1.1,2.1,6.0,4.5,5.0,34.2,31.3,32.9,0.2,0.0,0.1,0.1,1.0,0.6,47.2,24.8,35.2,draft,2021,FLEX
245,Maxx Williams,TE43,ARI,0.0,0.0,0.0,0.0,0.0,0.0,0.0,0.0,0.0,29.9,15.0,21.1,289.5,191.0,235.3,2.2,1.7,2.0,0.0,0.2,0.1,41.5,29.9,35.1,draft,2021,FLEX
246,Nick Boyle,TE44,BAL,0.0,0.0,0.0,0.0,0.0,0.0,0.0,0.0,0.0,28.0,17.2,23.3,283.0,149.9,219.4,3.0,1.6,2.1,0.0,0.1,0.0,46.3,24.5,34.7,draft,2021,FLEX
247,Isaiah Coulter,WR122,HOU,2.0,0.0,1.0,8.0,0.0,4.0,0.0,0.0,0.0,34.0,0.7,17.3,534.0,8.9,271.5,3.0,0.0,1.5,1.0,1.0,1.0,72.2,1.2,34.5,draft,2021,FLEX
248,Auden Tate,WR123,CIN,0.0,0.0,0.0,0.0,0.0,0.0,0.0,0.0,0.0,24.0,17.5,20.5,306.0,219.9,260.0,1.7,1.0,1.4,0.1,0.1,0.1,40.6,31.0,34.3,draft,2021,FLEX
249,Matt Breida,RB83,BUF,95.0,19.9,43.6,414.0,87.4,189.3,2.0,0.4,1.0,24.0,3.0,9.6,190.0,26.0,76.7,1.0,0.0,0.4,0.2,2.0,1.1,78.4,18.8,32.7,draft,2021,FLEX
250,Brandon Bolden,RB84,NE,22.0,17.8,19.9,124.0,77.1,100.6,4.0,0.6,2.3,5.0,4.8,4.9,63.0,37.0,50.0,1.0,0.2,0.6,0.0,0.0,0.0,48.7,16.6,32.5,draft,2021,FLEX
251,Carlos Hyde,RB85,JAC,90.0,18.6,52.5,366.0,75.1,212.8,3.0,0.5,1.4,12.0,0.9,6.3,57.0,5.0,36.7,0.2,0.0,0.0,0.2,1.0,0.6,60.3,11.2,32.4,draft,2021,FLEX
252,Brian Hill,RB86,TEN,118.0,19.3,45.6,661.0,84.7,234.5,3.0,0.0,1.0,8.0,0.0,4.8,70.0,0.0,35.2,0.3,0.0,0.1,0.1,1.0,0.6,91.1,11.7,32.3,draft,2021,FLEX
253,Geoff Swaim,TE45,TEN,0.0,0.0,0.0,0.0,0.0,0.0,0.0,0.0,0.0,30.0,12.6,23.2,288.0,109.6,216.1,2.0,1.2,1.8,0.0,0.1,0.1,40.8,17.9,32.2,draft,2021,FLEX
254,Kyle Rudolph,TE46,NYG,0.0,0.0,0.0,0.0,0.0,0.0,0.0,0.0,0.0,35.0,12.0,22.9,291.0,109.9,212.4,3.0,0.9,1.8,0.0,0.1,0.1,47.1,16.4,31.8,draft,2021,FLEX
255,Javian Hawkins,RB87,ATL,46.0,46.0,46.0,189.5,189.5,189.5,1.5,1.5,1.5,4.6,4.6,4.6,35.4,35.4,35.4,0.1,0.1,0.1,0.2,0.2,0.2,31.7,31.7,31.6,draft,2021,FLEX
256,Drew Sample,TE47,CIN,0.0,0.0,0.0,0.0,0.0,0.0,0.0,0.0,0.0,45.0,17.0,24.5,393.0,161.3,231.8,2.0,1.0,1.4,0.1,1.0,0.6,51.3,22.5,30.5,draft,2021,FLEX
257,James O'Shaughnessy,TE48,JAC,0.0,0.0,0.0,0.0,0.0,0.0,0.0,0.0,0.0,31.5,18.4,24.2,322.6,177.3,238.7,1.7,0.0,1.0,0.0,0.2,0.1,42.3,18.5,29.9,draft,2021,FLEX
258,N'Keal Harry,WR124,NE,2.3,0.0,0.9,13.8,0.0,5.6,0.1,0.0,0.0,23.0,9.7,16.9,259.9,108.7,204.5,2.0,0.7,1.5,0.1,0.1,0.1,36.5,16.8,29.8,draft,2021,FLEX
259,Harrison Bryant,TE49,CLE,0.0,0.0,0.0,0.0,0.0,0.0,0.0,0.0,0.0,30.0,13.0,19.4,318.0,144.0,207.1,4.0,0.0,1.9,0.1,2.0,1.1,55.8,14.4,29.7,draft,2021,FLEX
260,Johnny Stanton,RB88,CLE,20.0,20.0,20.0,100.0,100.0,100.0,1.0,1.0,1.0,9.0,9.0,9.0,71.0,71.0,71.0,1.0,1.0,1.0,0.0,0.0,0.0,29.1,29.1,29.1,draft,2021,FLEX
261,Greg Ward,WR125,PHI,0.0,0.0,0.0,0.0,0.0,0.0,0.0,0.0,0.0,41.0,7.4,22.1,389.0,80.6,220.4,2.0,0.5,1.2,0.2,0.2,0.2,50.9,11.1,28.9,draft,2021,FLEX
262,Cameron Brate,TE50,TB,0.0,0.0,0.0,0.0,0.0,0.0,0.0,0.0,0.0,30.0,8.7,20.5,276.0,92.1,192.5,2.5,0.9,1.6,0.0,0.1,0.0,39.6,14.2,28.7,draft,2021,FLEX
263,Darren Fells,TE51,DET,0.0,0.0,0.0,0.0,0.0,0.0,0.0,0.0,0.0,26.0,12.4,18.2,280.0,128.1,188.5,3.0,1.0,1.6,0.0,0.1,0.0,46.0,18.7,28.3,draft,2021,FLEX
264,Foster Moreau,TE52,LV,0.0,0.0,0.0,0.0,0.0,0.0,0.0,0.0,0.0,16.1,12.0,13.9,172.7,131.9,152.1,4.0,1.1,2.1,0.0,0.1,0.1,37.7,19.6,28.0,draft,2021,FLEX
265,Devin Duvernay,WR126,BAL,5.0,0.0,1.7,35.0,0.0,11.7,0.0,0.0,0.0,30.0,9.5,17.3,319.0,109.6,191.1,2.0,0.7,1.3,0.1,0.1,0.1,47.4,15.2,27.8,draft,2021,FLEX
266,Dez Fitzpatrick,WR127,TEN,0.0,0.0,0.0,0.0,0.0,0.0,0.0,0.0,0.0,21.0,9.7,15.4,275.0,125.6,200.3,1.0,1.0,1.0,0.1,0.1,0.1,33.5,18.4,25.9,draft,2021,FLEX
267,Albert Okwuegbunam,TE53,DEN,0.0,0.0,0.0,0.0,0.0,0.0,0.0,0.0,0.0,23.0,7.7,16.6,249.0,75.2,174.1,2.0,0.6,1.4,0.1,0.1,0.1,36.9,11.0,25.6,draft,2021,FLEX
268,Adam Shaheen,TE54,MIA,0.0,0.0,0.0,0.0,0.0,0.0,0.0,0.0,0.0,17.0,16.0,16.6,185.0,145.4,164.5,3.0,1.0,1.9,1.0,1.0,1.0,34.3,23.7,25.5,draft,2021,FLEX
269,Andre Roberts,WR128,HOU,0.0,0.0,0.0,0.0,0.0,0.0,0.0,0.0,0.0,15.0,15.0,15.0,195.0,195.0,195.0,1.0,1.0,1.0,0.0,0.0,0.0,25.5,25.5,25.5,draft,2021,FLEX
270,Larry Rountree,RB89,LAC,32.8,32.8,32.8,137.7,137.7,137.7,1.3,1.3,1.3,4.6,4.6,4.6,34.9,34.9,34.9,0.2,0.2,0.2,0.1,0.1,0.1,25.5,25.5,25.5,draft,2021,FLEX
271,Jalen Richard,RB90,LV,34.0,11.5,21.5,149.0,51.9,93.9,1.0,0.0,0.4,33.0,9.0,15.1,245.0,77.0,119.8,1.0,0.0,0.4,0.1,1.0,0.6,40.2,16.7,25.3,draft,2021,FLEX
272,Ryan Izzo,TE55,HOU,0.0,0.0,0.0,0.0,0.0,0.0,0.0,0.0,0.0,24.0,0.8,12.4,411.0,8.7,209.9,2.0,0.0,1.0,1.0,1.0,1.0,53.1,1.3,25.0,draft,2021,FLEX
273,Pat Freiermuth,TE56,PIT,0.0,0.0,0.0,0.0,0.0,0.0,0.0,0.0,0.0,49.0,4.6,19.9,396.0,43.8,179.7,3.0,0.4,1.3,0.1,1.0,0.5,57.6,6.7,24.9,draft,2021,FLEX
274,Jermar Jefferson,RB91,DET,33.0,26.9,29.9,133.0,111.6,122.3,1.0,0.7,0.9,12.0,6.9,9.4,88.0,51.7,69.9,0.2,0.0,0.1,0.1,0.1,0.1,28.1,21.7,24.7,draft,2021,FLEX
275,La'Mical Perine,RB92,NYJ,54.1,15.0,34.5,228.6,62.5,145.5,1.6,0.4,1.0,4.5,4.1,4.3,31.6,31.3,31.4,0.2,0.1,0.2,0.2,0.2,0.2,36.1,13.1,24.3,draft,2021,FLEX
276,Donte Moncrief,WR129,HOU,0.0,0.0,0.0,0.0,0.0,0.0,0.0,0.0,0.0,24.3,3.2,13.7,304.8,42.3,173.5,2.0,0.3,1.1,0.0,0.0,0.0,42.3,6.0,24.2,draft,2021,FLEX
277,Hunter Long,TE57,MIA,0.0,0.0,0.0,0.0,0.0,0.0,0.0,0.0,0.0,30.0,8.1,19.1,269.0,83.6,176.3,2.0,0.5,1.3,0.1,1.0,0.5,38.9,11.3,24.1,draft,2021,FLEX
278,Ian Thomas,TE58,CAR,0.0,0.0,0.0,0.0,0.0,0.0,0.0,0.0,0.0,34.0,7.6,18.0,272.0,67.9,159.2,3.0,0.4,1.3,0.0,0.1,0.0,45.2,9.2,23.5,draft,2021,FLEX
279,Elijah Mitchell,RB93,SF,35.0,18.9,26.9,170.0,79.4,124.7,1.0,0.6,0.8,7.6,4.0,5.8,59.8,45.0,52.4,0.3,0.0,0.2,0.0,0.1,0.1,27.5,19.4,23.5,draft,2021,FLEX
280,Collin Johnson,WR130,JAC,0.0,0.0,0.0,0.0,0.0,0.0,0.0,0.0,0.0,17.0,14.5,15.6,195.8,185.0,190.3,1.1,0.0,0.7,0.1,0.1,0.1,26.0,18.5,23.2,draft,2021,FLEX
281,Raymond Calais,RB94,LAR,25.9,25.2,25.6,110.8,104.8,107.8,1.4,0.8,1.1,6.9,4.4,5.7,55.3,33.2,44.2,0.3,0.3,0.3,0.1,0.1,0.1,25.4,20.4,23.0,draft,2021,FLEX
282,David Moore,WR131,CAR,3.7,0.0,1.2,23.3,0.0,7.8,0.1,0.0,0.0,23.0,1.3,11.6,322.0,16.0,160.8,2.0,0.2,1.0,0.1,0.1,0.1,44.2,2.3,22.7,draft,2021,FLEX
283,Kahale Warring,TE59,HOU,0.0,0.0,0.0,0.0,0.0,0.0,0.0,0.0,0.0,24.0,12.0,15.9,236.0,123.3,163.7,1.1,1.0,1.0,0.0,0.1,0.1,29.6,18.3,22.5,draft,2021,FLEX
284,Ryan Griffin,TE60,NYJ,0.0,0.0,0.0,0.0,0.0,0.0,0.0,0.0,0.0,28.0,3.9,14.2,260.0,40.6,138.0,3.0,0.3,1.4,0.0,0.1,0.0,44.0,6.0,22.0,draft,2021,FLEX
285,Willie Snead,WR132,LV,0.0,0.0,0.0,0.0,0.0,0.0,0.0,0.0,0.0,17.3,11.7,14.5,204.5,130.1,167.3,1.1,0.7,0.9,0.1,0.1,0.1,26.9,16.8,21.9,draft,2021,FLEX
286,Freddie Swain,WR133,SEA,0.0,0.0,0.0,0.0,0.0,0.0,0.0,0.0,0.0,14.0,10.5,12.4,189.0,131.8,155.9,1.1,1.0,1.0,0.1,0.1,0.1,24.9,19.2,21.6,draft,2021,FLEX
287,Marcedes Lewis,TE61,GB,0.0,0.0,0.0,0.0,0.0,0.0,0.0,0.0,0.0,21.0,7.7,11.9,211.0,81.8,128.6,3.0,0.8,1.4,0.0,0.0,0.0,39.1,13.5,21.4,draft,2021,FLEX
288,Phillip Dorsett,WR134,JAC,0.0,0.0,0.0,0.0,0.0,0.0,0.0,0.0,0.0,18.3,7.3,12.8,217.4,93.6,155.5,1.4,0.6,1.0,0.0,0.0,0.0,29.6,12.6,21.2,draft,2021,FLEX
289,Olabisi Johnson,WR135,MIN,0.0,0.0,0.0,0.0,0.0,0.0,0.0,0.0,0.0,27.0,4.7,12.9,321.0,54.4,153.8,2.0,0.3,1.0,0.0,0.0,0.0,44.1,7.5,21.1,draft,2021,FLEX
290,Jacob Harris,TE62,LAR,0.0,0.0,0.0,0.0,0.0,0.0,0.0,0.0,0.0,13.0,12.2,12.6,188.0,125.7,156.8,1.0,0.8,0.9,0.0,0.1,0.0,24.8,17.3,21.1,draft,2021,FLEX
291,Chris Manhertz,TE63,JAC,0.0,0.0,0.0,0.0,0.0,0.0,0.0,0.0,0.0,31.0,2.9,15.5,266.0,29.9,153.2,2.0,0.2,1.0,0.0,0.1,0.0,35.1,4.4,21.0,draft,2021,FLEX
292,Pharaoh Brown,TE64,HOU,0.0,0.0,0.0,0.0,0.0,0.0,0.0,0.0,0.0,16.1,12.0,13.4,168.3,129.2,143.5,1.4,0.9,1.1,0.0,0.1,0.0,25.0,18.1,20.8,draft,2021,FLEX
293,Noah Gray,TE65,KC,0.0,0.0,0.0,0.0,0.0,0.0,0.0,0.0,0.0,23.0,4.3,14.4,243.0,45.7,148.2,2.0,0.5,1.2,0.0,1.0,0.5,36.3,7.3,20.7,draft,2021,FLEX
294,Jaylen Samuels,RB95,PIT,32.9,15.4,24.1,138.4,63.8,101.1,0.8,0.4,0.6,10.6,5.2,7.9,72.4,32.8,52.6,0.4,0.3,0.3,0.1,0.1,0.1,23.0,18.1,20.6,draft,2021,FLEX
295,Matt Sokol,TE66,LAC,0.0,0.0,0.0,0.0,0.0,0.0,0.0,0.0,0.0,13.0,13.0,13.0,141.0,141.0,141.0,1.0,1.0,1.0,0.0,0.0,0.0,20.1,20.1,20.1,draft,2021,FLEX
296,Reggie Gilliam,RB96,BUF,0.0,0.0,0.0,0.0,0.0,0.0,0.0,0.0,0.0,11.0,11.0,11.0,78.0,78.0,78.0,2.0,2.0,2.0,0.0,0.0,0.0,19.8,19.8,19.8,draft,2021,FLEX
297,Chad Beebe,WR136,MIN,0.0,0.0,0.0,0.0,0.0,0.0,0.0,0.0,0.0,14.1,9.0,11.5,170.8,111.8,141.3,1.1,0.7,0.9,0.1,0.1,0.1,23.6,15.4,19.5,draft,2021,FLEX
298,Tyler Kroft,TE67,NYJ,0.0,0.0,0.0,0.0,0.0,0.0,0.0,0.0,0.0,23.0,1.2,11.0,214.0,12.1,111.3,4.0,0.2,1.4,0.0,0.0,0.0,45.4,1.9,19.4,draft,2021,FLEX
299,Darrell Daniels,TE68,ARI,0.0,0.0,0.0,0.0,0.0,0.0,0.0,0.0,0.0,15.0,11.5,12.7,165.0,118.8,135.2,1.0,1.0,1.0,0.1,0.1,0.1,22.5,17.6,19.3,draft,2021,FLEX
300,Jace Sternberger,TE69,GB,0.0,0.0,0.0,0.0,0.0,0.0,0.0,0.0,0.0,18.0,7.3,11.8,157.0,75.2,114.4,2.0,0.7,1.2,0.0,0.0,0.0,27.7,11.9,18.9,draft,2021,FLEX
301,Anthony McFarland,RB97,PIT,55.0,12.3,30.0,187.0,52.9,115.0,1.0,0.0,0.5,10.0,2.9,5.7,79.0,19.4,45.3,0.2,0.0,0.1,0.1,1.0,0.6,29.1,9.9,18.6,draft,2021,FLEX
302,Lynn Bowden,WR137,MIA,10.4,10.0,10.2,53.6,43.0,49.2,0.4,0.0,0.2,21.0,4.8,11.6,185.0,45.1,106.9,0.5,0.0,0.3,0.1,0.1,0.1,22.8,13.9,18.3,draft,2021,FLEX
303,Thaddeus Moss,TE70,CIN,0.0,0.0,0.0,0.0,0.0,0.0,0.0,0.0,0.0,13.0,13.0,13.0,122.0,122.0,122.0,1.0,1.0,1.0,0.0,0.0,0.0,18.2,18.2,18.2,draft,2021,FLEX
304,Jerick McKinnon,RB98,KC,27.0,17.6,21.4,128.0,72.3,94.7,0.7,0.0,0.4,9.6,5.1,6.9,75.3,35.0,49.5,0.4,0.0,0.2,0.1,0.1,0.1,21.2,16.3,18.2,draft,2021,FLEX
305,KeeSean Johnson,WR138,ARI,0.0,0.0,0.0,0.0,0.0,0.0,0.0,0.0,0.0,17.0,7.3,10.6,195.0,83.6,121.4,2.0,0.5,1.0,0.0,0.0,0.0,31.5,11.0,18.1,draft,2021,FLEX
306,Cam Sims,WR139,WAS,0.0,0.0,0.0,0.0,0.0,0.0,0.0,0.0,0.0,17.0,3.9,10.5,226.0,55.8,140.9,1.0,0.3,0.7,0.0,0.0,0.0,28.6,7.2,18.0,draft,2021,FLEX
307,Miles Boykin,WR140,BAL,2.4,0.0,0.8,14.7,0.0,4.9,0.1,0.0,0.0,17.0,5.7,9.6,235.0,75.5,129.0,1.0,0.6,0.7,0.1,0.1,0.1,29.5,11.1,18.0,draft,2021,FLEX
308,Jalen Hurd,WR141,SF,9.4,0.0,4.7,57.7,0.0,28.8,0.4,0.0,0.2,9.1,6.8,7.9,117.0,84.4,100.7,0.8,0.5,0.6,0.1,0.1,0.1,23.9,11.5,17.6,draft,2021,FLEX
309,Christian Blake,WR142,ATL,0.0,0.0,0.0,0.0,0.0,0.0,0.0,0.0,0.0,15.6,8.7,12.5,183.9,97.3,146.0,1.0,0.0,0.5,0.1,0.1,0.1,23.9,12.9,17.4,draft,2021,FLEX
310,Ray-Ray McCloud,WR143,PIT,3.8,2.1,3.0,26.7,10.7,18.7,0.1,0.0,0.1,14.1,8.9,11.5,145.3,83.4,114.3,0.8,0.6,0.7,0.2,0.2,0.2,22.2,12.7,17.4,draft,2021,FLEX
311,Anthony Schwartz,WR144,CLE,0.0,0.0,0.0,0.0,0.0,0.0,0.0,0.0,0.0,10.1,10.1,10.1,124.2,124.2,124.2,0.8,0.8,0.8,0.1,0.1,0.1,17.3,17.3,17.3,draft,2021,FLEX
312,Nick Vannett,TE71,NO,0.0,0.0,0.0,0.0,0.0,0.0,0.0,0.0,0.0,13.0,8.6,11.0,149.0,90.5,118.6,1.0,0.8,0.9,0.1,0.1,0.1,20.9,13.8,17.2,draft,2021,FLEX
313,Hunter Bryant,TE72,DET,0.0,0.0,0.0,0.0,0.0,0.0,0.0,0.0,0.0,12.0,8.8,10.4,159.0,86.5,122.8,1.0,0.6,0.8,0.0,0.0,0.0,21.9,12.3,17.2,draft,2021,FLEX
314,Devin Asiasi,TE73,NE,0.0,0.0,0.0,0.0,0.0,0.0,0.0,0.0,0.0,27.0,0.7,10.4,305.0,7.0,117.1,3.0,0.0,1.1,0.0,1.0,0.5,48.5,1.1,17.1,draft,2021,FLEX
315,Kerryon Johnson,RB99,PHI,54.3,0.9,26.1,225.8,3.9,102.2,1.9,0.0,0.6,8.2,0.9,3.7,67.9,6.9,29.6,0.3,0.0,0.1,0.3,0.3,0.3,41.8,1.5,16.9,draft,2021,FLEX
316,Ross Dwelley,TE74,SF,0.0,0.0,0.0,0.0,0.0,0.0,0.0,0.0,0.0,17.0,7.1,11.5,177.0,75.5,118.4,1.0,0.6,0.9,0.0,0.1,0.0,23.7,11.1,16.9,draft,2021,FLEX
317,Justice Hill,RB100,BAL,32.0,2.8,19.7,155.0,12.1,90.2,1.0,0.0,0.6,7.1,1.8,4.6,53.9,12.0,33.3,0.4,0.0,0.2,0.1,0.1,0.1,24.9,3.5,16.8,draft,2021,FLEX
318,Brycen Hopkins,TE75,LAR,0.0,0.0,0.0,0.0,0.0,0.0,0.0,0.0,0.0,16.2,8.0,12.4,167.6,82.0,126.5,1.1,0.0,0.7,0.0,0.1,0.1,23.1,8.2,16.7,draft,2021,FLEX
319,Ameer Abdullah,RB101,MIN,23.9,11.7,18.9,97.7,48.8,76.2,0.6,0.0,0.3,12.0,4.0,8.0,91.1,29.4,58.5,0.6,0.0,0.3,0.1,0.1,0.1,25.8,10.7,16.7,draft,2021,FLEX
320,Durham Smythe,TE76,MIA,0.0,0.0,0.0,0.0,0.0,0.0,0.0,0.0,0.0,26.0,0.9,13.1,201.0,6.8,108.1,2.0,0.0,1.0,0.0,0.1,0.0,32.1,1.1,16.4,draft,2021,FLEX
321,Jeremy McNichols,RB102,TEN,36.0,1.2,21.8,161.0,5.2,96.9,1.0,0.0,0.5,7.8,0.9,4.7,57.9,5.3,31.6,0.4,0.0,0.1,0.0,0.1,0.1,26.9,1.5,16.3,draft,2021,FLEX
322,Eno Benjamin,RB103,ARI,34.0,4.7,22.8,156.0,20.1,97.7,1.2,0.0,0.6,6.6,0.9,3.4,50.6,6.5,27.0,0.2,0.0,0.1,0.0,0.2,0.1,26.2,3.6,16.2,draft,2021,FLEX
323,Derek Carrier,TE77,LV,0.0,0.0,0.0,0.0,0.0,0.0,0.0,0.0,0.0,24.0,2.0,10.0,216.0,20.0,92.3,3.0,0.2,1.2,0.0,0.0,0.0,39.6,3.0,16.1,draft,2021,FLEX
324,Donovan Peoples-Jones,WR145,CLE,0.0,0.0,0.0,0.0,0.0,0.0,0.0,0.0,0.0,21.0,3.2,9.9,255.0,46.8,124.6,1.0,0.3,0.6,0.0,0.0,0.0,31.5,6.5,16.0,draft,2021,FLEX
325,Stephen Carlson,TE78,CLE,0.0,0.0,0.0,0.0,0.0,0.0,0.0,0.0,0.0,20.0,0.8,8.1,219.0,8.0,88.5,3.0,0.0,1.1,0.0,0.0,0.0,39.9,1.3,15.5,draft,2021,FLEX
326,Travis Homer,RB104,SEA,30.6,4.6,17.8,129.5,20.0,75.2,1.0,0.0,0.4,6.4,5.5,6.0,47.6,39.8,43.8,0.4,0.0,0.2,0.2,0.2,0.2,25.2,8.8,15.2,draft,2021,FLEX
327,Jordan Thomas,TE79,IND,0.0,0.0,0.0,0.0,0.0,0.0,0.0,0.0,0.0,12.0,4.6,8.3,104.0,47.1,75.5,2.0,0.5,1.3,0.0,0.0,0.0,22.4,7.7,15.1,draft,2021,FLEX
328,Royce Freeman,RB105,DEN,33.0,9.2,20.5,143.0,38.1,87.6,1.0,0.2,0.6,5.0,2.2,3.8,33.0,14.7,24.3,0.2,0.0,0.1,0.0,0.0,0.0,23.6,6.8,15.1,draft,2021,FLEX
329,Josh Adams,RB106,NYJ,28.0,5.1,16.6,135.0,22.1,78.5,2.0,0.2,1.1,1.0,0.9,0.9,6.1,5.0,5.5,0.0,0.0,0.0,0.0,0.0,0.0,26.0,3.9,14.9,draft,2021,FLEX
330,Brevin Jordan,TE80,HOU,0.0,0.0,0.0,0.0,0.0,0.0,0.0,0.0,0.0,17.0,3.8,10.4,185.0,37.3,111.2,1.0,0.2,0.6,0.0,0.0,0.0,24.5,5.0,14.8,draft,2021,FLEX
331,Jamal Agnew,WR146,JAC,8.3,4.0,6.2,42.8,24.8,33.8,0.3,0.1,0.2,8.0,5.7,6.8,85.4,67.0,76.2,0.5,0.3,0.4,0.1,0.1,0.1,16.7,11.7,14.7,draft,2021,FLEX
332,Tyler Johnson,WR147,TB,0.0,0.0,0.0,0.0,0.0,0.0,0.0,0.0,0.0,10.0,6.1,8.1,136.0,76.9,102.7,1.0,0.6,0.8,0.0,0.0,0.0,19.6,11.1,14.7,draft,2021,FLEX
333,Jeff Smith,WR148,NYJ,0.0,0.0,0.0,0.0,0.0,0.0,0.0,0.0,0.0,9.6,9.6,9.6,107.2,107.2,107.2,0.6,0.6,0.6,0.0,0.0,0.0,14.2,14.2,14.4,draft,2021,FLEX
334,Dexter Williams,RB107,GB,16.1,9.3,12.7,68.9,39.6,54.2,0.5,0.2,0.4,8.7,4.4,6.5,67.0,31.4,49.2,0.4,0.3,0.3,0.1,0.1,0.1,18.7,10.0,14.3,draft,2021,FLEX
335,Cedrick Wilson,WR149,DAL,0.0,0.0,0.0,0.0,0.0,0.0,0.0,0.0,0.0,16.0,0.9,8.4,215.0,10.1,110.0,1.0,0.0,0.6,0.1,0.1,0.1,27.5,1.3,14.3,draft,2021,FLEX
336,Marquise Goodwin,WR150,CHI,0.0,0.0,0.0,0.0,0.0,0.0,0.0,0.0,0.0,21.0,0.7,10.8,215.0,9.6,112.3,1.0,0.0,0.5,0.0,0.0,0.0,27.5,1.3,14.2,draft,2021,FLEX
337,Dontrell Hilliard,RB108,HOU,23.0,1.9,12.4,82.0,8.0,45.0,2.0,0.0,1.0,9.0,0.9,4.9,66.0,6.2,36.1,0.0,0.0,0.0,0.0,0.0,0.0,26.8,2.0,14.1,draft,2021,FLEX
338,Josiah Deguara,TE81,GB,0.0,0.0,0.0,0.0,0.0,0.0,0.0,0.0,0.0,19.0,0.8,9.3,194.0,8.6,96.1,2.0,0.1,0.9,0.1,1.0,0.5,31.4,1.4,14.0,draft,2021,FLEX
339,Lamar Miller,RB109,WAS,27.0,0.9,14.9,112.0,3.7,62.1,2.0,0.0,0.8,4.5,0.9,3.1,37.1,7.2,25.4,0.2,0.0,0.1,0.0,0.1,0.0,26.4,1.5,13.9,draft,2021,FLEX
340,Tony Brooks-James,RB110,ATL,33.0,15.0,24.0,139.4,65.0,102.2,0.8,0.0,0.4,2.0,0.9,1.4,16.0,6.3,11.1,0.0,0.0,0.0,0.0,0.0,0.0,19.5,8.1,13.8,draft,2021,FLEX
341,Blake Bell,TE82,KC,0.0,0.0,0.0,0.0,0.0,0.0,0.0,0.0,0.0,16.0,0.9,10.0,143.0,8.9,94.8,1.1,0.1,0.7,0.0,0.1,0.0,20.3,1.4,13.8,draft,2021,FLEX
342,Alex Erickson,WR151,HOU,0.0,0.0,0.0,0.0,0.0,0.0,0.0,0.0,0.0,11.2,7.6,9.4,126.5,88.2,107.3,0.5,0.5,0.5,0.1,0.1,0.1,15.7,11.0,13.6,draft,2021,FLEX
343,Cameron Batson,WR152,TEN,5.0,0.0,2.5,29.8,0.0,14.9,0.2,0.0,0.1,7.6,6.9,7.2,81.6,78.7,80.1,0.6,0.6,0.6,0.1,0.1,0.1,15.8,11.1,13.5,draft,2021,FLEX
344,Luke Farrell,TE83,JAC,0.0,0.0,0.0,0.0,0.0,0.0,0.0,0.0,0.0,22.0,1.9,12.0,202.0,19.5,110.7,1.0,0.1,0.6,0.0,1.0,0.5,26.2,2.6,13.4,draft,2021,FLEX
345,D'Ernest Johnson,RB111,CLE,32.6,2.0,18.5,144.6,8.8,79.5,1.1,0.0,0.4,5.9,0.9,3.6,47.3,6.0,27.4,0.3,0.0,0.1,0.2,0.2,0.2,27.0,2.1,13.1,draft,2021,FLEX
346,Jordan Howard,RB112,PHI,29.0,0.9,14.9,125.0,3.8,64.4,2.0,0.0,1.0,0.9,0.0,0.4,6.2,3.0,4.6,0.0,0.0,0.0,0.0,0.0,0.0,24.8,1.4,12.9,draft,2021,FLEX
347,Mike Thomas,WR153,CIN,0.0,0.0,0.0,0.0,0.0,0.0,0.0,0.0,0.0,13.0,1.9,7.5,165.0,22.7,94.0,1.0,0.2,0.6,0.1,0.1,0.1,22.5,3.0,12.7,draft,2021,FLEX
348,Chris Moore,WR154,HOU,0.0,0.0,0.0,0.0,0.0,0.0,0.0,0.0,0.0,8.3,8.3,8.3,92.6,92.6,92.6,0.6,0.6,0.6,0.0,0.0,0.0,12.5,12.5,12.6,draft,2021,FLEX
349,Noah Brown,WR155,DAL,0.0,0.0,0.0,0.0,0.0,0.0,0.0,0.0,0.0,14.2,0.9,7.5,174.8,10.1,92.5,1.1,0.0,0.6,0.1,0.1,0.1,24.1,1.3,12.4,draft,2021,FLEX
350,JaMycal Hasty,RB113,SF,35.0,6.1,15.9,189.0,26.3,81.2,1.0,0.1,0.4,2.1,2.0,2.0,14.8,12.0,13.8,0.1,0.0,0.0,0.0,0.0,0.0,26.1,5.7,12.4,draft,2021,FLEX
351,Rico Dowdle,RB114,DAL,33.0,0.9,15.6,137.0,3.8,65.2,1.0,0.0,0.5,4.9,0.9,2.9,38.4,7.0,26.4,0.2,0.0,0.1,0.0,0.1,0.0,23.1,1.4,12.4,draft,2021,FLEX
352,Colby Parkinson,TE84,SEA,0.0,0.0,0.0,0.0,0.0,0.0,0.0,0.0,0.0,11.0,4.2,7.6,113.0,43.4,78.6,1.0,0.5,0.8,0.0,0.1,0.0,17.3,7.0,12.3,draft,2021,FLEX
353,Ty Montgomery,RB115,NO,28.0,2.3,14.3,98.0,9.9,53.9,0.3,0.0,0.1,10.3,2.4,6.2,85.7,19.9,48.9,0.5,0.0,0.2,0.1,0.1,0.1,18.7,4.2,12.1,draft,2021,FLEX
354,Equanimeous St,WR156,GB,0.0,0.0,0.0,0.0,0.0,0.0,0.0,0.0,0.0,9.4,3.5,6.5,125.0,50.1,87.5,0.8,0.3,0.6,0.0,0.0,0.0,17.2,7.0,12.1,draft,2021,FLEX
355,Frank Darby,WR157,ATL,0.0,0.0,0.0,0.0,0.0,0.0,0.0,0.0,0.0,7.3,7.3,7.3,92.3,92.3,92.3,0.5,0.5,0.5,0.0,0.0,0.0,11.9,11.9,11.9,draft,2021,FLEX
356,Andy Isabella,WR158,ARI,0.0,0.0,0.0,0.0,0.0,0.0,0.0,0.0,0.0,10.7,3.7,7.2,133.7,46.7,90.2,0.7,0.3,0.5,0.0,0.0,0.0,17.2,6.3,11.9,draft,2021,FLEX
357,Devin Funchess,WR159,GB,0.0,0.0,0.0,0.0,0.0,0.0,0.0,0.0,0.0,10.4,1.9,6.1,132.0,24.6,78.3,1.2,0.2,0.7,0.0,0.0,0.0,20.1,3.7,11.8,draft,2021,FLEX
358,Jordan Wilkins,RB116,IND,34.0,4.6,14.7,174.0,19.9,72.9,1.0,0.1,0.4,2.0,1.0,1.7,15.1,8.0,12.3,0.2,0.0,0.1,0.0,0.0,0.0,24.2,4.8,11.6,draft,2021,FLEX
359,Penny Hart,WR160,SEA,1.3,0.0,0.7,6.6,0.0,3.3,0.0,0.0,0.0,9.8,3.5,6.7,113.0,43.7,78.3,0.8,0.3,0.6,0.0,0.0,0.0,16.8,6.2,11.5,draft,2021,FLEX
360,Ke'Shawn Vaughn,RB117,TB,21.4,8.2,14.8,91.2,34.5,62.9,0.7,0.2,0.5,2.5,2.4,2.4,18.0,16.2,17.1,0.2,0.1,0.1,0.0,0.0,0.0,15.3,7.2,11.5,draft,2021,FLEX
361,Trey Edmunds,RB118,PIT,12.7,12.7,12.7,55.1,55.1,55.1,0.3,0.3,0.3,3.9,3.9,3.9,25.8,25.8,25.8,0.2,0.2,0.2,0.0,0.0,0.0,11.1,11.1,11.2,draft,2021,FLEX
362,John Bates,TE85,WAS,0.0,0.0,0.0,0.0,0.0,0.0,0.0,0.0,0.0,17.0,1.9,9.5,156.0,20.5,88.2,1.0,0.1,0.6,0.0,1.0,0.5,21.6,2.8,11.2,draft,2021,FLEX
363,Kene Nwangwu,RB119,MIN,23.0,23.0,23.0,91.0,91.0,91.0,0.0,0.0,0.0,3.0,3.0,3.0,21.0,21.0,21.0,0.0,0.0,0.0,0.0,0.0,0.0,11.2,11.2,11.2,draft,2021,FLEX
364,Juwan Johnson,WR161,NO,0.0,0.0,0.0,0.0,0.0,0.0,0.0,0.0,0.0,14.0,1.1,7.3,186.0,13.8,97.3,0.6,0.0,0.2,0.0,0.0,0.0,18.6,1.9,11.0,draft,2021,FLEX
365,Tommy Sweeney,TE86,BUF,0.0,0.0,0.0,0.0,0.0,0.0,0.0,0.0,0.0,13.0,0.9,6.0,171.0,9.6,75.6,1.0,0.2,0.5,0.0,0.0,0.0,23.1,1.6,10.7,draft,2021,FLEX
366,Nick Westbrook-Ikhine,WR162,TEN,0.0,0.0,0.0,0.0,0.0,0.0,0.0,0.0,0.0,13.0,1.1,5.8,179.0,11.9,77.2,1.0,0.1,0.5,0.0,0.0,0.0,23.9,1.7,10.6,draft,2021,FLEX
367,Gary Brightwell,RB120,NYG,20.0,12.3,16.2,88.0,50.9,69.4,0.5,0.0,0.3,3.0,2.1,2.6,22.0,15.8,18.9,0.1,0.0,0.0,0.1,0.1,0.1,11.0,10.0,10.5,draft,2021,FLEX
368,DaeSean Hamilton,WR163,DEN,0.0,0.0,0.0,0.0,0.0,0.0,0.0,0.0,0.0,7.3,7.3,7.3,75.0,75.0,75.0,0.5,0.5,0.5,0.0,0.0,0.0,10.4,10.4,10.4,draft,2021,FLEX
369,JP Holtz,TE87,CHI,0.0,0.0,0.0,0.0,0.0,0.0,0.0,0.0,0.0,11.0,0.8,5.9,138.0,8.5,73.3,1.0,0.0,0.5,0.0,0.0,0.0,19.8,1.3,10.3,draft,2021,FLEX
370,Stephen Anderson,TE88,LAC,0.0,0.0,0.0,0.0,0.0,0.0,0.0,0.0,0.0,13.0,0.8,5.9,165.0,9.0,73.2,1.0,0.1,0.4,0.0,0.0,0.0,22.5,1.4,10.0,draft,2021,FLEX
371,Tommy Tremble,TE89,CAR,0.0,0.0,0.0,0.0,0.0,0.0,0.0,0.0,0.0,19.0,3.0,8.6,187.0,33.0,85.3,1.0,0.0,0.4,0.0,1.0,0.5,24.7,3.3,9.9,draft,2021,FLEX
372,Alec Ingold,RB121,LV,4.6,4.4,4.5,19.3,18.3,18.8,0.2,0.1,0.2,8.4,4.8,6.6,74.3,35.1,54.7,0.4,0.2,0.3,0.1,0.1,0.1,12.1,7.5,9.8,draft,2021,FLEX
373,Tre' McKitty,TE90,LAC,0.0,0.0,0.0,0.0,0.0,0.0,0.0,0.0,0.0,13.0,2.0,7.0,141.0,19.8,75.3,1.0,0.0,0.4,0.0,0.0,0.0,20.1,2.8,9.8,draft,2021,FLEX
374,Patrick Ricard,RB122,BAL,2.0,0.0,1.0,8.5,-3.0,1.8,0.0,0.0,0.0,17.0,2.5,8.8,102.0,16.1,58.1,2.0,0.2,0.8,0.1,1.0,0.5,21.9,3.7,9.8,draft,2021,FLEX
375,Evan Baylis,TE91,KC,0.0,0.0,0.0,0.0,0.0,0.0,0.0,0.0,0.0,13.0,0.0,6.5,135.0,0.0,67.5,1.0,0.0,0.5,0.0,0.0,0.0,19.5,0.0,9.8,draft,2021,FLEX
376,Kylin Hill,RB123,GB,34.0,6.1,20.0,136.0,25.2,80.6,0.2,0.0,0.1,3.0,0.0,1.5,22.0,0.0,11.0,0.0,0.0,0.0,0.0,0.0,0.0,15.8,3.7,9.7,draft,2021,FLEX
377,CJ Ham,RB124,MIN,4.8,4.7,4.7,20.0,19.9,20.0,0.2,0.2,0.2,7.8,4.0,5.9,67.4,32.5,50.0,0.4,0.2,0.3,0.1,0.1,0.1,11.7,7.4,9.6,draft,2021,FLEX
378,Richard Rodgers,TE92,PHI,0.0,0.0,0.0,0.0,0.0,0.0,0.0,0.0,0.0,10.0,1.2,4.9,141.0,13.0,64.6,1.0,0.2,0.5,0.0,0.0,0.0,20.1,2.0,9.4,draft,2021,FLEX
379,John Ross,WR164,NYG,2.1,0.0,0.7,11.8,0.0,3.9,0.1,0.0,0.0,6.2,0.7,4.3,83.0,8.6,56.4,1.0,0.0,0.5,0.1,0.1,0.1,14.3,1.2,9.2,draft,2021,FLEX
380,Jeremy Sprinkle,TE93,DAL,0.0,0.0,0.0,0.0,0.0,0.0,0.0,0.0,0.0,13.0,0.9,6.1,134.0,9.0,62.5,1.0,0.0,0.5,0.0,0.0,0.0,19.4,1.3,9.0,draft,2021,FLEX
381,Charlie Woerner,TE94,SF,0.0,0.0,0.0,0.0,0.0,0.0,0.0,0.0,0.0,13.0,0.8,5.7,146.0,8.1,63.9,1.0,0.0,0.4,0.0,0.0,0.0,20.6,1.3,9.0,draft,2021,FLEX
382,Antonio Gandy-Golden,WR165,WAS,0.0,0.0,0.0,0.0,0.0,0.0,0.0,0.0,0.0,5.5,4.2,4.8,72.5,57.2,64.8,0.4,0.3,0.4,0.0,0.0,0.0,9.7,7.5,8.7,draft,2021,FLEX
383,Matt LaCosse,TE95,NE,0.0,0.0,0.0,0.0,0.0,0.0,0.0,0.0,0.0,11.0,0.7,5.8,105.0,6.9,55.9,1.0,0.0,0.5,0.0,0.0,0.0,16.5,1.1,8.6,draft,2021,FLEX
384,Chris Evans,RB125,CIN,22.0,7.8,14.9,82.0,32.6,57.3,0.3,0.0,0.1,4.5,0.0,2.3,34.0,0.0,17.0,0.2,0.0,0.1,0.1,0.1,0.1,9.0,8.2,8.6,draft,2021,FLEX
385,Jaeden Graham,TE96,ATL,0.0,0.0,0.0,0.0,0.0,0.0,0.0,0.0,0.0,13.0,0.9,5.3,183.0,8.9,65.8,1.0,0.0,0.3,0.0,0.0,0.0,24.3,1.4,8.5,draft,2021,FLEX
386,Troy Fumagalli,TE97,NE,0.0,0.0,0.0,0.0,0.0,0.0,0.0,0.0,0.0,11.0,1.4,6.2,87.0,12.7,49.8,1.0,0.2,0.6,0.0,0.0,0.0,14.7,1.9,8.5,draft,2021,FLEX
387,Johnny Mundt,TE98,LAR,0.0,0.0,0.0,0.0,0.0,0.0,0.0,0.0,0.0,6.3,4.3,5.3,67.2,45.8,56.5,0.7,0.3,0.5,0.0,0.0,0.0,10.7,6.2,8.4,draft,2021,FLEX
388,Theo Riddick,RB126,LV,13.1,0.9,7.3,54.1,3.6,30.9,0.4,0.0,0.1,11.0,0.9,5.4,88.0,6.1,42.3,0.2,0.0,0.1,0.1,0.1,0.1,12.3,1.4,8.2,draft,2021,FLEX
389,Demetric Felton,WR166,CLE,9.3,9.3,9.3,39.5,39.5,39.5,0.4,0.4,0.4,1.9,1.9,1.9,15.2,15.2,15.2,0.1,0.1,0.1,0.0,0.0,0.0,8.1,8.1,8.2,draft,2021,FLEX
390,Reggie Bonnafon,RB127,CAR,24.0,4.5,12.0,85.0,19.6,45.5,0.2,0.0,0.1,5.0,0.8,3.4,38.0,5.1,25.2,0.1,0.0,0.0,0.1,0.1,0.1,12.3,3.4,8.1,draft,2021,FLEX
391,Javon Wims,WR167,CHI,0.0,0.0,0.0,0.0,0.0,0.0,0.0,0.0,0.0,8.0,1.1,5.2,116.0,12.5,70.8,0.5,0.0,0.2,0.0,0.0,0.0,11.6,1.7,8.0,draft,2021,FLEX
392,Tajae Sharpe,WR168,ATL,0.0,0.0,0.0,0.0,0.0,0.0,0.0,0.0,0.0,5.7,3.6,4.6,69.5,47.7,58.6,0.4,0.3,0.4,0.0,0.0,0.0,9.4,6.6,8.0,draft,2021,FLEX
393,Jason Croom,TE99,PHI,0.0,0.0,0.0,0.0,0.0,0.0,0.0,0.0,0.0,10.0,0.8,5.4,89.0,8.5,48.7,1.0,0.0,0.5,0.0,0.0,0.0,14.9,1.3,7.9,draft,2021,FLEX
394,Alex Armah,RB128,NO,4.6,4.3,4.4,19.5,17.6,18.5,0.2,0.1,0.2,4.9,4.0,4.5,37.0,35.6,36.3,0.3,0.2,0.2,0.1,0.1,0.1,8.2,6.9,7.7,draft,2021,FLEX
395,Levine Toilolo,TE100,NYG,0.0,0.0,0.0,0.0,0.0,0.0,0.0,0.0,0.0,10.0,0.8,5.4,85.0,7.4,46.2,1.0,0.0,0.5,0.0,0.0,0.0,14.5,1.1,7.6,draft,2021,FLEX
396,Victor Bolden,WR169,DET,0.0,0.0,0.0,0.0,0.0,0.0,0.0,0.0,0.0,5.2,5.2,5.2,56.2,56.2,56.2,0.3,0.3,0.3,0.0,0.0,0.0,7.3,7.3,7.5,draft,2021,FLEX
397,Steven Sims,WR170,WAS,2.1,0.0,1.1,14.0,0.0,7.0,0.1,0.0,0.0,5.9,1.8,3.9,75.2,23.4,49.3,0.4,0.1,0.3,0.0,0.0,0.0,9.9,4.9,7.5,draft,2021,FLEX
398,Ben Ellefson,TE101,JAC,0.0,0.0,0.0,0.0,0.0,0.0,0.0,0.0,0.0,5.9,4.1,5.0,65.1,42.0,53.6,0.4,0.3,0.4,0.0,0.0,0.0,8.7,6.2,7.4,draft,2021,FLEX
399,Albert Wilson,WR171,MIA,2.0,1.2,1.6,11.6,6.1,8.8,0.1,0.0,0.0,6.8,2.4,4.6,65.3,26.8,46.0,0.5,0.1,0.3,0.0,0.0,0.0,10.3,4.9,7.4,draft,2021,FLEX
400,Kalif Raymond,WR172,DET,0.0,0.0,0.0,0.0,0.0,0.0,0.0,0.0,0.0,7.0,3.8,4.9,89.0,50.7,64.9,0.2,0.0,0.1,0.0,0.0,0.0,8.9,6.4,7.3,draft,2021,FLEX
401,Eric Saubert,TE102,DEN,0.0,0.0,0.0,0.0,0.0,0.0,0.0,0.0,0.0,10.0,0.8,4.9,95.0,7.3,46.7,1.0,0.0,0.4,0.0,0.0,0.0,15.5,1.1,7.2,draft,2021,FLEX
402,Diontae Spencer,WR173,DEN,2.6,2.3,2.4,13.8,13.5,13.7,0.2,0.1,0.1,3.7,3.6,3.6,41.3,38.7,40.0,0.2,0.2,0.2,0.0,0.0,0.0,7.2,6.9,7.1,draft,2021,FLEX
403,Andrew Beck,TE103,DEN,4.9,4.9,4.9,21.2,21.2,21.2,0.2,0.2,0.2,4.1,4.1,4.1,28.0,28.0,28.0,0.2,0.2,0.2,0.0,0.0,0.0,6.8,6.8,7.0,draft,2021,FLEX
404,Khalil Herbert,RB129,CHI,8.3,8.3,8.3,34.5,34.5,34.5,0.2,0.2,0.2,2.0,2.0,2.0,16.3,16.3,16.3,0.1,0.1,0.1,0.0,0.0,0.0,6.8,6.8,6.9,draft,2021,FLEX
405,Ihmir Smith-Marsette,WR174,MIN,0.0,0.0,0.0,0.0,0.0,0.0,0.0,0.0,0.0,6.0,3.2,4.6,81.0,40.7,60.8,0.3,0.0,0.1,0.0,0.0,0.0,8.1,5.6,6.8,draft,2021,FLEX
406,Cornell Powell,WR175,KC,0.0,0.0,0.0,0.0,0.0,0.0,0.0,0.0,0.0,3.8,3.8,3.8,48.7,48.7,48.7,0.3,0.3,0.3,0.0,0.0,0.0,6.8,6.8,6.8,draft,2021,FLEX
407,Malik Taylor,WR176,GB,0.0,0.0,0.0,0.0,0.0,0.0,0.0,0.0,0.0,4.0,4.0,4.0,46.6,46.6,46.6,0.3,0.3,0.3,0.0,0.0,0.0,6.5,6.5,6.7,draft,2021,FLEX
408,Gerrid Doaks,RB130,MIA,8.1,8.1,8.1,33.3,33.3,33.3,0.2,0.2,0.2,2.2,2.2,2.2,15.9,15.9,15.9,0.1,0.1,0.1,0.0,0.0,0.0,6.7,6.7,6.6,draft,2021,FLEX
409,Josh Oliver,TE104,BAL,0.0,0.0,0.0,0.0,0.0,0.0,0.0,0.0,0.0,4.8,3.3,4.0,50.9,32.6,41.8,0.5,0.3,0.4,0.0,0.0,0.0,7.9,5.3,6.6,draft,2021,FLEX
410,Isaiah Hodgins,WR177,BUF,0.0,0.0,0.0,0.0,0.0,0.0,0.0,0.0,0.0,3.7,3.7,3.7,46.9,46.9,46.9,0.3,0.3,0.3,0.0,0.0,0.0,6.6,6.6,6.6,draft,2021,FLEX
411,JJ Nelson,WR178,IND,0.0,0.0,0.0,0.0,0.0,0.0,0.0,0.0,0.0,3.0,3.0,3.0,46.3,46.3,46.3,0.3,0.3,0.3,0.0,0.0,0.0,6.4,6.4,6.6,draft,2021,FLEX
412,Jaelon Darden,WR179,TB,0.0,0.0,0.0,0.0,0.0,0.0,0.0,0.0,0.0,4.2,4.2,4.2,48.0,48.0,48.0,0.3,0.3,0.3,0.0,0.0,0.0,6.5,6.5,6.5,draft,2021,FLEX
413,Justin Watson,WR180,TB,0.0,0.0,0.0,0.0,0.0,0.0,0.0,0.0,0.0,4.1,4.1,4.1,44.4,44.4,44.4,0.3,0.3,0.3,0.0,0.0,0.0,6.3,6.3,6.5,draft,2021,FLEX
414,Lil'Jordan Humphrey,WR181,NO,0.0,0.0,0.0,0.0,0.0,0.0,0.0,0.0,0.0,3.7,3.5,3.6,47.3,47.1,47.2,0.3,0.3,0.3,0.0,0.0,0.0,6.5,6.3,6.5,draft,2021,FLEX
415,Buddy Howell,RB131,HOU,4.0,4.0,4.0,17.1,17.1,17.1,0.2,0.2,0.2,4.1,4.1,4.1,28.2,28.2,28.2,0.2,0.2,0.2,0.0,0.0,0.0,6.3,6.3,6.5,draft,2021,FLEX
416,Kylen Granson,TE105,IND,0.0,0.0,0.0,0.0,0.0,0.0,0.0,0.0,0.0,7.0,3.4,5.2,77.0,35.2,56.1,0.3,0.0,0.1,0.0,0.0,0.0,7.7,5.0,6.3,draft,2021,FLEX
417,Ross Travis,TE106,ARI,0.0,0.0,0.0,0.0,0.0,0.0,0.0,0.0,0.0,3.9,3.9,3.9,42.6,42.6,42.6,0.4,0.4,0.4,0.0,0.0,0.0,6.3,6.3,6.3,draft,2021,FLEX
418,Marcus Johnson,WR182,TEN,0.0,0.0,0.0,0.0,0.0,0.0,0.0,0.0,0.0,3.6,3.6,3.6,43.7,43.7,43.7,0.3,0.3,0.3,0.0,0.0,0.0,6.0,6.0,6.3,draft,2021,FLEX
419,Michael Warren,RB132,DET,7.7,7.7,7.7,31.4,31.4,31.4,0.2,0.2,0.2,2.3,2.3,2.3,16.7,16.7,16.7,0.1,0.1,0.1,0.0,0.0,0.0,6.2,6.2,6.2,draft,2021,FLEX
420,Noah Togiai,TE107,IND,0.0,0.0,0.0,0.0,0.0,0.0,0.0,0.0,0.0,7.1,0.7,3.9,78.1,7.6,42.9,0.6,0.1,0.3,0.1,0.1,0.1,11.3,1.2,6.1,draft,2021,FLEX
421,Jakeem Grant,WR183,MIA,2.0,0.9,1.5,11.9,4.8,8.4,0.1,0.0,0.0,4.5,2.0,3.2,47.8,22.3,35.1,0.3,0.1,0.2,0.0,0.0,0.0,7.0,4.5,5.9,draft,2021,FLEX
422,Nick Bellore,LB1,SEA,1.6,1.6,1.6,6.6,6.6,6.6,0.0,0.0,0.0,4.4,4.4,4.4,32.0,32.0,32.0,0.3,0.3,0.3,0.0,0.0,0.0,5.8,5.8,5.8,draft,2021,FLEX
423,Nick Keizer,TE108,KC,0.0,0.0,0.0,0.0,0.0,0.0,0.0,0.0,0.0,4.4,4.0,4.2,45.0,44.0,44.5,0.5,0.0,0.2,0.0,0.0,0.0,7.1,4.4,5.8,draft,2021,FLEX
424,Gabe Nabers,RB133,LAC,4.6,2.1,3.3,20.0,8.9,14.4,0.2,0.1,0.1,4.5,1.8,3.2,37.6,12.7,25.1,0.2,0.2,0.2,0.1,0.1,0.1,6.3,4.7,5.8,draft,2021,FLEX
425,Chester Rogers,WR184,TEN,0.0,0.0,0.0,0.0,0.0,0.0,0.0,0.0,0.0,3.9,3.9,3.9,38.2,38.2,38.2,0.3,0.3,0.3,0.0,0.0,0.0,5.4,5.4,5.7,draft,2021,FLEX
426,Gunner Olszewski,WR185,NE,2.3,1.3,1.8,12.4,6.9,9.6,0.1,0.0,0.1,3.9,1.7,2.8,46.1,21.7,33.9,0.3,0.1,0.2,0.0,0.0,0.0,7.1,4.5,5.7,draft,2021,FLEX
427,Zay Jones,WR186,LV,0.0,0.0,0.0,0.0,0.0,0.0,0.0,0.0,0.0,3.3,3.3,3.3,39.6,35.1,37.3,0.4,0.3,0.3,0.0,0.0,0.0,6.1,5.1,5.6,draft,2021,FLEX
428,Tylan Wallace,WR187,BAL,0.0,0.0,0.0,0.0,0.0,0.0,0.0,0.0,0.0,3.0,3.0,3.0,38.7,38.7,38.7,0.3,0.3,0.3,0.0,0.0,0.0,5.5,5.5,5.5,draft,2021,FLEX
429,Dazz Newsome,WR188,CHI,0.0,0.0,0.0,0.0,0.0,0.0,0.0,0.0,0.0,3.3,3.3,3.3,42.6,42.6,42.6,0.2,0.2,0.2,0.0,0.0,0.0,5.5,5.5,5.5,draft,2021,FLEX
430,Keith Smith,RB134,ATL,4.4,2.1,3.2,18.6,8.8,13.7,0.2,0.1,0.1,4.5,2.3,3.4,37.1,15.0,26.1,0.2,0.1,0.2,0.1,0.1,0.1,5.7,4.6,5.5,draft,2021,FLEX
431,Trent Taylor,WR189,CIN,0.0,0.0,0.0,0.0,0.0,0.0,0.0,0.0,0.0,4.0,3.9,4.0,40.5,39.7,40.1,0.3,0.2,0.2,0.0,0.0,0.0,5.5,5.4,5.4,draft,2021,FLEX
432,Temarrick Hemingway,TE109,WAS,0.0,0.0,0.0,0.0,0.0,0.0,0.0,0.0,0.0,6.0,0.9,3.4,68.2,9.5,38.9,0.5,0.0,0.2,0.0,0.0,0.0,9.5,1.4,5.2,draft,2021,FLEX
433,Antonio Williams,RB135,BUF,8.7,7.2,8.0,37.1,31.1,34.1,0.3,0.2,0.3,0.9,0.0,0.4,6.3,0.0,3.2,0.0,0.0,0.0,0.0,0.0,0.0,6.2,4.5,5.2,draft,2021,FLEX
434,Mason Schreck,TE110,CIN,0.0,0.0,0.0,0.0,0.0,0.0,0.0,0.0,0.0,4.1,2.9,3.5,43.0,30.0,36.5,0.3,0.2,0.3,0.0,0.0,0.0,6.2,4.4,5.2,draft,2021,FLEX
435,Alize Mack,TE111,DET,0.0,0.0,0.0,0.0,0.0,0.0,0.0,0.0,0.0,4.0,4.0,4.0,39.3,39.3,39.3,0.2,0.2,0.2,0.0,0.0,0.0,5.1,5.1,5.1,draft,2021,FLEX
436,Jared Pinkney,TE112,TEN,0.0,0.0,0.0,0.0,0.0,0.0,0.0,0.0,0.0,3.4,3.4,3.4,33.5,33.5,33.5,0.3,0.3,0.3,0.0,0.0,0.0,5.1,5.1,5.1,draft,2021,FLEX
437,Andy Janovich,RB136,CLE,2.5,0.0,1.2,10.6,0.0,5.3,0.0,0.0,0.0,4.1,3.7,3.9,34.4,31.5,33.0,0.2,0.2,0.2,0.0,0.0,0.0,6.1,4.4,5.0,draft,2021,FLEX
438,Caleb Wilson,TE113,PHI,0.0,0.0,0.0,0.0,0.0,0.0,0.0,0.0,0.0,3.5,3.5,3.5,36.7,36.7,36.7,0.2,0.2,0.2,0.0,0.0,0.0,4.9,4.9,4.9,draft,2021,FLEX
439,Quez Watkins,WR190,PHI,0.0,0.0,0.0,0.0,0.0,0.0,0.0,0.0,0.0,5.1,0.7,2.9,67.6,9.2,38.4,0.4,0.0,0.2,0.0,0.0,0.0,8.9,1.2,4.9,draft,2021,FLEX
440,Keith Kirkwood,WR191,CAR,0.0,0.0,0.0,0.0,0.0,0.0,0.0,0.0,0.0,5.4,0.7,3.0,69.0,7.7,38.3,0.3,0.0,0.2,0.0,0.0,0.0,8.7,1.1,4.7,draft,2021,FLEX
441,Alex Collins,RB137,SEA,8.8,0.9,4.8,36.7,3.8,20.2,0.4,0.0,0.2,2.0,0.9,1.4,15.0,6.3,10.6,0.1,0.0,0.1,0.1,0.1,0.1,7.8,1.5,4.4,draft,2021,FLEX
442,Derek Watt,RB138,PIT,4.5,3.8,4.2,19.4,16.3,17.8,0.2,0.1,0.1,3.4,0.0,1.7,24.4,0.0,12.2,0.2,0.0,0.1,0.0,0.0,0.0,6.1,2.3,4.3,draft,2021,FLEX
443,Gehrig Dieter,WR192,KC,0.0,0.0,0.0,0.0,0.0,0.0,0.0,0.0,0.0,4.0,0.9,2.4,52.7,9.7,31.2,0.4,0.0,0.2,0.0,0.0,0.0,7.5,1.4,4.2,draft,2021,FLEX
444,Deon Yelder,TE114,WAS,0.0,0.0,0.0,0.0,0.0,0.0,0.0,0.0,0.0,4.0,1.2,2.6,44.6,14.1,29.3,0.3,0.2,0.2,0.0,0.0,0.0,6.1,2.1,4.2,draft,2021,FLEX
445,Ben Mason,RB139,BAL,0.0,0.0,0.0,0.0,0.0,0.0,0.0,0.0,0.0,3.5,3.5,3.5,27.6,27.6,27.6,0.2,0.2,0.2,0.0,0.0,0.0,4.1,4.1,4.1,draft,2021,FLEX
446,Zach Gentry,TE115,PIT,0.0,0.0,0.0,0.0,0.0,0.0,0.0,0.0,0.0,4.6,0.9,2.7,48.5,8.7,28.6,0.4,0.0,0.2,0.0,0.0,0.0,7.2,1.4,4.1,draft,2021,FLEX
447,Darwin Thompson,RB140,KC,4.3,3.5,3.9,18.3,14.7,16.5,0.2,0.1,0.2,2.4,1.0,1.7,18.1,6.5,12.3,0.1,0.0,0.1,0.0,0.0,0.0,4.7,3.5,4.1,draft,2021,FLEX
448,JJ Arcega-Whiteside,WR193,PHI,0.0,0.0,0.0,0.0,0.0,0.0,0.0,0.0,0.0,2.9,1.6,2.2,38.5,23.9,31.2,0.2,0.1,0.2,0.0,0.0,0.0,5.1,3.1,4.0,draft,2021,FLEX
449,Dwayne Washington,RB141,NO,8.5,0.9,4.7,36.2,3.8,20.0,0.2,0.0,0.1,2.1,0.9,1.5,16.9,6.3,11.6,0.1,0.0,0.0,0.0,0.0,0.0,7.1,1.5,4.0,draft,2021,FLEX
450,Michael Burton,RB142,KC,3.5,3.0,3.3,14.9,12.9,13.9,0.1,0.0,0.1,2.3,1.4,1.9,20.0,9.7,14.8,0.1,0.1,0.1,0.0,0.0,0.0,4.9,3.3,3.9,draft,2021,FLEX
451,Patrick Laird,RB143,MIA,4.1,1.5,2.8,16.9,6.4,11.6,0.1,0.0,0.1,4.6,0.9,2.7,34.0,5.5,19.8,0.2,0.0,0.1,0.0,0.0,0.0,6.7,1.7,3.9,draft,2021,FLEX
452,Damiere Byrd,WR194,CHI,0.0,0.0,0.0,0.0,0.0,0.0,0.0,0.0,0.0,3.4,1.3,2.4,43.9,15.5,29.7,0.2,0.1,0.2,0.0,0.0,0.0,5.4,2.1,3.9,draft,2021,FLEX
453,JJ Taylor,RB144,NE,4.6,1.0,2.8,19.7,4.5,12.1,0.2,0.0,0.1,4.0,0.7,2.3,30.6,5.1,17.9,0.1,0.0,0.1,0.0,0.0,0.0,6.8,1.4,3.8,draft,2021,FLEX
454,Dominique Dafney,TE116,GB,0.0,0.0,0.0,0.0,0.0,0.0,0.0,0.0,0.0,4.0,0.8,2.4,42.9,8.6,25.8,0.4,0.1,0.2,0.0,0.0,0.0,6.3,1.4,3.8,draft,2021,FLEX
455,Garrett Griffin,TE117,NO,0.0,0.0,0.0,0.0,0.0,0.0,0.0,0.0,0.0,3.7,0.9,2.3,42.5,9.2,25.8,0.3,0.0,0.2,0.0,0.0,0.0,6.3,1.4,3.7,draft,2021,FLEX
456,Nsimba Webster,WR195,SF,0.0,0.0,0.0,0.0,0.0,0.0,0.0,0.0,0.0,3.7,0.8,2.3,48.2,9.5,28.9,0.3,0.0,0.1,0.0,0.0,0.0,6.3,1.3,3.6,draft,2021,FLEX
457,Jaydon Mickens,WR196,TB,0.0,0.0,0.0,0.0,0.0,0.0,0.0,0.0,0.0,2.0,2.0,2.0,24.6,24.6,24.6,0.2,0.2,0.2,0.0,0.0,0.0,3.5,3.5,3.5,draft,2021,FLEX
458,Brandon Dillon,TE118,MIN,0.0,0.0,0.0,0.0,0.0,0.0,0.0,0.0,0.0,3.6,0.8,2.2,39.6,8.0,23.8,0.3,0.0,0.2,0.0,0.0,0.0,6.0,1.3,3.4,draft,2021,FLEX
459,Simi Fehoko,WR197,DAL,0.0,0.0,0.0,0.0,0.0,0.0,0.0,0.0,0.0,2.0,2.0,2.0,25.1,25.1,25.1,0.2,0.2,0.2,0.0,0.0,0.0,3.4,3.4,3.4,draft,2021,FLEX
460,Isaac Whitney,WR198,ARI,0.0,0.0,0.0,0.0,0.0,0.0,0.0,0.0,0.0,2.0,2.0,2.0,23.6,23.6,23.6,0.2,0.2,0.2,0.0,0.0,0.0,3.1,3.1,3.4,draft,2021,FLEX
461,Terry Godwin,WR199,JAC,0.0,0.0,0.0,0.0,0.0,0.0,0.0,0.0,0.0,2.0,2.0,2.0,22.5,22.5,22.5,0.2,0.2,0.2,0.0,0.0,0.0,3.0,3.0,3.3,draft,2021,FLEX
462,Jesper Horsted,TE119,CHI,0.0,0.0,0.0,0.0,0.0,0.0,0.0,0.0,0.0,3.7,0.8,2.3,40.0,8.5,24.2,0.3,0.0,0.1,0.0,0.0,0.0,5.7,1.3,3.3,draft,2021,FLEX
463,KJ Osborn,WR200,MIN,0.0,0.0,0.0,0.0,0.0,0.0,0.0,0.0,0.0,3.2,0.7,1.9,40.7,8.7,24.7,0.3,0.0,0.1,0.0,0.0,0.0,5.6,1.2,3.2,draft,2021,FLEX
464,Brandon Powell,WR201,BUF,0.0,0.0,0.0,0.0,0.0,0.0,0.0,0.0,0.0,2.0,2.0,2.0,21.8,21.8,21.8,0.2,0.2,0.2,0.0,0.0,0.0,3.1,3.1,3.2,draft,2021,FLEX
465,Cethan Carter,TE120,MIA,0.0,0.0,0.0,0.0,0.0,0.0,0.0,0.0,0.0,4.1,0.9,2.5,41.2,7.2,24.2,0.2,0.0,0.1,0.0,0.0,0.0,5.5,1.2,3.1,draft,2021,FLEX
466,Corey Clement,RB145,NYG,4.3,4.1,4.2,18.3,16.7,17.5,0.2,0.1,0.2,1.0,0.0,0.5,7.1,0.0,3.6,0.0,0.0,0.0,0.0,0.0,0.0,3.3,2.5,3.0,draft,2021,FLEX
467,Kaden Smith,TE121,NYG,0.0,0.0,0.0,0.0,0.0,0.0,0.0,0.0,0.0,4.1,0.9,2.5,36.4,7.5,22.0,0.3,0.0,0.1,0.0,0.0,0.0,5.2,1.2,2.9,draft,2021,FLEX
468,KJ Hill,WR202,LAC,2.1,0.0,1.0,12.5,0.0,6.3,0.1,0.0,0.0,2.0,0.8,1.4,24.0,9.4,16.7,0.1,0.0,0.1,0.0,0.0,0.0,5.0,1.4,2.9,draft,2021,FLEX
469,DeMichael Harris,WR203,IND,2.3,0.9,1.6,13.3,4.8,9.0,0.1,0.0,0.0,1.7,0.7,1.2,21.1,8.0,14.6,0.1,0.0,0.1,0.0,0.0,0.0,4.6,1.9,2.9,draft,2021,FLEX
470,Braxton Berrios,WR204,NYJ,2.1,0.0,1.0,11.6,0.0,5.8,0.1,0.0,0.0,1.8,1.2,1.5,21.1,13.6,17.4,0.1,0.1,0.1,0.0,0.0,0.0,4.2,1.9,2.9,draft,2021,FLEX
471,Devine Ozigbo,RB146,JAC,4.0,1.7,2.8,17.4,7.1,12.2,0.1,0.0,0.1,2.1,0.9,1.5,16.7,6.1,11.4,0.1,0.0,0.0,0.0,0.0,0.0,4.5,1.9,2.9,draft,2021,FLEX
472,Jalen Camp,WR205,JAC,0.0,0.0,0.0,0.0,0.0,0.0,0.0,0.0,0.0,1.8,1.8,1.8,22.2,22.2,22.2,0.1,0.1,0.1,0.0,0.0,0.0,2.9,2.9,2.9,draft,2021,FLEX
473,Ricky Seals-Jones,TE122,WAS,0.0,0.0,0.0,0.0,0.0,0.0,0.0,0.0,0.0,1.5,1.5,1.5,18.3,18.3,18.3,0.2,0.2,0.2,0.0,0.0,0.0,2.6,2.6,2.9,draft,2021,FLEX
474,Elijhaa Penny,RB147,NYG,4.1,0.9,2.5,16.9,3.7,10.3,0.2,0.0,0.1,2.1,0.9,1.5,16.6,5.2,10.9,0.1,0.0,0.0,0.0,0.0,0.0,4.7,1.2,2.8,draft,2021,FLEX
475,Allen Hurns,WR206,MIA,0.0,0.0,0.0,0.0,0.0,0.0,0.0,0.0,0.0,1.6,1.6,1.6,16.7,16.7,16.7,0.2,0.2,0.2,0.0,0.0,0.0,2.5,2.5,2.8,draft,2021,FLEX
476,Ashton Dulin,WR207,IND,2.3,0.0,1.2,12.3,0.0,6.2,0.1,0.0,0.0,1.7,0.7,1.2,21.8,8.2,15.0,0.1,0.0,0.1,0.0,0.0,0.0,4.6,1.2,2.7,draft,2021,FLEX
477,Khari Blasingame,RB148,TEN,1.0,0.0,0.5,4.1,0.0,2.1,0.0,0.0,0.0,3.7,0.9,2.3,33.2,5.8,19.5,0.2,0.0,0.1,0.0,0.0,0.0,4.4,1.4,2.7,draft,2021,FLEX
478,Seth Williams,WR208,DEN,0.0,0.0,0.0,0.0,0.0,0.0,0.0,0.0,0.0,1.7,1.7,1.7,20.2,20.2,20.2,0.1,0.1,0.1,0.0,0.0,0.0,2.7,2.7,2.7,draft,2021,FLEX
479,Shi Smith,WR209,CAR,0.0,0.0,0.0,0.0,0.0,0.0,0.0,0.0,0.0,1.7,1.7,1.7,20.7,20.7,20.7,0.1,0.1,0.1,0.0,0.0,0.0,2.6,2.6,2.6,draft,2021,FLEX
480,Tanner Hudson,TE123,TB,0.0,0.0,0.0,0.0,0.0,0.0,0.0,0.0,0.0,2.1,0.9,1.5,23.1,8.4,15.7,0.2,0.1,0.1,0.0,0.0,0.0,3.6,1.4,2.4,draft,2021,FLEX
481,Malcolm Perry,WR210,MIA,1.8,1.8,1.8,9.4,9.4,9.4,0.1,0.1,0.1,0.9,0.9,0.9,9.2,9.2,9.2,0.0,0.0,0.0,0.0,0.0,0.0,2.7,2.7,2.3,draft,2021,FLEX
482,Jakob Johnson,RB149,NE,0.0,0.0,0.0,0.0,0.0,0.0,0.0,0.0,0.0,3.8,0.7,2.3,33.0,5.0,19.0,0.1,0.0,0.1,0.0,0.0,0.0,4.0,0.7,2.2,draft,2021,FLEX
483,Travis Benjamin,WR211,SF,0.0,0.0,0.0,0.0,0.0,0.0,0.0,0.0,0.0,1.2,1.2,1.2,17.5,17.5,17.5,0.1,0.1,0.1,0.0,0.0,0.0,2.3,2.3,2.2,draft,2021,FLEX
484,Lee Smith,TE124,ATL,0.0,0.0,0.0,0.0,0.0,0.0,0.0,0.0,0.0,2.2,0.9,1.5,21.2,7.4,14.3,0.2,0.0,0.1,0.0,0.0,0.0,3.2,1.2,2.0,draft,2021,FLEX
485,Kendall Hinton,WR212,DEN,1.2,1.2,1.2,6.4,6.4,6.4,0.0,0.0,0.0,1.1,1.1,1.1,12.0,12.0,12.0,0.0,0.0,0.0,0.0,0.0,0.0,2.5,2.5,1.9,draft,2021,FLEX
486,Trent Sherfield,WR213,SF,0.0,0.0,0.0,0.0,0.0,0.0,0.0,0.0,0.0,1.6,0.7,1.1,20.7,8.5,14.6,0.1,0.0,0.1,0.0,0.0,0.0,2.9,1.2,1.9,draft,2021,FLEX
487,Dare Ogunbowale,RB150,JAC,2.1,2.1,2.1,8.8,8.8,8.8,0.0,0.0,0.0,1.4,1.4,1.4,9.4,9.4,9.4,0.0,0.0,0.0,0.0,0.0,0.0,2.5,2.5,1.8,draft,2021,FLEX
488,Isaiah Ford,WR214,MIA,0.0,0.0,0.0,0.0,0.0,0.0,0.0,0.0,0.0,1.6,1.6,1.6,15.0,15.0,15.0,0.1,0.1,0.1,0.0,0.0,0.0,2.1,2.1,1.8,draft,2021,FLEX
489,Trevon Wesco,TE125,NYJ,0.0,0.0,0.0,0.0,0.0,0.0,0.0,0.0,0.0,1.9,0.9,1.4,20.0,8.6,14.3,0.1,0.0,0.1,0.0,0.0,0.0,2.7,1.3,1.8,draft,2021,FLEX
490,Jonathan Williams,RB151,WAS,2.3,2.3,2.3,9.8,9.8,9.8,0.0,0.0,0.0,0.9,0.9,0.9,7.0,7.0,7.0,0.0,0.0,0.0,0.0,0.0,0.0,2.3,2.3,1.7,draft,2021,FLEX
491,Eric Tomlinson,TE126,BAL,0.0,0.0,0.0,0.0,0.0,0.0,0.0,0.0,0.0,1.6,0.7,1.2,16.8,6.7,11.7,0.2,0.0,0.1,0.0,0.0,0.0,2.6,1.1,1.6,draft,2021,FLEX
492,Joe Reed,WR215,LAC,0.9,0.9,0.9,4.8,4.8,4.8,0.0,0.0,0.0,0.8,0.8,0.8,9.4,9.4,9.4,0.0,0.0,0.0,0.0,0.0,0.0,2.1,2.1,1.4,draft,2021,FLEX
493,Kalen Ballage,RB152,PIT,2.1,2.1,2.1,8.5,8.5,8.5,0.0,0.0,0.0,1.0,1.0,1.0,5.7,5.7,5.7,0.0,0.0,0.0,0.0,0.0,0.0,2.1,2.1,1.4,draft,2021,FLEX
494,Codey McElroy,TE127,TB,0.0,0.0,0.0,0.0,0.0,0.0,0.0,0.0,0.0,0.9,0.9,0.9,8.5,8.5,8.5,0.1,0.1,0.1,0.0,0.0,0.0,1.4,1.4,1.4,draft,2021,FLEX
495,Matt Cole,WR216,NYJ,0.9,0.9,0.9,4.3,4.3,4.3,0.0,0.0,0.0,0.9,0.9,0.9,9.5,9.5,9.5,0.0,0.0,0.0,0.0,0.0,0.0,1.9,1.9,1.4,draft,2021,FLEX
496,Malik Turner,WR217,DAL,0.0,0.0,0.0,0.0,0.0,0.0,0.0,0.0,0.0,1.0,1.0,1.0,13.5,13.5,13.5,0.0,0.0,0.0,0.0,0.0,0.0,1.8,1.8,1.4,draft,2021,FLEX
497,Trey Quinn,WR218,LV,0.0,0.0,0.0,0.0,0.0,0.0,0.0,0.0,0.0,1.2,1.2,1.2,12.3,12.3,12.3,0.0,0.0,0.0,0.0,0.0,0.0,1.7,1.7,1.2,draft,2021,FLEX
498,Isaac Nauta,TE128,GB,0.0,0.0,0.0,0.0,0.0,0.0,0.0,0.0,0.0,0.8,0.8,0.8,8.4,8.4,8.4,0.1,0.1,0.1,0.0,0.0,0.0,1.3,1.3,1.2,draft,2021,FLEX
499,Taiwan Jones,RB153,BUF,1.1,1.1,1.1,4.7,4.7,4.7,0.0,0.0,0.0,0.9,0.9,0.9,7.0,7.0,7.0,0.0,0.0,0.0,0.0,0.0,0.0,1.6,1.6,1.2,draft,2021,FLEX
500,Antonio Callaway,WR219,KC,0.0,0.0,0.0,0.0,0.0,0.0,0.0,0.0,0.0,0.9,0.9,0.9,11.1,11.1,11.1,0.0,0.0,0.0,0.0,0.0,0.0,1.6,1.6,1.2,draft,2021,FLEX
501,Damion Ratley,WR220,DET,0.0,0.0,0.0,0.0,0.0,0.0,0.0,0.0,0.0,1.0,1.0,1.0,11.5,11.5,11.5,0.0,0.0,0.0,0.0,0.0,0.0,1.5,1.5,1.2,draft,2021,FLEX
502,Kevin Rader,TE129,PIT,0.0,0.0,0.0,0.0,0.0,0.0,0.0,0.0,0.0,0.9,0.9,0.9,8.7,8.7,8.7,0.0,0.0,0.0,0.0,0.0,0.0,1.4,1.4,1.1,draft,2021,FLEX
503,Elijah McGuire,RB154,KC,0.9,0.9,0.9,3.5,3.5,3.5,0.0,0.0,0.0,0.9,0.9,0.9,7.2,7.2,7.2,0.0,0.0,0.0,0.0,0.0,0.0,1.6,1.6,1.1,draft,2021,FLEX
504,CJ Prosise,RB155,TB,0.9,0.9,0.9,3.6,3.6,3.6,0.0,0.0,0.0,1.0,1.0,1.0,7.0,7.0,7.0,0.0,0.0,0.0,0.0,0.0,0.0,1.5,1.5,1.1,draft,2021,FLEX
505,Kelvin Harmon,WR221,WAS,0.0,0.0,0.0,0.0,0.0,0.0,0.0,0.0,0.0,0.8,0.8,0.8,10.6,10.6,10.6,0.0,0.0,0.0,0.0,0.0,0.0,1.4,1.4,1.1,draft,2021,FLEX
506,DeAndre Carter,WR222,WAS,0.0,0.0,0.0,0.0,0.0,0.0,0.0,0.0,0.0,0.9,0.9,0.9,10.4,10.4,10.4,0.0,0.0,0.0,0.0,0.0,0.0,1.3,1.3,1.0,draft,2021,FLEX
507,Vyncint Smith,WR223,NYJ,0.0,0.0,0.0,0.0,0.0,0.0,0.0,0.0,0.0,0.9,0.9,0.9,10.1,10.1,10.1,0.0,0.0,0.0,0.0,0.0,0.0,1.4,1.4,1.0,draft,2021,FLEX
508,Ryan Nall,RB156,CHI,0.9,0.9,0.9,3.7,3.7,3.7,0.0,0.0,0.0,0.9,0.9,0.9,6.3,6.3,6.3,0.0,0.0,0.0,0.0,0.0,0.0,1.5,1.5,1.0,draft,2021,FLEX
509,Artavis Pierce,RB157,CHI,0.9,0.9,0.9,3.8,3.8,3.8,0.0,0.0,0.0,0.9,0.9,0.9,6.2,6.2,6.2,0.0,0.0,0.0,0.0,0.0,0.0,1.4,1.4,1.0,draft,2021,FLEX
510,Jason Huntley,RB158,PHI,0.9,0.9,0.9,3.9,3.9,3.9,0.0,0.0,0.0,0.9,0.9,0.9,6.1,6.1,6.1,0.0,0.0,0.0,0.0,0.0,0.0,1.4,1.4,1.0,draft,2021,FLEX
511,Adrian Killins,RB159,PHI,0.9,0.9,0.9,3.9,3.9,3.9,0.0,0.0,0.0,0.9,0.9,0.9,6.1,6.1,6.1,0.0,0.0,0.0,0.0,0.0,0.0,1.4,1.4,1.0,draft,2021,FLEX
512,Austin Walter,RB160,NYJ,0.9,0.9,0.9,3.6,3.6,3.6,0.0,0.0,0.0,0.9,0.9,0.9,6.3,6.3,6.3,0.0,0.0,0.0,0.0,0.0,0.0,1.4,1.4,1.0,draft,2021,FLEX
513,LeVante Bellamy,RB161,DEN,1.0,1.0,1.0,4.4,4.4,4.4,0.0,0.0,0.0,0.9,0.9,0.9,5.5,5.5,5.5,0.0,0.0,0.0,0.0,0.0,0.0,1.4,1.4,1.0,draft,2021,FLEX
514,Nathan Cottrell,RB162,JAC,0.9,0.9,0.9,3.6,3.6,3.6,0.0,0.0,0.0,0.9,0.9,0.9,6.2,6.2,6.2,0.0,0.0,0.0,0.0,0.0,0.0,1.4,1.4,1.0,draft,2021,FLEX
515,John Hightower,WR224,PHI,0.0,0.0,0.0,0.0,0.0,0.0,0.0,0.0,0.0,0.7,0.7,0.7,9.8,9.8,9.8,0.0,0.0,0.0,0.0,0.0,0.0,1.3,1.3,1.0,draft,2021,FLEX
516,Daniel Brown,TE130,NYJ,0.0,0.0,0.0,0.0,0.0,0.0,0.0,0.0,0.0,0.9,0.9,0.9,8.5,8.5,8.5,0.0,0.0,0.0,0.0,0.0,0.0,1.3,1.3,1.0,draft,2021,FLEX
517,Marcus Kemp,WR225,KC,0.0,0.0,0.0,0.0,0.0,0.0,0.0,0.0,0.0,0.9,0.9,0.9,9.6,9.6,9.6,0.0,0.0,0.0,0.0,0.0,0.0,1.4,1.4,1.0,draft,2021,FLEX
518,Tyrone Swoopes,TE131,WAS,0.0,0.0,0.0,0.0,0.0,0.0,0.0,0.0,0.0,0.9,0.9,0.9,9.6,9.6,9.6,0.0,0.0,0.0,0.0,0.0,0.0,1.4,1.4,1.0,draft,2021,FLEX
519,Damarea Crockett,RB163,DEN,1.0,1.0,1.0,4.2,4.2,4.2,0.0,0.0,0.0,0.9,0.9,0.9,5.5,5.5,5.5,0.0,0.0,0.0,0.0,0.0,0.0,1.4,1.4,1.0,draft,2021,FLEX
520,Sean McKeon,TE132,DAL,0.0,0.0,0.0,0.0,0.0,0.0,0.0,0.0,0.0,0.9,0.9,0.9,9.6,9.6,9.6,0.0,0.0,0.0,0.0,0.0,0.0,1.4,1.4,1.0,draft,2021,FLEX
521,Jason Cabinda,LB2,DET,0.8,0.8,0.8,3.5,3.5,3.5,0.0,0.0,0.0,0.9,0.9,0.9,6.1,6.1,6.1,0.0,0.0,0.0,0.0,0.0,0.0,1.4,1.4,1.0,draft,2021,FLEX
522,Isaiah Wright,WR226,WAS,0.0,0.0,0.0,0.0,0.0,0.0,0.0,0.0,0.0,0.9,0.9,0.9,9.6,9.6,9.6,0.0,0.0,0.0,0.0,0.0,0.0,1.3,1.3,1.0,draft,2021,FLEX
523,Jason Moore,WR227,LAC,0.0,0.0,0.0,0.0,0.0,0.0,0.0,0.0,0.0,0.8,0.8,0.8,9.6,9.6,9.6,0.0,0.0,0.0,0.0,0.0,0.0,1.4,1.4,1.0,draft,2021,FLEX
524,Darrius Shepherd,WR228,KC,0.0,0.0,0.0,0.0,0.0,0.0,0.0,0.0,0.0,0.9,0.9,0.9,9.5,9.5,9.5,0.0,0.0,0.0,0.0,0.0,0.0,1.3,1.3,0.9,draft,2021,FLEX
525,Scottie Phillips,RB164,HOU,0.8,0.8,0.8,3.5,3.5,3.5,0.0,0.0,0.0,0.9,0.9,0.9,5.9,5.9,5.9,0.0,0.0,0.0,0.0,0.0,0.0,1.3,1.3,0.9,draft,2021,FLEX
526,Josh Malone,WR229,NYJ,0.0,0.0,0.0,0.0,0.0,0.0,0.0,0.0,0.0,0.9,0.9,0.9,9.4,9.4,9.4,0.0,0.0,0.0,0.0,0.0,0.0,1.3,1.3,0.9,draft,2021,FLEX
527,Jake Lampman,WR230,NO,0.0,0.0,0.0,0.0,0.0,0.0,0.0,0.0,0.0,0.7,0.7,0.7,9.4,9.4,9.4,0.0,0.0,0.0,0.0,0.0,0.0,1.3,1.3,0.9,draft,2021,FLEX
528,Jeff Badet,WR231,ATL,0.0,0.0,0.0,0.0,0.0,0.0,0.0,0.0,0.0,0.9,0.9,0.9,9.3,9.3,9.3,0.0,0.0,0.0,0.0,0.0,0.0,1.3,1.3,0.9,draft,2021,FLEX
529,Chris Rowland,WR232,ATL,0.0,0.0,0.0,0.0,0.0,0.0,0.0,0.0,0.0,0.9,0.9,0.9,9.3,9.3,9.3,0.0,0.0,0.0,0.0,0.0,0.0,1.3,1.3,0.9,draft,2021,FLEX
530,Keelan Doss,WR233,LV,0.0,0.0,0.0,0.0,0.0,0.0,0.0,0.0,0.0,0.8,0.8,0.8,9.3,9.3,9.3,0.0,0.0,0.0,0.0,0.0,0.0,1.2,1.2,0.9,draft,2021,FLEX
531,Chad Hansen,WR234,DET,0.0,0.0,0.0,0.0,0.0,0.0,0.0,0.0,0.0,0.9,0.9,0.9,9.2,9.2,9.2,0.0,0.0,0.0,0.0,0.0,0.0,1.2,1.2,0.9,draft,2021,FLEX
532,Jordan Scarlett,RB165,MIA,0.9,0.9,0.9,3.9,3.9,3.9,0.0,0.0,0.0,0.9,0.9,0.9,5.3,5.3,5.3,0.0,0.0,0.0,0.0,0.0,0.0,1.4,1.4,0.9,draft,2021,FLEX
533,Tanner Gentry,WR235,BUF,0.0,0.0,0.0,0.0,0.0,0.0,0.0,0.0,0.0,0.8,0.8,0.8,9.2,9.2,9.2,0.0,0.0,0.0,0.0,0.0,0.0,1.3,1.3,0.9,draft,2021,FLEX
534,Trenton Irwin,WR236,CIN,0.0,0.0,0.0,0.0,0.0,0.0,0.0,0.0,0.0,0.8,0.8,0.8,9.2,9.2,9.2,0.0,0.0,0.0,0.0,0.0,0.0,1.2,1.2,0.9,draft,2021,FLEX
535,Marcell Ateman,WR237,LV,0.0,0.0,0.0,0.0,0.0,0.0,0.0,0.0,0.0,0.7,0.7,0.7,9.1,9.1,9.1,0.0,0.0,0.0,0.0,0.0,0.0,1.2,1.2,0.9,draft,2021,FLEX
536,Riley Ridley,WR238,CHI,0.0,0.0,0.0,0.0,0.0,0.0,0.0,0.0,0.0,0.8,0.8,0.8,9.1,9.1,9.1,0.0,0.0,0.0,0.0,0.0,0.0,1.2,1.2,0.9,draft,2021,FLEX
537,Lawrence Cager,WR239,NYJ,0.0,0.0,0.0,0.0,0.0,0.0,0.0,0.0,0.0,0.8,0.8,0.8,9.0,9.0,9.0,0.0,0.0,0.0,0.0,0.0,0.0,1.2,1.2,0.9,draft,2021,FLEX
538,Marvin Hall,WR240,NE,0.0,0.0,0.0,0.0,0.0,0.0,0.0,0.0,0.0,0.7,0.7,0.7,9.0,9.0,9.0,0.0,0.0,0.0,0.0,0.0,0.0,1.2,1.2,0.9,draft,2021,FLEX
539,Trenton Cannon,RB166,CAR,1.0,1.0,1.0,4.0,4.0,4.0,0.0,0.0,0.0,0.8,0.8,0.8,5.0,5.0,5.0,0.0,0.0,0.0,0.0,0.0,0.0,1.3,1.3,0.9,draft,2021,FLEX
540,Taquan Mizzell,RB167,NYG,0.9,0.9,0.9,3.7,3.7,3.7,0.0,0.0,0.0,0.9,0.9,0.9,5.3,5.3,5.3,0.0,0.0,0.0,0.0,0.0,0.0,1.2,1.2,0.9,draft,2021,FLEX
541,John Ursua,WR241,SEA,0.0,0.0,0.0,0.0,0.0,0.0,0.0,0.0,0.0,0.8,0.8,0.8,9.0,9.0,9.0,0.0,0.0,0.0,0.0,0.0,0.0,1.3,1.3,0.9,draft,2021,FLEX
542,Cyril Grayson,WR242,TB,0.0,0.0,0.0,0.0,0.0,0.0,0.0,0.0,0.0,0.9,0.9,0.9,9.0,9.0,9.0,0.0,0.0,0.0,0.0,0.0,0.0,1.3,1.3,0.9,draft,2021,FLEX
543,Stanley Morgan,WR243,CIN,0.0,0.0,0.0,0.0,0.0,0.0,0.0,0.0,0.0,0.8,0.8,0.8,9.0,9.0,9.0,0.0,0.0,0.0,0.0,0.0,0.0,1.2,1.2,0.9,draft,2021,FLEX
544,Darvin Kidsy,WR244,SEA,0.0,0.0,0.0,0.0,0.0,0.0,0.0,0.0,0.0,0.8,0.8,0.8,8.9,8.9,8.9,0.0,0.0,0.0,0.0,0.0,0.0,1.3,1.3,0.9,draft,2021,FLEX
545,Cullen Gillaspia,RB168,NYG,0.9,0.9,0.9,3.7,3.7,3.7,0.0,0.0,0.0,0.9,0.9,0.9,5.2,5.2,5.2,0.0,0.0,0.0,0.0,0.0,0.0,1.2,1.2,0.9,draft,2021,FLEX
546,KhaDarel Hodge,WR245,CLE,0.0,0.0,0.0,0.0,0.0,0.0,0.0,0.0,0.0,0.7,0.7,0.7,8.9,8.9,8.9,0.0,0.0,0.0,0.0,0.0,0.0,1.2,1.2,0.9,draft,2021,FLEX
547,Chad Williams,WR246,KC,0.0,0.0,0.0,0.0,0.0,0.0,0.0,0.0,0.0,0.8,0.8,0.8,8.8,8.8,8.8,0.0,0.0,0.0,0.0,0.0,0.0,1.3,1.3,0.9,draft,2021,FLEX
548,Robert Foster,WR247,MIA,0.0,0.0,0.0,0.0,0.0,0.0,0.0,0.0,0.0,0.7,0.7,0.7,8.7,8.7,8.7,0.0,0.0,0.0,0.0,0.0,0.0,1.2,1.2,0.9,draft,2021,FLEX
549,Jordan Franks,TE133,CLE,0.0,0.0,0.0,0.0,0.0,0.0,0.0,0.0,0.0,0.8,0.8,0.8,8.1,8.1,8.1,0.0,0.0,0.0,0.0,0.0,0.0,1.3,1.3,0.9,draft,2021,FLEX
550,Dan Chisena,WR248,MIN,0.0,0.0,0.0,0.0,0.0,0.0,0.0,0.0,0.0,0.7,0.7,0.7,8.7,8.7,8.7,0.0,0.0,0.0,0.0,0.0,0.0,1.2,1.2,0.9,draft,2021,FLEX
551,Derrick Willies,WR249,CLE,0.0,0.0,0.0,0.0,0.0,0.0,0.0,0.0,0.0,0.7,0.7,0.7,8.7,8.7,8.7,0.0,0.0,0.0,0.0,0.0,0.0,1.2,1.2,0.9,draft,2021,FLEX
552,Alexander Hollins,WR250,CLE,0.0,0.0,0.0,0.0,0.0,0.0,0.0,0.0,0.0,0.7,0.7,0.7,8.6,8.6,8.6,0.0,0.0,0.0,0.0,0.0,0.0,1.2,1.2,0.9,draft,2021,FLEX
553,River Cracraft,WR251,SF,0.0,0.0,0.0,0.0,0.0,0.0,0.0,0.0,0.0,0.7,0.7,0.7,8.6,8.6,8.6,0.0,0.0,0.0,0.0,0.0,0.0,1.2,1.2,0.9,draft,2021,FLEX
554,MyCole Pruitt,TE134,SF,0.0,0.0,0.0,0.0,0.0,0.0,0.0,0.0,0.0,0.9,0.9,0.9,8.5,8.5,8.5,0.0,0.0,0.0,0.0,0.0,0.0,1.3,1.3,0.8,draft,2021,FLEX
555,Ja'Marcus Bradley,WR252,CLE,0.0,0.0,0.0,0.0,0.0,0.0,0.0,0.0,0.0,0.7,0.7,0.7,8.5,8.5,8.5,0.0,0.0,0.0,0.0,0.0,0.0,1.2,1.2,0.8,draft,2021,FLEX
556,Tim Tebow,TE135,JAC,0.0,0.0,0.0,0.0,0.0,0.0,0.0,0.0,0.0,0.9,0.9,0.9,8.4,8.4,8.4,0.0,0.0,0.0,0.0,0.0,0.0,2.1,2.1,0.8,draft,2021,FLEX
557,JoJo Natson,WR253,CLE,0.0,0.0,0.0,0.0,0.0,0.0,0.0,0.0,0.0,0.7,0.7,0.7,8.4,8.4,8.4,0.0,0.0,0.0,0.0,0.0,0.0,1.2,1.2,0.8,draft,2021,FLEX
558,Laquon Treadwell,WR254,JAC,0.0,0.0,0.0,0.0,0.0,0.0,0.0,0.0,0.0,0.8,0.8,0.8,8.4,8.4,8.4,0.0,0.0,0.0,0.0,0.0,0.0,1.2,1.2,0.8,draft,2021,FLEX
559,Dante Pettis,WR255,NYG,0.0,0.0,0.0,0.0,0.0,0.0,0.0,0.0,0.0,0.7,0.7,0.7,8.4,8.4,8.4,0.0,0.0,0.0,0.0,0.0,0.0,1.1,1.1,0.8,draft,2021,FLEX
560,Hakeem Butler,WR256,PHI,0.0,0.0,0.0,0.0,0.0,0.0,0.0,0.0,0.0,0.8,0.8,0.8,8.4,8.4,8.4,0.0,0.0,0.0,0.0,0.0,0.0,1.2,1.2,0.8,draft,2021,FLEX
561,Kevin White,WR257,SF,0.0,0.0,0.0,0.0,0.0,0.0,0.0,0.0,0.0,0.7,0.7,0.7,8.3,8.3,8.3,0.0,0.0,0.0,0.0,0.0,0.0,1.2,1.2,0.8,draft,2021,FLEX
562,Jake Butt,TE136,CHI,0.0,0.0,0.0,0.0,0.0,0.0,0.0,0.0,0.0,0.8,0.8,0.8,8.3,8.3,8.3,0.0,0.0,0.0,0.0,0.0,0.0,1.3,1.3,0.8,draft,2021,FLEX
563,Mack Hollins,WR258,MIA,0.0,0.0,0.0,0.0,0.0,0.0,0.0,0.0,0.0,0.8,0.8,0.8,8.0,8.0,8.0,0.0,0.0,0.0,0.0,0.0,0.0,1.2,1.2,0.8,draft,2021,FLEX
564,Fred Brown,WR259,TEN,0.0,0.0,0.0,0.0,0.0,0.0,0.0,0.0,0.0,0.7,0.7,0.7,8.0,8.0,8.0,0.0,0.0,0.0,0.0,0.0,0.0,1.2,1.2,0.8,draft,2021,FLEX
565,Cody Hollister,WR260,TEN,0.0,0.0,0.0,0.0,0.0,0.0,0.0,0.0,0.0,0.7,0.7,0.7,8.0,8.0,8.0,0.0,0.0,0.0,0.0,0.0,0.0,1.2,1.2,0.8,draft,2021,FLEX
566,Tyrie Cleveland,WR261,DEN,0.0,0.0,0.0,0.0,0.0,0.0,0.0,0.0,0.0,0.7,0.7,0.7,8.0,8.0,8.0,0.0,0.0,0.0,0.0,0.0,0.0,1.1,1.1,0.8,draft,2021,FLEX
567,Antony Auclair,TE137,HOU,0.0,0.0,0.0,0.0,0.0,0.0,0.0,0.0,0.0,0.8,0.8,0.8,7.9,7.9,7.9,0.0,0.0,0.0,0.0,0.0,0.0,1.2,1.2,0.8,draft,2021,FLEX
568,CJ Board,WR262,NYG,0.0,0.0,0.0,0.0,0.0,0.0,0.0,0.0,0.0,0.7,0.7,0.7,7.7,7.7,7.7,0.0,0.0,0.0,0.0,0.0,0.0,1.0,1.0,0.8,draft,2021,FLEX
569,Brandon Zylstra,WR263,CAR,0.0,0.0,0.0,0.0,0.0,0.0,0.0,0.0,0.0,0.7,0.7,0.7,7.5,7.5,7.5,0.0,0.0,0.0,0.0,0.0,0.0,1.0,1.0,0.8,draft,2021,FLEX
570,Ishmael Hyman,WR264,CAR,0.0,0.0,0.0,0.0,0.0,0.0,0.0,0.0,0.0,0.7,0.7,0.7,7.4,7.4,7.4,0.0,0.0,0.0,0.0,0.0,0.0,1.0,1.0,0.7,draft,2021,FLEX
571,Ryan Switzer,WR265,CLE,0.0,0.0,0.0,0.0,0.0,0.0,0.0,0.0,0.0,0.8,0.8,0.8,7.2,7.2,7.2,0.0,0.0,0.0,0.0,0.0,0.0,1.1,1.1,0.7,draft,2021,FLEX
572,Cole Hikutini,TE138,NYG,0.0,0.0,0.0,0.0,0.0,0.0,0.0,0.0,0.0,0.8,0.8,0.8,7.2,7.2,7.2,0.0,0.0,0.0,0.0,0.0,0.0,1.1,1.1,0.7,draft,2021,FLEX
573,James Proche,WR266,BAL,0.0,0.0,0.0,0.0,0.0,0.0,0.0,0.0,0.0,0.7,0.7,0.7,7.1,7.1,7.1,0.0,0.0,0.0,0.0,0.0,0.0,1.0,1.0,0.7,draft,2021,FLEX
574,Colin Thompson,TE139,CAR,0.0,0.0,0.0,0.0,0.0,0.0,0.0,0.0,0.0,0.7,0.7,0.7,6.8,6.8,6.8,0.0,0.0,0.0,0.0,0.0,0.0,1.1,1.1,0.7,draft,2021,FLEX
575,Tony Jones,RB169,NO,0.9,0.9,0.9,0.7,0.7,0.7,0.0,0.0,0.0,0.2,0.2,0.2,0.4,0.4,0.4,0.0,0.0,0.0,0.0,0.0,0.0,0.4,0.4,0.1,draft,2021,FLEX
