﻿Rank,EntryId,EntryName,TimeRemaining,Points,Lineup,,Player,Roster Position,%Drafted,FPTS
1,2350747720,jrn32,0,166.16,QB Josh Allen RB Aaron Jones FLEX J.D. McKissic RB Mike Davis WR Davante Adams WR Tee Higgins WR Diontae Johnson TE Dallas Goedert DST Raiders ,,Mike Davis,RB,66.94%,8.4
2,2351373574,audiowizard,0,159.56,QB Josh Allen RB James Robinson RB Antonio Gibson WR Davante Adams WR Tee Higgins WR Curtis Samuel FLEX Cole Beasley TE Robert Tonyan DST Lions ,,Aaron Jones,FLEX,63.71%,14.5
3,2350908711,and1street13,0,158.48,QB Justin Herbert RB Alvin Kamara RB Aaron Jones FLEX Mike Davis WR Keenan Allen WR Tee Higgins WR DJ Moore TE Dallas Goedert DST Rams ,,Keenan Allen,WR,45.97%,12.9
4,2352403283,ennyda,0,155.74,QB Tom Brady RB Chase Edmonds RB Ronald Jones II WR Stefon Diggs WR Antonio Brown WR Christian Kirk FLEX Darren Waller TE Rob Gronkowski DST Raiders ,,Kyler Murray,QB,36.29%,30.9
5,2352378957,Gatorbait1283,0,153.9,QB Kyler Murray RB Alvin Kamara RB Mike Davis WR Stefon Diggs FLEX Christian Kirk WR Sterling Shepard WR Josh Reynolds TE Darren Waller DST Rams ,,Duke Johnson,RB,36.29%,5.4
6,2351556632,mzbijewski,0,153.3,QB Kyler Murray RB Alvin Kamara RB Duke Johnson FLEX Mike Davis WR Stefon Diggs WR Keenan Allen WR Jakeem Grant TE Dallas Goedert DST Saints ,,Dallas Goedert,FLEX,27.42%,7.3
7,2351953645,lawman_89,0,152.8,QB Kyler Murray RB Aaron Jones FLEX D'Andre Swift RB Mike Davis WR Stefon Diggs WR Keenan Allen WR Josh Reynolds TE Evan Engram DST Saints ,,Stefon Diggs,WR,24.19%,25.3
8,2350693267,IAmApollo,0,149.7,QB Kyler Murray RB Alvin Kamara RB Mike Davis WR Stefon Diggs WR Keenan Allen WR KJ Hamler FLEX Jakeem Grant TE Austin Hooper DST Steelers ,,Saints ,DST,24.19%,14
9,2351728330,DirtTurtle739,0,147.2,QB Kyler Murray RB Aaron Jones RB Mike Davis WR DeAndre Hopkins WR Robby Anderson WR John Brown FLEX Diontae Johnson TE Eric Ebron DST Rams ,,Cooper Kupp,WR,17.74%,10
10,2352185341,BHF23,0,146.86,QB Josh Allen FLEX Alvin Kamara RB Giovani Bernard RB Mike Davis WR Stefon Diggs WR Christian Kirk WR Jakeem Grant TE Dallas Goedert DST Steelers ,,Terry McLaurin,WR,17.74%,18.2
11,2351557092,dlawrie10,0,143.5,QB Kyler Murray RB Aaron Jones RB Mike Davis WR DeAndre Hopkins WR Stefon Diggs WR Christian Kirk FLEX David Moore TE Jordan Reed DST Saints ,,Jared Goff,QB,16.94%,14.48
12,2352094952,SimSim3,0,141,QB Kyler Murray RB Aaron Jones FLEX Miles Sanders RB Mike Davis WR Stefon Diggs WR Keenan Allen WR Josh Reynolds TE Austin Hooper DST Raiders ,,DeVante Parker,FLEX,16.94%,5.1
13,2352491934,queiss89,0,140.48,QB Justin Herbert RB D'Andre Swift RB Mike Davis WR Davante Adams WR Keenan Allen WR Terry McLaurin FLEX Jakeem Grant TE Darren Waller DST Rams ,,Davante Adams,WR,16.94%,19.6
14,2352278711,dubc03,0,138.66,QB Josh Allen RB Alvin Kamara FLEX J.D. McKissic RB Wayne Gallman Jr. WR Davante Adams WR Curtis Samuel WR Danny Amendola TE Eric Ebron DST Giants ,,Justin Herbert,QB,16.13%,21.48
15,2352043784,BigMountaineerFan,0,138.5,QB Kyler Murray RB Aaron Jones FLEX Miles Sanders RB Mike Davis WR Terry McLaurin WR Diontae Johnson WR DeVante Parker TE Dallas Goedert DST Saints ,,Jakeem Grant,WR,15.32%,14.3
16,2351161883,Superbeast208,0,138,QB Kyler Murray RB Alvin Kamara RB Duke Johnson FLEX Mike Davis WR Keenan Allen WR Tyler Lockett WR Jakeem Grant TE Darren Waller DST Rams ,,Darren Waller,TE,15.32%,6.7
17,2352445208,NeilThunder,0,137.14,QB Tom Brady FLEX Aaron Jones RB Duke Johnson RB Mike Davis WR Davante Adams WR Diontae Johnson WR DeVante Parker TE Darren Waller DST Raiders ,,Rams ,DST,15.32%,13
18,2351293828,joshfunk5,0,135.3,QB Kyler Murray RB Alvin Kamara RB Aaron Jones FLEX Mike Davis WR Keenan Allen WR Terry McLaurin WR KJ Hamler TE Jacob Hollister DST Seahawks ,,Robert Woods,WR,15.32%,8.6
19,2352478835,DThomson23,0,135.06,QB Josh Allen RB Giovani Bernard RB Kalen Ballage WR DeAndre Hopkins WR Stefon Diggs WR Robby Anderson FLEX Cam Sims TE Dallas Goedert DST Buccaneers ,,Miles Sanders,RB,15.32%,13.5
20,2352471131,lasercats21,0,134.88,QB Justin Herbert RB Aaron Jones RB Josh Jacobs WR Michael Thomas WR Keenan Allen WR Diontae Johnson FLEX Bryan Edwards TE Evan Engram DST Raiders ,,Evan Engram,TE,14.52%,3.5
21,2351936475,ty6987,0,134.3,QB Kyler Murray RB Aaron Jones FLEX Kareem Hunt RB Duke Johnson WR Keenan Allen WR Tee Higgins WR Josh Reynolds TE Evan Engram DST Lions ,,Alvin Kamara,RB,13.71%,34.8
22,2350977784,direwolf77,0,134.08,QB Justin Herbert FLEX Alvin Kamara RB Aaron Jones RB Mike Davis WR Keenan Allen WR Diontae Johnson WR DeVante Parker TE Dallas Goedert DST Cardinals ,,Antonio Gibson,RB,13.71%,22.5
23,2352451688,tzisez,0,133.38,QB Justin Herbert RB Aaron Jones FLEX James Robinson RB Mike Davis WR Davante Adams WR Keenan Allen WR Jakeem Grant TE Hunter Henry DST Rams ,,Josh Allen,QB,13.71%,29.36
24,2350741021,drTayTay,0,133.36,QB Josh Allen FLEX Alvin Kamara RB Miles Sanders RB Mike Davis WR Keenan Allen WR Tyler Lockett WR DeVante Parker TE Gerald Everett DST Rams ,,Tyler Lockett,WR,12.90%,11.6
25,2350875271,Playoffvound,0,132.9,QB Kyler Murray RB Aaron Jones RB Mike Davis FLEX Michael Thomas WR Keenan Allen WR Terry McLaurin WR Jakeem Grant TE Hunter Henry DST Raiders ,,Diontae Johnson,WR,11.29%,26.6
26,2352411126,Redchev182,0,132.5,QB Kyler Murray RB Aaron Jones FLEX Duke Johnson RB Mike Davis WR Stefon Diggs WR Tyler Boyd WR Diontae Johnson TE Dallas Goedert DST Lions ,,Raiders ,DST,11.29%,16
27,2352365919,toaster76,0,131.66,QB Josh Allen FLEX Aaron Jones RB Antonio Gibson RB Mike Davis WR Keenan Allen WR Brandin Cooks WR Diontae Johnson TE Evan Engram DST Giants ,,Michael Thomas,FLEX,10.48%,4.7
28,2350622868,Tinktank5555,0,131.4,QB Kyler Murray FLEX Aaron Jones RB Duke Johnson RB Mike Davis WR Stefon Diggs WR Keenan Allen WR Jakeem Grant TE Darren Waller DST Rams ,,Brandin Cooks,WR,10.48%,9.9
29,2351388243,huge_large,0,131.1,QB Kyler Murray FLEX Aaron Jones RB Duke Johnson RB Mike Davis WR Stefon Diggs WR Tyler Lockett WR Jakeem Grant TE Darren Waller DST Saints ,,James Robinson,RB,10.48%,16.2
30,2352182808,Gulfshucker90,0,130.98,QB Justin Herbert RB Miles Sanders RB Antonio Gibson WR Keenan Allen FLEX Christian Kirk WR Brandin Cooks WR Tee Higgins TE Evan Engram DST Saints ,,Austin Hooper,TE,8.87%,2.1
31,2351750091,BDNismydad,0,130.4,QB Kyler Murray RB Aaron Jones FLEX Duke Johnson RB Mike Davis WR Keenan Allen WR Terry McLaurin WR Josh Reynolds TE Darren Waller DST Raiders ,,Christian Kirk,WR,8.87%,6.7
32,2352251294,R8drken,0,130.08,QB Jared Goff RB Aaron Jones RB James Robinson WR Stefon Diggs WR Brandin Cooks WR Keelan Cole FLEX Darren Waller TE Dallas Goedert DST Saints ,,John Brown,WR,8.87%,13.2
33,2352259672,dsherbondy,0,130.06,QB Josh Allen RB Nick Chubb RB Antonio Gibson WR Jarvis Landry WR Brandin Cooks WR Diontae Johnson FLEX Darren Waller TE Evan Engram DST Giants ,,Giants ,DST,8.87%,4
34,2352175220,DIDDY350Z,0,129.94,QB Tom Brady RB James Robinson RB D'Andre Swift WR Michael Thomas WR Keenan Allen WR Christian Kirk FLEX Jalen Reagor TE Mike Gesicki DST Saints ,,Josh Reynolds,FLEX,7.26%,17.4
35,2351727513,Hohnjarley,0,129.9,QB Kyler Murray FLEX Chase Edmonds RB Duke Johnson RB Mike Davis WR Davante Adams WR Stefon Diggs WR Chris Conley TE Dallas Goedert DST Saints ,,Eric Ebron,TE,7.26%,5.8
36,2351045465,megacode,0,129.74,QB Tom Brady RB Duke Johnson RB Wayne Gallman Jr. FLEX Davante Adams WR Chase Claypool WR Brandin Cooks WR Curtis Samuel TE Evan Engram DST Steelers ,,Travis Fulgham,WR,6.45%,1.8
37,2351472597,sarahellen92,0,129.3,QB Kyler Murray FLEX Aaron Jones RB Duke Johnson RB Mike Davis WR DeAndre Hopkins WR Terry McLaurin WR DeVante Parker TE Austin Hooper DST Raiders ,,Nick Chubb,FLEX,6.45%,21.6
38,2351047489,lkearcher,0,129.1,QB Kyler Murray FLEX Aaron Jones RB Duke Johnson RB Mike Davis WR Davante Adams WR Terry McLaurin WR Jakeem Grant TE Noah Fant DST Rams ,,Dolphins ,DST,5.65%,6
39,2352438368,kantilla12,0,128.8,QB Kyler Murray RB Aaron Jones FLEX Antonio Gibson RB Leonard Fournette WR Cooper Kupp WR Diontae Johnson WR KJ Hamler TE Dallas Goedert DST Eagles ,,Tee Higgins,WR,5.65%,26.5
40,2351711852,RGNYY98,0,128.6,QB Kyler Murray RB Aaron Jones FLEX James Robinson RB Antonio Gibson WR Keenan Allen WR Chase Claypool WR David Moore TE Darren Fells DST Giants ,,T.J. Hockenson,TE,5.65%,3.3
41,2351250940,Bdizzle437,0,127.7,QB Kyler Murray FLEX Aaron Jones RB Duke Johnson RB Mike Davis WR Stefon Diggs WR Terry McLaurin WR Jakeem Grant TE Darren Waller DST Giants ,,Robby Anderson,WR,5.65%,6.1
42,2352409489,Brodighiero,0,127.4,QB Kyler Murray RB Aaron Jones RB Mike Davis WR DeAndre Hopkins WR Keenan Allen FLEX Tyler Lockett WR Jakeem Grant TE Austin Hooper DST Giants ,,Lions ,DST,5.65%,4
43,2351450298,Byeweekfillin,0,126.18,QB Justin Herbert RB Miles Sanders RB D'Andre Swift FLEX Mike Davis WR Cooper Kupp WR Terry McLaurin WR John Brown TE Evan Engram DST Steelers ,,Packers ,DST,4.84%,6
44,2350979196,jakebilski,0,125.68,QB Justin Herbert FLEX Alvin Kamara RB Duke Johnson RB Mike Davis WR Stefon Diggs WR Keenan Allen WR DeVante Parker TE Dallas Goedert DST Seahawks ,,Chase Claypool,WR,4.84%,21.3
45,2352275050,imthegoat13,0,125.46,QB Josh Allen RB Leonard Fournette RB Mike Davis WR DeAndre Hopkins WR Stefon Diggs FLEX Cooper Kupp WR John Brown TE Jordan Akins DST Giants ,,DeAndre Hopkins,WR,4.84%,28.7
46,2352356650,sdrawkcab71,0,124.68,QB Jared Goff RB Alvin Kamara RB Miles Sanders FLEX Mike Davis WR Cooper Kupp WR Tyler Lockett WR John Brown TE Gerald Everett DST Saints ,,KJ Hamler,WR,4.03%,9
47,2351905962,ljohnson21,0,123.42,QB Ben Roethlisberger FLEX Aaron Jones RB Miles Sanders RB Adrian Peterson WR DK Metcalf WR JuJu Smith-Schuster WR DJ Moore TE Tyler Higbee DST Eagles ,,Steelers ,DST,4.03%,12
48,2351402094,jmoney152,0,123.4,QB Kyler Murray FLEX Aaron Jones RB Duke Johnson RB Mike Davis WR Stefon Diggs WR Keenan Allen WR Jakeem Grant TE Darren Waller DST Texans ,,Leonard Fournette,RB,4.03%,5
48,2351473421,NihalDhruva,0,123.4,QB Kyler Murray RB Aaron Jones FLEX Duke Johnson RB Mike Davis WR Stefon Diggs WR Keenan Allen WR Jakeem Grant TE Darren Waller DST Texans ,,James Conner,RB,4.03%,6.8
50,2352219143,caz25,0,123.16,QB Tua Tagovailoa RB Ronald Jones II RB DeeJay Dallas FLEX Keenan Allen WR JuJu Smith-Schuster WR Antonio Brown WR Brandin Cooks TE Evan Engram DST Steelers ,,Brandon Aiyuk,WR,4.03%,19.7
51,2352200869,darielf28,0,122.66,QB Josh Allen RB Miles Sanders FLEX Duke Johnson RB Mike Davis WR Keenan Allen WR Terry McLaurin WR Tyler Lockett TE Dallas Goedert DST Raiders ,,Giovani Bernard,RB,4.03%,8.7
52,2351832041,egoss2089,0,122.4,QB Kyler Murray RB James Robinson FLEX Antonio Gibson RB Mike Davis WR Michael Thomas WR Brandon Aiyuk WR Christian Kirk TE Dallas Goedert DST Dolphins ,,Curtis Samuel,WR,4.03%,4.2
53,2351083404,cameronc1293,0,121.88,QB Jared Goff RB Aaron Jones FLEX DeeJay Dallas RB Mike Davis WR Stefon Diggs WR Cooper Kupp WR Diontae Johnson TE Evan Engram DST Saints ,,D'Andre Swift,RB,4.03%,25.9
54,2352193291,mpmaxth112,0,121.78,QB Jared Goff RB Aaron Jones RB Nick Chubb FLEX J.D. McKissic WR Robert Woods WR Jarvis Landry WR Tee Higgins TE Dallas Goedert DST Texans ,,Broncos ,DST,4.03%,-4
55,2350955118,MikeHoncho52,0,121.4,QB Kyler Murray RB Aaron Jones FLEX Duke Johnson RB Mike Davis WR Keenan Allen WR Terry McLaurin WR Jerry Jeudy TE Dallas Goedert DST Rams ,,Jarvis Landry,WR,4.03%,5.9
56,2351664863,andrewozz22,0,121.18,QB Justin Herbert RB Alvin Kamara RB Aaron Jones FLEX Mike Davis WR Keenan Allen WR Cooper Kupp WR Danny Amendola TE Austin Hooper DST Rams ,,DK Metcalf,WR,3.23%,4.8
57,2351513134,dashoffman,0,120.96,QB Josh Allen RB Aaron Jones FLEX Duke Johnson RB Mike Davis WR Stefon Diggs WR Tyler Lockett WR DeVante Parker TE Dallas Goedert DST Saints ,,Gerald Everett,TE,3.23%,4.7
58,2350972091,rusty846,0,119.9,QB Aaron Rodgers RB Aaron Jones FLEX Wayne Gallman Jr. RB Mike Davis WR Davante Adams WR Robert Woods WR Brandon Aiyuk TE Gerald Everett DST Bengals ,,J.D. McKissic,FLEX,3.23%,17.9
59,2352459857,SmashMouth33,0,119.38,QB Jared Goff RB Aaron Jones RB Nick Chubb WR Keenan Allen WR Robert Woods WR Brandon Aiyuk FLEX Jakeem Grant TE Dallas Goedert DST Dolphins ,,Danny Amendola,WR,3.23%,4
60,2350756561,Brett525,0,118.96,QB Josh Allen RB James Conner FLEX Nick Chubb RB Mike Davis WR Stefon Diggs WR Christian Kirk WR John Brown TE Jacob Hollister DST Packers ,,Buccaneers ,DST,3.23%,5
61,2351504818,bigace989,0,117.8,QB Kyler Murray RB Aaron Jones RB Miles Sanders FLEX Mike Davis WR Davante Adams WR DeVante Parker WR Chris Conley TE Evan Engram DST Saints ,,Hunter Henry,TE,3.23%,13
61,2352388059,Edskins11,0,117.8,QB Kyler Murray RB Aaron Jones RB Miles Sanders FLEX Mike Davis WR Davante Adams WR DeVante Parker WR Chris Conley TE Evan Engram DST Saints ,,Jerry Jeudy,WR,3.23%,10.8
63,2351617732,bigchickenwing1,0,117.38,QB Jared Goff RB Alvin Kamara RB Aaron Jones FLEX Mike Davis WR Keenan Allen WR Robby Anderson WR Christian Kirk TE Tyler Eifert DST Raiders ,,Carson Wentz,QB,3.23%,8.72
64,2351264722,doworkson7,0,117.06,QB Josh Allen RB Aaron Jones RB Antonio Gibson WR Cooper Kupp WR Antonio Brown WR Brandin Cooks FLEX Sterling Shepard TE Jordan Akins DST Buccaneers ,,Tom Brady,QB,3.23%,34.84
65,2352439979,TruthSerumFootball,0,117,QB Kyler Murray RB Aaron Jones FLEX Miles Sanders RB Mike Davis WR Robert Woods WR Tyler Boyd WR Sterling Shepard TE Dallas Goedert DST Rams ,,Jacob Hollister,TE,2.42%,1.6
66,2352007431,thedg3,0,116.76,QB Josh Allen FLEX Aaron Jones RB Duke Johnson RB Mike Davis WR Keenan Allen WR Tyler Lockett WR Chase Claypool TE Dallas Goedert DST Dolphins ,,Noah Fant,TE,2.42%,4.8
67,2352426644,jlo456,0,116.68,QB Kyler Murray RB Aaron Jones RB Duke Johnson FLEX Mike Davis WR Keenan Allen WR Terry McLaurin WR Isaiah McKenzie TE Darren Waller DST Saints ,,Mike Williams,WR,2.42%,5.8
68,2352048736,afriendofcheese,0,116.28,QB Justin Herbert RB Aaron Jones FLEX Duke Johnson RB Mike Davis WR Stefon Diggs WR Cooper Kupp WR Brandin Cooks TE Dallas Goedert DST Saints ,,Jalen Reagor,FLEX,2.42%,8.7
69,2351413700,ckilgore1988,0,116.08,QB Justin Herbert RB Aaron Jones RB James Robinson FLEX Mike Davis WR Terry McLaurin WR Robby Anderson WR Brandin Cooks TE Dallas Goedert DST Saints ,,Aaron Rodgers,QB,2.42%,29.4
70,2351529845,taipham98,0,115.78,QB Jared Goff FLEX Aaron Jones RB Antonio Gibson RB Mike Davis WR Keenan Allen WR Cooper Kupp WR John Brown TE Eric Ebron DST Saints ,,Wayne Gallman Jr.,FLEX,2.42%,19
71,2351062438,Bailes12,0,115.58,QB Justin Herbert RB Aaron Jones RB Giovani Bernard WR Keenan Allen WR Terry McLaurin WR DeVante Parker FLEX Josh Reynolds TE T.J. Hockenson DST Saints ,,David Moore,FLEX,2.42%,3.8
72,2351760021,mhartson1207,0,115.56,QB Josh Allen RB Aaron Jones FLEX Antonio Gibson RB Duke Johnson WR Davante Adams WR Jarvis Landry WR Jalen Reagor TE Dawson Knox DST Dolphins ,,Antonio Brown,WR,2.42%,13.6
73,2351653552,evansmith25,0,113.9,QB Kyler Murray RB Aaron Jones RB Duke Johnson FLEX Mike Davis WR Robert Woods WR Tyler Lockett WR John Brown TE Dallas Goedert DST Saints ,,Sterling Shepard,FLEX,2.42%,10.7
74,2352409806,dre925,0,113.8,QB Kyler Murray FLEX Aaron Jones RB Duke Johnson RB Mike Davis WR Cooper Kupp WR Terry McLaurin WR DeVante Parker TE Dallas Goedert DST Saints ,,Texans ,DST,2.42%,5
74,2351597119,Ghost888,0,113.8,QB Kyler Murray RB Aaron Jones FLEX Miles Sanders RB Mike Davis WR Terry McLaurin WR Christian Kirk WR DeVante Parker TE Evan Engram DST Rams ,,Chris Conley,WR,2.42%,8.3
76,2352388573,brady1120,0,113.58,QB Drew Lock RB Aaron Jones FLEX Antonio Gibson RB Mike Davis WR Keenan Allen WR Cooper Kupp WR Terry McLaurin TE Austin Hooper DST Saints ,,JuJu Smith-Schuster,WR,2.42%,22.7
77,2351731613,aams86,0,113.48,QB Justin Herbert RB Aaron Jones RB Antonio Gibson WR Terry McLaurin WR Robert Woods FLEX Darius Slayton WR Kendrick Bourne TE T.J. Hockenson DST Giants ,,Chase Edmonds,FLEX,2.42%,10.7
78,2351252168,gino78,0,112.98,QB Jared Goff FLEX Aaron Jones RB James Conner RB Mike Davis WR Keenan Allen WR Mike Evans WR DJ Chark Jr. TE Logan Thomas DST Raiders ,,Eagles ,DST,2.42%,3
79,2352184397,roosifer,0,112.18,QB Justin Herbert RB Aaron Jones RB Antonio Gibson WR Travis Fulgham FLEX Robby Anderson WR Jarvis Landry WR Diontae Johnson TE Dallas Goedert DST Browns ,,Emmanuel Sanders,WR,2.42%,1.5
80,2350778958,TheGreenwich,0,111.68,QB Justin Herbert RB Alvin Kamara FLEX Zack Moss RB Mike Davis WR Keenan Allen WR Robert Woods WR Danny Amendola TE Noah Fant DST Saints ,,Tyler Boyd,WR,2.42%,10.1
81,2352236214,PVCuraro,0,111.32,QB Joe Burrow RB James Robinson RB Duke Johnson WR Davante Adams WR Tyler Boyd WR Tee Higgins FLEX Emmanuel Sanders TE Evan Engram DST Raiders ,,Russell Wilson,QB,1.61%,12.92
82,2352318891,razor50,0,110.78,QB Justin Herbert RB Aaron Jones FLEX J.D. McKissic RB Mike Davis WR Stefon Diggs WR Michael Thomas WR Keenan Allen TE Jacob Hollister DST Giants ,,Zack Moss,FLEX,1.61%,2.7
83,2351552201,MeeshawnGarper,0,110.1,QB Kyler Murray FLEX Aaron Jones RB Duke Johnson RB Mike Davis WR Keenan Allen WR Tyler Lockett WR DeVante Parker TE Dallas Goedert DST Saints ,,Jordan Reed,TE,1.61%,11.2
84,2351616091,BabyLebronBradley,0,109.76,QB Derek Carr RB Nick Chubb RB D'Andre Swift WR Davante Adams FLEX Travis Fulgham WR Jerry Jeudy WR Kendrick Bourne TE T.J. Hockenson DST Rams ,,DJ Moore,WR,1.61%,19.6
85,2351565474,jayhawk.316,0,109.3,QB Kyler Murray RB Aaron Jones FLEX Antonio Gibson RB Mike Davis WR Michael Thomas WR Robby Anderson WR John Brown TE Hunter Henry DST Broncos ,,Bengals ,DST,1.61%,-4
86,2352184901,madridista22,0,108.8,QB Kyler Murray RB Aaron Jones FLEX James Robinson RB Mike Davis WR Michael Thomas WR Robert Woods WR KJ Hamler TE Darren Fells DST Saints ,,Josh Jacobs,RB,1.61%,32.6
87,2351690225,BullsOnParade42,0,108.4,QB Kyler Murray FLEX James Robinson RB Duke Johnson RB Mike Davis WR Keenan Allen WR Robert Woods WR JuJu Smith-Schuster TE Dallas Goedert DST Broncos ,,Seahawks ,DST,1.61%,5
88,2350698014,thetruprophecy,0,108.22,QB Russell Wilson RB Aaron Jones RB Mike Davis WR DK Metcalf WR Stefon Diggs WR Jakeem Grant TE Darren Waller FLEX Dallas Goedert DST Saints ,,DeeJay Dallas,FLEX,1.61%,5.1
89,2351941763,stewie8297,0,107.48,QB Justin Herbert RB Alvin Kamara RB Mike Davis WR Keenan Allen WR Cooper Kupp WR Jerry Jeudy FLEX Larry Fitzgerald TE Eric Ebron DST WAS Football Team ,,Tyler Eifert,TE,1.61%,3.5
90,2352401657,Blosaurus22,0,106.88,QB Justin Herbert RB Kareem Hunt RB James Robinson FLEX Leonard Fournette WR Keenan Allen WR Jerry Jeudy WR John Brown TE Austin Hooper DST Bills ,,Tyler Higbee,TE,1.61%,9
91,2351325490,StuUKWI,0,106.52,QB Carson Wentz FLEX Alvin Kamara RB Aaron Jones RB Duke Johnson WR Keenan Allen WR DeVante Parker WR Jakeem Grant TE Noah Fant DST Packers ,,DJ Chark Jr.,WR,1.61%,9.6
92,2350782958,BadAzzTitan,0,106.28,QB Justin Herbert RB Aaron Jones RB Miles Sanders WR DK Metcalf WR Chase Claypool WR Mike Williams FLEX Jalen Reagor TE Jordan Reed DST Buccaneers ,,Logan Thomas,TE,1.61%,10.6
93,2352346977,TerryJ11,0,106.18,QB Jared Goff RB Aaron Jones FLEX James Conner RB Nick Chubb WR Cooper Kupp WR DeVante Parker WR Josh Reynolds TE T.J. Hockenson DST Rams ,,Jordan Akins,TE,1.61%,1.5
94,2352417048,kings55wv,0,105.7,QB Kyler Murray RB Miles Sanders FLEX Duke Johnson RB Mike Davis WR Michael Thomas WR Keenan Allen WR Diontae Johnson TE Dallas Goedert DST Broncos ,,Robert Tonyan,TE,1.61%,6.3
95,2351745144,Rookieoftheyear99,0,103.76,QB Josh Allen FLEX Aaron Jones RB James Conner RB Mike Davis WR Michael Thomas WR Cooper Kupp WR Danny Amendola TE Hunter Henry DST Rams ,,Tua Tagovailoa,QB,1.61%,14.66
96,2351460346,Schnizzel,0,103.5,QB Kyler Murray RB Aaron Jones RB Duke Johnson FLEX Mike Davis WR Michael Thomas WR Keenan Allen WR Josh Reynolds TE T.J. Hockenson DST Dolphins ,,Derek Carr,QB,1.61%,7.16
97,2352481904,bdowns11,0,102.3,QB Kyler Murray RB Aaron Jones FLEX Duke Johnson RB Mike Davis WR Keenan Allen WR Robert Woods WR DeVante Parker TE Evan Engram DST Rams ,,Kendrick Bourne,WR,1.61%,6.6
98,2352378750,Roddawg10,0,100.4,QB Aaron Rodgers RB James Conner RB Boston Scott FLEX Chase Claypool WR Brandin Cooks WR DeVante Parker WR Emmanuel Sanders TE Mike Gesicki DST Packers ,,Nelson Agholor,WR,1.61%,1.8
99,2351541360,l1ttlebrittle,0,100.36,QB Tua Tagovailoa RB Aaron Jones RB James Robinson WR Keenan Allen WR Travis Fulgham WR John Brown TE Eric Ebron FLEX Dallas Goedert DST Saints ,,Darren Fells,TE,1.61%,2.5
100,2352488779,Settimo99,0,100.2,QB Kyler Murray RB Duke Johnson RB Mike Davis WR Davante Adams WR Robert Woods WR Tyler Lockett TE Austin Hooper FLEX Logan Thomas DST Eagles ,,WAS Football Team ,DST,1.61%,0
101,2351256413,mitchtotheried,0,100.1,QB Kyler Murray FLEX Miles Sanders RB Duke Johnson RB Mike Davis WR Keenan Allen WR Tyler Lockett WR Robby Anderson TE Dallas Goedert DST Lions ,,Kareem Hunt,FLEX,1.61%,19.2
102,2352137883,cubsfan305,0,99.78,QB Jared Goff RB Aaron Jones RB Antonio Gibson FLEX Duke Johnson WR Cooper Kupp WR Robert Woods WR Richie James TE Darren Waller DST Rams ,,Mike Gesicki,TE,1.61%,6
103,2351778035,Finsfan521,0,99.57999,QB Jared Goff FLEX Aaron Jones RB Duke Johnson RB Mike Davis WR Stefon Diggs WR Terry McLaurin WR Robert Woods TE Gerald Everett DST WAS Football Team ,,Ronald Jones II,RB,1.61%,28.8
104,2351991032,bgibz,0,99.48,QB Jared Goff RB Giovani Bernard RB Duke Johnson FLEX Keenan Allen WR Cooper Kupp WR Tyler Lockett WR Diontae Johnson TE Eric Ebron DST Lions ,,Jared Cook,TE,0.81%,0
105,2352316608,Jaytonmakuta,0,99.08,QB Jared Goff FLEX Aaron Jones RB Duke Johnson RB Mike Davis WR Keenan Allen WR Cooper Kupp WR Tyler Lockett TE Eric Ebron DST Raiders ,,Cardinals ,DST,0.81%,3
106,2352433056,Smittyg71,0,98.78,QB Jared Goff RB Miles Sanders RB Mike Davis WR Keenan Allen FLEX Terry McLaurin WR DJ Chark Jr. WR Brandin Cooks TE Eric Ebron DST Dolphins ,,Melvin Gordon III,RB,0.81%,4.6
107,2351112275,Ashinbane14,0,98.68001,QB Jared Goff RB Aaron Jones RB Duke Johnson WR Davante Adams WR Keenan Allen WR Cooper Kupp FLEX Jakeem Grant TE Tyler Eifert DST Giants ,,Devin Singletary,FLEX,0.81%,2
108,2351907999,thigh1,0,98.58,QB Jared Goff RB Nick Chubb RB Mike Davis WR Robert Woods WR Travis Fulgham WR Brandon Aiyuk TE Darren Waller FLEX T.J. Hockenson DST Saints ,,Mike Evans,WR,0.81%,19.7
109,2350891686,sdezzi,0,97.90001,QB Kyler Murray RB Miles Sanders FLEX Duke Johnson RB Mike Davis WR Michael Thomas WR Robert Woods WR DeVante Parker TE Dallas Goedert DST Saints ,,Cole Beasley,FLEX,0.81%,30.9
110,2352110303,twins1540,0,97.7,QB Aaron Rodgers FLEX James Robinson RB Zack Moss RB Phillip Lindsay WR Davante Adams WR Mike Williams WR Emmanuel Sanders TE Robert Tonyan DST Raiders ,,Deshaun Watson,QB,0.81%,14.12
111,2352358923,baldbrian2,0,96.98001,QB Jared Goff RB Nick Chubb RB Antonio Gibson WR Cooper Kupp WR Travis Fulgham WR Chase Claypool FLEX Mike Williams TE Evan Engram DST Bengals ,,Darius Slayton,FLEX,0.81%,14.3
112,2351213826,Aztec187jm,0,96.18,QB Jared Goff RB Aaron Jones RB Melvin Gordon III FLEX Devin Singletary WR Davante Adams WR Robert Woods WR Josh Reynolds TE Tyler Higbee DST Packers ,,Dawson Knox,TE,0.81%,3.6
113,2351881827,Nobel,0,94.85999,QB Derek Carr FLEX Aaron Jones RB Duke Johnson RB Mike Davis WR Stefon Diggs WR Terry McLaurin WR Curtis Samuel TE Darren Waller DST Buccaneers ,,Ben Roethlisberger,QB,0.81%,32.32
114,2352459091,jw1008,0,94.18,QB Jared Goff RB Jamaal Williams RB Mike Davis FLEX Stefon Diggs WR Cooper Kupp WR Robert Woods WR Tyler Lockett TE T.J. Hockenson DST Giants ,,Adrian Peterson,RB,0.81%,4
115,2352097606,connormac13,0,93.38,QB Jared Goff RB Aaron Jones RB Duke Johnson FLEX Mike Davis WR Keenan Allen WR Cooper Kupp WR Tyler Lockett TE Austin Hooper DST Saints ,,Larry Fitzgerald,FLEX,0.81%,3.3
116,2352229394,bmfboss,0,91.66,QB Josh Allen RB Aaron Jones RB Duke Johnson FLEX Mike Davis WR Michael Thomas WR Keenan Allen WR DeVante Parker TE Dallas Goedert DST Lions ,,Phillip Lindsay,RB,0.81%,0.2
117,2352358594,schlegel49,0,91.02,QB Carson Wentz RB Aaron Jones RB Mike Davis WR Davante Adams WR Keenan Allen WR Brandin Cooks FLEX Jakeem Grant TE Darren Waller DST Broncos ,,Richie James,WR,0.81%,4.6
118,2352395132,Yavy,0,89.27999,QB Justin Herbert RB Aaron Jones RB Mike Davis WR Davante Adams FLEX Keenan Allen WR Curtis Samuel WR Tim Patrick TE Austin Hooper DST Broncos ,,Browns ,DST,0.81%,6
119,2351659856,Fearless520,0,88.92001,QB Carson Wentz RB Aaron Jones RB Duke Johnson WR Keenan Allen FLEX Terry McLaurin WR Robert Woods WR Nelson Agholor TE Eric Ebron DST Rams ,,Chargers ,DST,0.81%,1
120,2351464699,jdscott782,0,88.42,QB Deshaun Watson FLEX Aaron Jones RB Duke Johnson RB Mike Davis WR Stefon Diggs WR Michael Thomas WR Brandin Cooks TE Austin Hooper DST Lions ,,Joe Burrow,QB,0.81%,12.52
121,2352206735,Ziggy_Rocks,0,86.90001,QB Kyler Murray RB Miles Sanders RB Chase Edmonds WR Travis Fulgham WR Christian Kirk WR John Brown FLEX Nelson Agholor TE Dallas Goedert DST Chargers ,,Keelan Cole,WR,0.81%,21.7
122,2352281196,bull3615,0,86.22,QB Russell Wilson RB Miles Sanders RB Leonard Fournette WR Stefon Diggs WR Jarvis Landry WR DeVante Parker FLEX KJ Hamler TE Evan Engram DST Packers ,,Boston Scott,RB,0.81%,14.4
123,2350976428,tjg1530,0,86.12,QB Carson Wentz RB Josh Jacobs RB Giovani Bernard WR DK Metcalf WR Travis Fulgham WR Brandon Aiyuk FLEX David Moore TE Jared Cook DST Packers ,,Drew Lock,QB,0.81%,10.98
124,2350720371,MAXrock,0,76.98,QB Jared Goff RB Antonio Gibson RB Leonard Fournette WR Cooper Kupp WR Robert Woods WR Travis Fulgham FLEX DeVante Parker TE Evan Engram DST Dolphins ,,Tim Patrick,WR,0.81%,10.1
,,,,,,,Bills ,DST,0.81%,6
,,,,,,,Rob Gronkowski,TE,0.81%,13.1
,,,,,,,Isaiah McKenzie,WR,0.81%,5.68
,,,,,,,Jamaal Williams,RB,0.81%,8.5
,,,,,,,Bryan Edwards,FLEX,0.81%,2.6
,,,,,,,Kalen Ballage,RB,0.81%,15.2
,,,,,,,Cam Sims,FLEX,0.81%,9.4
