QB,RB1,RB2,WR1,WR2,WR3,TE,Flex,DST,Salary,Draft Kings_MIN,Draft Kings_MID,Draft Kings_MAX,Draft Kings_MIN_Rank,Draft Kings_MID_Rank,Draft Kings_MAX_Rank,Raw Rank,Final Rank
Matthew Stafford (15607542),Derrick Henry (15607597),Mike Davis (15607603),Terry McLaurin (15607841),Davante Adams (15607803),Kenny Golladay (15607831),Eric Ebron (15608131),Jeff Smith (15608077),Vikings  (15608300),49900.0,113.76942857142856,146.45857142857142,186.72785714285715,3,1,102,106,2
Ryan Fitzpatrick (15607545),Derrick Henry (15607597),Mike Davis (15607603),Davante Adams (15607803),Kenny Golladay (15607831),Jeff Smith (15608077),Eric Ebron (15608131),Antonio Gibson (15607625),Dolphins  (15608293),49900.0,112.51057142857142,145.93471428571428,184.60442857142854,29,2,159,190,17
Matthew Stafford (15607542),Derrick Henry (15607597),Mike Davis (15607603),Davante Adams (15607803),Kenny Golladay (15607831),Jeff Smith (15608077),Eric Ebron (15608131),Tyler Boyd (15607839),Vikings  (15608300),50000.0,113.78942857142857,145.91857142857143,187.20285714285717,2,3,91,96,1
Matthew Stafford (15607542),Derrick Henry (15607597),Mike Davis (15607603),Terry McLaurin (15607841),Davante Adams (15607803),Jeff Smith (15608077),Eric Ebron (15608131),Antonio Gibson (15607625),Dolphins  (15608293),49800.0,111.98657142857144,145.90571428571428,181.32642857142858,37,4,221,262,46
Ryan Fitzpatrick (15607545),Derrick Henry (15607597),Mike Davis (15607603),Terry McLaurin (15607841),Davante Adams (15607803),Jeff Smith (15608077),Jonnu Smith (15608115),Antonio Gibson (15607625),Vikings  (15608300),49900.0,113.15342857142856,145.8675714285714,181.56085714285717,11,5,218,234,36
Ryan Fitzpatrick (15607545),Derrick Henry (15607597),Antonio Gibson (15607625),Terry McLaurin (15607841),Davante Adams (15607803),Kenny Golladay (15607831),Eric Ebron (15608131),Devonta Freeman (15607639),Vikings  (15608300),49900.0,113.34342857142856,145.83757142857144,185.79085714285716,8,6,126,140,4
Matthew Stafford (15607542),Derrick Henry (15607597),Antonio Gibson (15607625),Terry McLaurin (15607841),Davante Adams (15607803),Jeff Smith (15608077),Eric Ebron (15608131),Alexander Mattison (15607599),Dolphins  (15608293),50000.0,106.66657142857143,145.7657142857143,184.80642857142854,122,7,154,283,61
Ryan Fitzpatrick (15607545),Derrick Henry (15607597),Mike Davis (15607603),Terry McLaurin (15607841),Davante Adams (15607803),Jeff Smith (15608077),Jonnu Smith (15608115),Devonta Freeman (15607639),Dolphins  (15608293),49900.0,111.71057142857143,145.6547142857143,182.88942857142857,48,8,196,252,40
Matthew Stafford (15607542),Derrick Henry (15607597),Mike Davis (15607603),Davante Adams (15607803),Kenny Golladay (15607831),Jeff Smith (15608077),Eric Ebron (15608131),Antonio Gibson (15607625),Vikings  (15608300),49700.0,112.77942857142857,145.5885714285714,184.47285714285715,18,9,163,190,16
Matthew Stafford (15607542),Derrick Henry (15607597),Antonio Gibson (15607625),Davante Adams (15607803),Kenny Golladay (15607831),Adam Thielen (15607807),Eric Ebron (15608131),Jeff Smith (15608077),Vikings  (15608300),50000.0,114.35942857142857,145.49857142857144,182.85785714285714,1,10,197,208,30
Matthew Stafford (15607542),Derrick Henry (15607597),Antonio Gibson (15607625),Davante Adams (15607803),Kenny Golladay (15607831),Jeff Smith (15608077),Eric Ebron (15608131),Alexander Mattison (15607599),Vikings  (15608300),49900.0,107.45942857142856,145.44857142857143,187.95285714285717,112,11,72,195,21
Ryan Fitzpatrick (15607545),Derrick Henry (15607597),Mike Davis (15607603),Terry McLaurin (15607841),Kenny Golladay (15607831),Tyler Boyd (15607839),Eric Ebron (15608131),Antonio Gibson (15607625),Vikings  (15608300),49800.0,111.92842857142857,145.4275714285714,187.86085714285716,41,12,77,130,3
Matthew Stafford (15607542),Derrick Henry (15607597),Mike Davis (15607603),Terry McLaurin (15607841),Kenny Golladay (15607831),Adam Thielen (15607807),Eric Ebron (15608131),Jeff Smith (15608077),Dolphins  (15608293),49800.0,111.48157142857144,145.41571428571427,185.78142857142856,51,13,127,191,19
Ryan Fitzpatrick (15607545),Derrick Henry (15607597),Mike Davis (15607603),Terry McLaurin (15607841),Kenny Golladay (15607831),Adam Thielen (15607807),Jonnu Smith (15608115),Jeff Smith (15608077),Vikings  (15608300),49900.0,112.64842857142857,145.3775714285714,186.01585714285716,22,14,122,158,8
Matthew Stafford (15607542),Derrick Henry (15607597),Mike Davis (15607603),Davante Adams (15607803),Kenny Golladay (15607831),Jeff Smith (15608077),Eric Ebron (15608131),Devonta Freeman (15607639),Dolphins  (15608293),49700.0,111.33657142857143,145.3757142857143,185.80142857142854,55,15,125,195,22
Matthew Stafford (15607542),Derrick Henry (15607597),Mike Davis (15607603),Davante Adams (15607803),Jeff Smith (15608077),Tyler Boyd (15607839),Eric Ebron (15608131),Antonio Gibson (15607625),Dolphins  (15608293),49900.0,112.00657142857143,145.36571428571432,181.80142857142854,35,16,216,267,50
Matthew Stafford (15607542),Derrick Henry (15607597),Mike Davis (15607603),Terry McLaurin (15607841),Kenny Golladay (15607831),Jeff Smith (15608077),Eric Ebron (15608131),Alexander Mattison (15607599),Dolphins  (15608293),49700.0,104.58157142857144,145.36571428571432,190.87642857142856,163,17,23,203,27
Ryan Fitzpatrick (15607545),Derrick Henry (15607597),Mike Davis (15607603),Davante Adams (15607803),Kenny Golladay (15607831),Jeff Smith (15608077),Jonnu Smith (15608115),Devonta Freeman (15607639),Vikings  (15608300),49800.0,112.50342857142856,145.3375714285714,186.03585714285714,30,18,121,169,11
Ryan Fitzpatrick (15607545),Derrick Henry (15607597),Mike Davis (15607603),Davante Adams (15607803),Jeff Smith (15608077),Tyler Boyd (15607839),Jonnu Smith (15608115),Antonio Gibson (15607625),Vikings  (15608300),50000.0,113.17342857142856,145.32757142857142,182.03585714285714,10,19,208,237,38
Ryan Fitzpatrick (15607545),Derrick Henry (15607597),Mike Davis (15607603),Terry McLaurin (15607841),Kenny Golladay (15607831),Jeff Smith (15608077),Jonnu Smith (15608115),Alexander Mattison (15607599),Vikings  (15608300),49800.0,105.74842857142858,145.32757142857142,191.11085714285716,140,20,20,180,14
Matthew Stafford (15607542),Derrick Henry (15607597),Mike Davis (15607603),Terry McLaurin (15607841),Davante Adams (15607803),Jeff Smith (15608077),Jonnu Smith (15608115),Devonta Freeman (15607639),Vikings  (15608300),49700.0,111.97942857142856,145.30857142857144,182.75785714285718,38,21,200,259,43
Ryan Fitzpatrick (15607545),Derrick Henry (15607597),Mike Davis (15607603),Davante Adams (15607803),Adam Thielen (15607807),Jeff Smith (15608077),Eric Ebron (15608131),Devonta Freeman (15607639),Vikings  (15608300),49800.0,111.96342857142855,145.29757142857142,182.80085714285715,40,22,199,261,44
Ryan Fitzpatrick (15607545),Derrick Henry (15607597),Antonio Gibson (15607625),Davante Adams (15607803),Kenny Golladay (15607831),Tyler Boyd (15607839),Eric Ebron (15608131),Devonta Freeman (15607639),Vikings  (15608300),50000.0,113.36342857142856,145.29757142857142,186.26585714285716,6,23,113,142,5
Ryan Fitzpatrick (15607545),Derrick Henry (15607597),Antonio Gibson (15607625),Terry McLaurin (15607841),Kenny Golladay (15607831),Tyler Boyd (15607839),Eric Ebron (15608131),Alexander Mattison (15607599),Vikings  (15608300),50000.0,106.60842857142858,145.28757142857143,191.34085714285715,126,24,14,164,9
Ryan Fitzpatrick (15607545),Derrick Henry (15607597),Mike Davis (15607603),Terry McLaurin (15607841),Adam Thielen (15607807),Jeff Smith (15608077),Eric Ebron (15608131),Alexander Mattison (15607599),Vikings  (15608300),49800.0,105.20842857142857,145.28757142857143,187.87585714285717,150,25,76,251,39
Matthew Stafford (15607542),Derrick Henry (15607597),Devonta Freeman (15607639),Davante Adams (15607803),Kenny Golladay (15607831),Adam Thielen (15607807),Eric Ebron (15608131),Jeff Smith (15608077),Dolphins  (15608293),50000.0,112.91657142857143,145.28571428571428,184.18642857142856,14,26,169,209,31
Matthew Stafford (15607542),Derrick Henry (15607597),Alexander Mattison (15607599),Terry McLaurin (15607841),Kenny Golladay (15607831),Adam Thielen (15607807),Eric Ebron (15608131),Jeff Smith (15608077),Dolphins  (15608293),50000.0,106.16157142857143,145.2757142857143,189.26142857142855,132,27,41,200,25
Matthew Stafford (15607542),Derrick Henry (15607597),Antonio Gibson (15607625),Terry McLaurin (15607841),Davante Adams (15607803),Tyler Boyd (15607839),Eric Ebron (15608131),Devonta Freeman (15607639),Vikings  (15608300),49900.0,112.83942857142856,145.26857142857142,182.98785714285714,15,28,193,236,37
Ryan Fitzpatrick (15607545),Derrick Henry (15607597),Mike Davis (15607603),Terry McLaurin (15607841),Davante Adams (15607803),Kenny Golladay (15607831),Eric Ebron (15608131),Jeff Smith (15608077),Vikings  (15608300),49500.0,112.74342857142855,145.2475714285714,185.73085714285716,20,29,131,180,13
Matthew Stafford (15607542),Derrick Henry (15607597),Alexander Mattison (15607599),Davante Adams (15607803),Kenny Golladay (15607831),Jeff Smith (15608077),Eric Ebron (15608131),Devonta Freeman (15607639),Dolphins  (15608293),49900.0,106.01657142857142,145.23571428571427,189.28142857142856,133,30,40,203,26
Matthew Stafford (15607542),Derrick Henry (15607597),Devonta Freeman (15607639),Terry McLaurin (15607841),Davante Adams (15607803),Adam Thielen (15607807),Jonnu Smith (15608115),Jeff Smith (15608077),Vikings  (15608300),50000.0,113.55942857142855,145.21857142857144,181.14285714285717,4,31,223,258,42
Ryan Fitzpatrick (15607545),Derrick Henry (15607597),Mike Davis (15607603),Terry McLaurin (15607841),Kenny Golladay (15607831),Tyler Boyd (15607839),Eric Ebron (15608131),Devonta Freeman (15607639),Dolphins  (15608293),49800.0,110.48557142857143,145.21471428571425,189.18942857142858,71,32,44,147,6
Ryan Fitzpatrick (15607545),Derrick Henry (15607597),Alexander Mattison (15607599),Davante Adams (15607803),Kenny Golladay (15607831),Jeff Smith (15608077),Jonnu Smith (15608115),Devonta Freeman (15607639),Vikings  (15608300),50000.0,107.18342857142856,145.19757142857142,189.51585714285716,118,33,38,189,15
Matthew Stafford (15607542),Derrick Henry (15607597),Alexander Mattison (15607599),Terry McLaurin (15607841),Davante Adams (15607803),Jeff Smith (15608077),Jonnu Smith (15608115),Devonta Freeman (15607639),Vikings  (15608300),49900.0,106.65942857142855,145.16857142857143,186.23785714285714,123,34,115,272,54
Ryan Fitzpatrick (15607545),Derrick Henry (15607597),Alexander Mattison (15607599),Davante Adams (15607803),Adam Thielen (15607807),Jeff Smith (15608077),Eric Ebron (15608131),Devonta Freeman (15607639),Vikings  (15608300),50000.0,106.64342857142856,145.15757142857143,186.28085714285714,125,35,112,272,55
Ryan Fitzpatrick (15607545),Derrick Henry (15607597),Mike Davis (15607603),Davante Adams (15607803),Jeff Smith (15608077),Tyler Boyd (15607839),Jonnu Smith (15608115),Devonta Freeman (15607639),Dolphins  (15608293),50000.0,111.73057142857142,145.11471428571429,183.36442857142853,46,36,185,267,49
Ryan Fitzpatrick (15607545),Derrick Henry (15607597),Alexander Mattison (15607599),Terry McLaurin (15607841),Davante Adams (15607803),Kenny Golladay (15607831),Eric Ebron (15608131),Jeff Smith (15608077),Vikings  (15608300),49700.0,107.42342857142856,145.10757142857142,189.21085714285715,114,37,43,194,20
Ryan Fitzpatrick (15607545),Derrick Henry (15607597),Mike Davis (15607603),Terry McLaurin (15607841),Jeff Smith (15608077),Tyler Boyd (15607839),Jonnu Smith (15608115),Alexander Mattison (15607599),Dolphins  (15608293),50000.0,104.97557142857144,145.1047142857143,188.43942857142858,158,38,56,252,41
Ryan Fitzpatrick (15607545),Derrick Henry (15607597),Alexander Mattison (15607599),Terry McLaurin (15607841),Kenny Golladay (15607831),Tyler Boyd (15607839),Eric Ebron (15608131),Devonta Freeman (15607639),Dolphins  (15608293),50000.0,105.16557142857144,145.07471428571426,192.66942857142854,153,39,4,196,23
Ryan Fitzpatrick (15607545),Derrick Henry (15607597),Mike Davis (15607603),Terry McLaurin (15607841),Davante Adams (15607803),Jeff Smith (15608077),Eric Ebron (15608131),Tyler Boyd (15607839),Dolphins  (15608293),49700.0,111.97057142857142,145.0247142857143,183.05942857142858,39,40,192,271,52
Ryan Fitzpatrick (15607545),Derrick Henry (15607597),Alexander Mattison (15607599),Terry McLaurin (15607841),Davante Adams (15607803),Jeff Smith (15608077),Eric Ebron (15608131),Tyler Boyd (15607839),Dolphins  (15608293),49900.0,106.65057142857142,144.88471428571432,186.53942857142854,124,41,106,271,53
Matthew Stafford (15607542),Derrick Henry (15607597),Mike Davis (15607603),Kenny Golladay (15607831),Adam Thielen (15607807),Jeff Smith (15608077),Eric Ebron (15608131),Tyler Boyd (15607839),Dolphins  (15608293),49900.0,111.50157142857144,144.8757142857143,186.25642857142856,50,42,114,206,28
Matthew Stafford (15607542),Derrick Henry (15607597),Mike Davis (15607603),Terry McLaurin (15607841),Kenny Golladay (15607831),Tyler Boyd (15607839),Eric Ebron (15608131),Devonta Freeman (15607639),Vikings  (15608300),49600.0,110.75442857142856,144.8685714285714,189.05785714285716,68,43,47,158,7
Ryan Fitzpatrick (15607545),Derrick Henry (15607597),Mike Davis (15607603),Kenny Golladay (15607831),Adam Thielen (15607807),Jeff Smith (15608077),Jonnu Smith (15608115),Tyler Boyd (15607839),Vikings  (15608300),50000.0,112.66842857142856,144.8375714285714,186.49085714285715,21,44,107,172,12
Matthew Stafford (15607542),Derrick Henry (15607597),Mike Davis (15607603),Kenny Golladay (15607831),Jeff Smith (15608077),Tyler Boyd (15607839),Eric Ebron (15608131),Alexander Mattison (15607599),Dolphins  (15608293),49800.0,104.60157142857143,144.8257142857143,191.35142857142856,162,45,13,220,34
Ryan Fitzpatrick (15607545),Derrick Henry (15607597),Mike Davis (15607603),Terry McLaurin (15607841),Adam Thielen (15607807),Jeff Smith (15608077),Jonnu Smith (15608115),Antonio Gibson (15607625),Dolphins  (15608293),49800.0,110.86557142857143,144.82471428571426,180.61442857142856,67,46,229,342,104
Matthew Stafford (15607542),Derrick Henry (15607597),Mike Davis (15607603),Terry McLaurin (15607841),Adam Thielen (15607807),Jeff Smith (15608077),Jonnu Smith (15608115),Tyler Boyd (15607839),Vikings  (15608300),49900.0,112.14442857142856,144.8085714285714,183.21285714285716,34,47,188,269,51
Ryan Fitzpatrick (15607545),Derrick Henry (15607597),Antonio Gibson (15607625),Terry McLaurin (15607841),Kenny Golladay (15607831),Adam Thielen (15607807),Eric Ebron (15608131),Devonta Freeman (15607639),Dolphins  (15608293),49800.0,111.05557142857144,144.7947142857143,184.84442857142855,64,48,152,264,48
Ryan Fitzpatrick (15607545),Derrick Henry (15607597),Mike Davis (15607603),Kenny Golladay (15607831),Jeff Smith (15608077),Tyler Boyd (15607839),Jonnu Smith (15608115),Alexander Mattison (15607599),Vikings  (15608300),49900.0,105.76842857142857,144.78757142857143,191.58585714285715,139,49,11,199,24
Matthew Stafford (15607542),Derrick Henry (15607597),Devonta Freeman (15607639),Terry McLaurin (15607841),Kenny Golladay (15607831),Adam Thielen (15607807),Eric Ebron (15608131),Tyler Boyd (15607839),Vikings  (15608300),49900.0,112.33442857142856,144.7785714285714,187.44285714285715,31,50,84,165,10
Matthew Stafford (15607542),Derrick Henry (15607597),Mike Davis (15607603),Davante Adams (15607803),Jeff Smith (15608077),Tyler Boyd (15607839),Jonnu Smith (15608115),Devonta Freeman (15607639),Vikings  (15608300),49800.0,111.99942857142857,144.76857142857142,183.23285714285714,36,51,187,274,56
Matthew Stafford (15607542),Derrick Henry (15607597),Mike Davis (15607603),Terry McLaurin (15607841),Jeff Smith (15608077),Tyler Boyd (15607839),Jonnu Smith (15608115),Alexander Mattison (15607599),Vikings  (15608300),49800.0,105.24442857142856,144.75857142857143,188.30785714285716,148,52,62,262,45
Ryan Fitzpatrick (15607545),Derrick Henry (15607597),Mike Davis (15607603),Adam Thielen (15607807),Jeff Smith (15608077),Tyler Boyd (15607839),Eric Ebron (15608131),Alexander Mattison (15607599),Vikings  (15608300),49900.0,105.22842857142857,144.7475714285714,188.35085714285714,149,53,61,263,47
Matthew Stafford (15607542),Derrick Henry (15607597),Alexander Mattison (15607599),Terry McLaurin (15607841),Kenny Golladay (15607831),Tyler Boyd (15607839),Eric Ebron (15608131),Devonta Freeman (15607639),Vikings  (15608300),49800.0,105.43442857142855,144.72857142857143,192.53785714285715,146,54,6,206,29
Ryan Fitzpatrick (15607545),Derrick Henry (15607597),Mike Davis (15607603),Davante Adams (15607803),Kenny Golladay (15607831),Jeff Smith (15608077),Eric Ebron (15608131),Tyler Boyd (15607839),Vikings  (15608300),49600.0,112.76342857142856,144.7075714285714,186.20585714285716,19,55,117,191,18
Ryan Fitzpatrick (15607545),Derrick Henry (15607597),Antonio Gibson (15607625),Davante Adams (15607803),Adam Thielen (15607807),Jeff Smith (15608077),Jonnu Smith (15608115),Devonta Freeman (15607639),Dolphins  (15608293),50000.0,112.30057142857143,144.69471428571427,179.01942857142856,32,56,239,327,91
Ryan Fitzpatrick (15607545),Derrick Henry (15607597),Antonio Gibson (15607625),Terry McLaurin (15607841),Adam Thielen (15607807),Jeff Smith (15608077),Jonnu Smith (15608115),Alexander Mattison (15607599),Dolphins  (15608293),50000.0,105.54557142857144,144.68471428571428,184.09442857142855,145,57,172,374,123
Matthew Stafford (15607542),Derrick Henry (15607597),Mike Davis (15607603),Terry McLaurin (15607841),Davante Adams (15607803),Jeff Smith (15608077),Eric Ebron (15608131),Tyler Boyd (15607839),Vikings  (15608300),49500.0,112.23942857142856,144.67857142857144,182.92785714285716,33,58,195,286,65
Ryan Fitzpatrick (15607545),Derrick Henry (15607597),Antonio Gibson (15607625),Terry McLaurin (15607841),Davante Adams (15607803),Kenny Golladay (15607831),Jonnu Smith (15608115),Jeff Smith (15608077),Dolphins  (15608293),49700.0,113.08057142857143,144.64471428571431,181.94942857142857,13,59,211,283,62
Matthew Stafford (15607542),Derrick Henry (15607597),Alexander Mattison (15607599),Davante Adams (15607803),Jeff Smith (15608077),Tyler Boyd (15607839),Jonnu Smith (15608115),Devonta Freeman (15607639),Vikings  (15608300),50000.0,106.67942857142856,144.62857142857143,186.71285714285716,121,60,103,284,63
Ryan Fitzpatrick (15607545),Derrick Henry (15607597),Antonio Gibson (15607625),Terry McLaurin (15607841),Davante Adams (15607803),Adam Thielen (15607807),Eric Ebron (15608131),Jeff Smith (15608077),Dolphins  (15608293),49700.0,112.54057142857143,144.6047142857143,178.71442857142856,27,61,241,329,95
Ryan Fitzpatrick (15607545),Derrick Henry (15607597),Alexander Mattison (15607599),Davante Adams (15607803),Kenny Golladay (15607831),Jeff Smith (15608077),Eric Ebron (15608131),Tyler Boyd (15607839),Vikings  (15608300),49800.0,107.44342857142857,144.56757142857143,189.68585714285717,113,62,35,210,32
Ryan Fitzpatrick (15607545),Derrick Henry (15607597),Antonio Gibson (15607625),Terry McLaurin (15607841),Davante Adams (15607803),Jeff Smith (15608077),Eric Ebron (15608131),Alexander Mattison (15607599),Dolphins  (15608293),49600.0,105.64057142857143,144.55471428571428,183.80942857142858,143,63,178,384,136
Matthew Stafford (15607542),Derrick Henry (15607597),Mike Davis (15607603),Kenny Golladay (15607831),Adam Thielen (15607807),Jeff Smith (15608077),Eric Ebron (15608131),Antonio Gibson (15607625),Dolphins  (15608293),49600.0,110.49157142857143,144.54571428571427,183.52642857142857,70,64,183,317,85
Matthew Stafford (15607542),Derrick Henry (15607597),Alexander Mattison (15607599),Terry McLaurin (15607841),Davante Adams (15607803),Jeff Smith (15608077),Eric Ebron (15608131),Tyler Boyd (15607839),Vikings  (15608300),49700.0,106.91942857142855,144.53857142857143,186.40785714285715,120,65,110,295,69
Ryan Fitzpatrick (15607545),Derrick Henry (15607597),Mike Davis (15607603),Kenny Golladay (15607831),Adam Thielen (15607807),Jeff Smith (15608077),Jonnu Smith (15608115),Antonio Gibson (15607625),Vikings  (15608300),49700.0,111.65842857142857,144.50757142857142,183.76085714285716,49,66,180,295,70
Matthew Stafford (15607542),Derrick Henry (15607597),Mike Davis (15607603),Terry McLaurin (15607841),Adam Thielen (15607807),Jeff Smith (15608077),Jonnu Smith (15608115),Antonio Gibson (15607625),Vikings  (15608300),49600.0,111.13442857142857,144.47857142857143,180.48285714285714,59,67,231,357,112
Matthew Stafford (15607542),Derrick Henry (15607597),Antonio Gibson (15607625),Terry McLaurin (15607841),Kenny Golladay (15607831),Adam Thielen (15607807),Eric Ebron (15608131),Devonta Freeman (15607639),Vikings  (15608300),49600.0,111.32442857142857,144.44857142857143,184.71285714285716,56,68,157,281,58
Matthew Stafford (15607542),Mike Davis (15607603),Antonio Gibson (15607625),Terry McLaurin (15607841),Davante Adams (15607803),Kenny Golladay (15607831),Eric Ebron (15608131),Devonta Freeman (15607639),Vikings  (15608300),50000.0,109.68442857142855,144.40857142857143,188.35785714285714,83,69,60,212,33
Matthew Stafford (15607542),Derrick Henry (15607597),Antonio Gibson (15607625),Kenny Golladay (15607831),Adam Thielen (15607807),Jeff Smith (15608077),Eric Ebron (15608131),Alexander Mattison (15607599),Dolphins  (15608293),49800.0,105.17157142857144,144.40571428571428,187.00642857142856,151,70,94,315,82
Ryan Fitzpatrick (15607545),Derrick Henry (15607597),Antonio Gibson (15607625),Kenny Golladay (15607831),Adam Thielen (15607807),Jeff Smith (15608077),Jonnu Smith (15608115),Alexander Mattison (15607599),Vikings  (15608300),49900.0,106.33842857142857,144.3675714285714,187.24085714285715,131,71,90,292,67
Matthew Stafford (15607542),Derrick Henry (15607597),Antonio Gibson (15607625),Davante Adams (15607803),Adam Thielen (15607807),Jeff Smith (15608077),Jonnu Smith (15608115),Devonta Freeman (15607639),Vikings  (15608300),49800.0,112.56942857142856,144.3485714285714,178.88785714285717,24,72,240,336,99
Matthew Stafford (15607542),Derrick Henry (15607597),Antonio Gibson (15607625),Terry McLaurin (15607841),Adam Thielen (15607807),Jeff Smith (15608077),Jonnu Smith (15608115),Alexander Mattison (15607599),Vikings  (15608300),49800.0,105.81442857142856,144.3385714285714,183.96285714285716,137,73,175,385,137
Matthew Stafford (15607542),Derrick Henry (15607597),Antonio Gibson (15607625),Terry McLaurin (15607841),Davante Adams (15607803),Kenny Golladay (15607831),Jonnu Smith (15608115),Jeff Smith (15608077),Vikings  (15608300),49500.0,113.34942857142856,144.29857142857142,181.81785714285715,7,74,214,295,68
Ryan Fitzpatrick (15607545),Derrick Henry (15607597),Mike Davis (15607603),Kenny Golladay (15607831),Adam Thielen (15607807),Jeff Smith (15608077),Jonnu Smith (15608115),Devonta Freeman (15607639),Dolphins  (15608293),49700.0,110.21557142857144,144.2947142857143,185.08942857142856,77,75,149,301,73
Ryan Fitzpatrick (15607545),Derrick Henry (15607597),Antonio Gibson (15607625),Davante Adams (15607803),Kenny Golladay (15607831),Adam Thielen (15607807),Eric Ebron (15608131),Jeff Smith (15608077),Vikings  (15608300),49600.0,113.33342857142857,144.28757142857143,181.86085714285716,9,76,213,298,71
Ryan Fitzpatrick (15607545),Derrick Henry (15607597),Mike Davis (15607603),Adam Thielen (15607807),Jeff Smith (15608077),Tyler Boyd (15607839),Jonnu Smith (15608115),Antonio Gibson (15607625),Dolphins  (15608293),49900.0,110.88557142857144,144.2847142857143,181.08942857142856,66,77,224,367,119
Matthew Stafford (15607542),Derrick Henry (15607597),Mike Davis (15607603),Terry McLaurin (15607841),Adam Thielen (15607807),Jeff Smith (15608077),Jonnu Smith (15608115),Devonta Freeman (15607639),Dolphins  (15608293),49600.0,109.69157142857142,144.2657142857143,181.81142857142856,82,78,215,375,127
Matthew Stafford (15607542),Derrick Henry (15607597),Antonio Gibson (15607625),Terry McLaurin (15607841),Kenny Golladay (15607831),Tyler Boyd (15607839),Jonnu Smith (15608115),Devonta Freeman (15607639),Dolphins  (15608293),49800.0,111.09157142857143,144.2657142857143,185.27642857142857,61,79,142,282,59
Matthew Stafford (15607542),Derrick Henry (15607597),Antonio Gibson (15607625),Terry McLaurin (15607841),Davante Adams (15607803),Adam Thielen (15607807),Eric Ebron (15608131),Jeff Smith (15608077),Vikings  (15608300),49500.0,112.80942857142855,144.25857142857143,178.58285714285716,17,80,242,339,102
Ryan Fitzpatrick (15607545),Derrick Henry (15607597),Antonio Gibson (15607625),Kenny Golladay (15607831),Adam Thielen (15607807),Tyler Boyd (15607839),Eric Ebron (15608131),Devonta Freeman (15607639),Dolphins  (15608293),49900.0,111.07557142857144,144.25471428571427,185.31942857142857,63,81,140,284,64
Ryan Fitzpatrick (15607545),Derrick Henry (15607597),Antonio Gibson (15607625),Davante Adams (15607803),Kenny Golladay (15607831),Jeff Smith (15608077),Eric Ebron (15608131),Alexander Mattison (15607599),Vikings  (15608300),49500.0,106.43342857142856,144.2375714285714,186.95585714285716,127,82,96,305,76
Matthew Stafford (15607542),Derrick Henry (15607597),Antonio Gibson (15607625),Terry McLaurin (15607841),Adam Thielen (15607807),Tyler Boyd (15607839),Eric Ebron (15608131),Devonta Freeman (15607639),Dolphins  (15608293),49800.0,110.55157142857144,144.22571428571428,182.04142857142855,69,83,207,359,113
Ryan Fitzpatrick (15607545),Derrick Henry (15607597),Antonio Gibson (15607625),Terry McLaurin (15607841),Adam Thielen (15607807),Tyler Boyd (15607839),Jonnu Smith (15608115),Devonta Freeman (15607639),Vikings  (15608300),49900.0,111.71842857142857,144.1875714285714,182.27585714285715,47,84,205,336,98
Ryan Fitzpatrick (15607545),Derrick Henry (15607597),Mike Davis (15607603),Davante Adams (15607803),Jeff Smith (15608077),Tyler Boyd (15607839),Eric Ebron (15608131),Antonio Gibson (15607625),Dolphins  (15608293),49500.0,110.98057142857142,144.1547142857143,180.80442857142853,65,85,226,376,129
Ryan Fitzpatrick (15607545),Derrick Henry (15607597),Alexander Mattison (15607599),Kenny Golladay (15607831),Adam Thielen (15607807),Jeff Smith (15608077),Jonnu Smith (15608115),Devonta Freeman (15607639),Dolphins  (15608293),49900.0,104.89557142857143,144.15471428571425,188.56942857142857,159,86,55,300,72
Matthew Stafford (15607542),Derrick Henry (15607597),Alexander Mattison (15607599),Terry McLaurin (15607841),Adam Thielen (15607807),Jeff Smith (15608077),Jonnu Smith (15608115),Devonta Freeman (15607639),Dolphins  (15608293),49800.0,104.37157142857143,144.1257142857143,185.29142857142855,166,87,141,394,146
Ryan Fitzpatrick (15607545),Derrick Henry (15607597),Antonio Gibson (15607625),Davante Adams (15607803),Kenny Golladay (15607831),Jeff Smith (15608077),Jonnu Smith (15608115),Tyler Boyd (15607839),Dolphins  (15608293),49800.0,113.10057142857143,144.1047142857143,182.42442857142856,12,88,202,302,74
Matthew Stafford (15607542),Derrick Henry (15607597),Devonta Freeman (15607639),Terry McLaurin (15607841),Davante Adams (15607803),Kenny Golladay (15607831),Jonnu Smith (15608115),Jeff Smith (15608077),Dolphins  (15608293),49500.0,111.90657142857143,144.0857142857143,183.14642857142857,43,89,191,323,87
Matthew Stafford (15607542),Derrick Henry (15607597),Antonio Gibson (15607625),Terry McLaurin (15607841),Davante Adams (15607803),Jeff Smith (15608077),Jonnu Smith (15608115),Tyler Boyd (15607839),Dolphins  (15608293),49700.0,112.57657142857143,144.0757142857143,179.14642857142857,23,90,237,350,109
Ryan Fitzpatrick (15607545),Derrick Henry (15607597),Devonta Freeman (15607639),Davante Adams (15607803),Kenny Golladay (15607831),Adam Thielen (15607807),Eric Ebron (15608131),Jeff Smith (15608077),Dolphins  (15608293),49600.0,111.89057142857143,144.07471428571426,183.18942857142858,44,91,189,324,90
Ryan Fitzpatrick (15607545),Derrick Henry (15607597),Alexander Mattison (15607599),Terry McLaurin (15607841),Kenny Golladay (15607831),Adam Thielen (15607807),Eric Ebron (15608131),Jeff Smith (15608077),Dolphins  (15608293),49600.0,105.13557142857144,144.06471428571427,188.26442857142857,156,92,65,313,79
Ryan Fitzpatrick (15607545),Derrick Henry (15607597),Antonio Gibson (15607625),Davante Adams (15607803),Adam Thielen (15607807),Jeff Smith (15608077),Eric Ebron (15608131),Tyler Boyd (15607839),Dolphins  (15608293),49800.0,112.56057142857144,144.06471428571427,179.18942857142858,25,93,236,354,110
Ryan Fitzpatrick (15607545),Derrick Henry (15607597),Antonio Gibson (15607625),Terry McLaurin (15607841),Davante Adams (15607803),Tyler Boyd (15607839),Eric Ebron (15608131),Devonta Freeman (15607639),Vikings  (15608300),49500.0,111.81342857142856,144.05757142857144,181.99085714285718,45,94,209,348,107
Matthew Stafford (15607542),Derrick Henry (15607597),Devonta Freeman (15607639),Terry McLaurin (15607841),Davante Adams (15607803),Adam Thielen (15607807),Eric Ebron (15608131),Jeff Smith (15608077),Dolphins  (15608293),49500.0,111.36657142857142,144.04571428571433,179.91142857142856,53,95,235,383,135
Ryan Fitzpatrick (15607545),Derrick Henry (15607597),Alexander Mattison (15607599),Davante Adams (15607803),Kenny Golladay (15607831),Jeff Smith (15608077),Eric Ebron (15608131),Devonta Freeman (15607639),Dolphins  (15608293),49500.0,104.99057142857143,144.0247142857143,188.28442857142855,157,96,63,316,84
Ryan Fitzpatrick (15607545),Mike Davis (15607603),Alexander Mattison (15607599),Terry McLaurin (15607841),Davante Adams (15607803),Kenny Golladay (15607831),Eric Ebron (15608131),Jeff Smith (15608077),Dolphins  (15608293),50000.0,103.49557142857142,144.0247142857143,191.90942857142855,176,97,9,282,60
Ryan Fitzpatrick (15607545),Derrick Henry (15607597),Antonio Gibson (15607625),Davante Adams (15607803),Jeff Smith (15608077),Tyler Boyd (15607839),Eric Ebron (15608131),Alexander Mattison (15607599),Dolphins  (15608293),49700.0,105.66057142857143,144.01471428571432,184.28442857142855,141,98,166,405,154
Ryan Fitzpatrick (15607545),Derrick Henry (15607597),Devonta Freeman (15607639),Terry McLaurin (15607841),Davante Adams (15607803),Adam Thielen (15607807),Jonnu Smith (15608115),Jeff Smith (15608077),Vikings  (15608300),49600.0,112.53342857142856,144.00757142857142,180.14585714285715,28,99,234,361,115
Ryan Fitzpatrick (15607545),Derrick Henry (15607597),Alexander Mattison (15607599),Terry McLaurin (15607841),Davante Adams (15607803),Jeff Smith (15608077),Jonnu Smith (15608115),Devonta Freeman (15607639),Vikings  (15608300),49500.0,105.63342857142857,143.95757142857144,185.24085714285715,144,100,144,388,139
Matthew Stafford (15607542),Derrick Henry (15607597),Mike Davis (15607603),Kenny Golladay (15607831),Adam Thielen (15607807),Jeff Smith (15608077),Jonnu Smith (15608115),Devonta Freeman (15607639),Vikings  (15608300),49500.0,110.48442857142857,143.94857142857143,184.95785714285716,72,101,151,324,89
Matthew Stafford (15607542),Derrick Henry (15607597),Mike Davis (15607603),Adam Thielen (15607807),Jeff Smith (15608077),Tyler Boyd (15607839),Jonnu Smith (15608115),Antonio Gibson (15607625),Vikings  (15608300),49700.0,111.15442857142857,143.93857142857144,180.95785714285716,58,102,225,385,138
Matthew Stafford (15607542),Derrick Henry (15607597),Antonio Gibson (15607625),Kenny Golladay (15607831),Adam Thielen (15607807),Tyler Boyd (15607839),Eric Ebron (15608131),Devonta Freeman (15607639),Vikings  (15608300),49700.0,111.34442857142857,143.9085714285714,185.18785714285715,54,103,147,304,75
Matthew Stafford (15607542),Derrick Henry (15607597),Alexander Mattison (15607599),Kenny Golladay (15607831),Adam Thielen (15607807),Jeff Smith (15608077),Jonnu Smith (15608115),Devonta Freeman (15607639),Vikings  (15608300),49700.0,105.16442857142857,143.8085714285714,188.43785714285715,154,104,57,315,83
Matthew Stafford (15607542),Derrick Henry (15607597),Antonio Gibson (15607625),Adam Thielen (15607807),Jeff Smith (15608077),Tyler Boyd (15607839),Jonnu Smith (15608115),Alexander Mattison (15607599),Vikings  (15608300),49900.0,105.83442857142857,143.79857142857142,184.43785714285715,136,105,164,405,155
Matthew Stafford (15607542),Derrick Henry (15607597),Antonio Gibson (15607625),Davante Adams (15607803),Kenny Golladay (15607831),Jeff Smith (15608077),Jonnu Smith (15608115),Tyler Boyd (15607839),Vikings  (15608300),49600.0,113.36942857142856,143.75857142857143,182.29285714285714,5,106,203,314,81
Matthew Stafford (15607542),Derrick Henry (15607597),Mike Davis (15607603),Adam Thielen (15607807),Jeff Smith (15608077),Tyler Boyd (15607839),Jonnu Smith (15608115),Devonta Freeman (15607639),Dolphins  (15608293),49700.0,109.71157142857143,143.72571428571428,182.28642857142856,81,107,204,392,143
Matthew Stafford (15607542),Derrick Henry (15607597),Antonio Gibson (15607625),Davante Adams (15607803),Adam Thielen (15607807),Jeff Smith (15608077),Eric Ebron (15608131),Tyler Boyd (15607839),Vikings  (15608300),49600.0,112.82942857142856,143.7185714285714,179.05785714285716,16,108,238,362,116
Matthew Stafford (15607542),Mike Davis (15607603),Alexander Mattison (15607599),Terry McLaurin (15607841),Davante Adams (15607803),Kenny Golladay (15607831),Eric Ebron (15608131),Jeff Smith (15608077),Vikings  (15608300),49800.0,103.76442857142857,143.67857142857144,191.77785714285716,171,109,10,290,66
Matthew Stafford (15607542),Derrick Henry (15607597),Antonio Gibson (15607625),Davante Adams (15607803),Jeff Smith (15608077),Tyler Boyd (15607839),Eric Ebron (15608131),Alexander Mattison (15607599),Vikings  (15608300),49500.0,105.92942857142856,143.66857142857143,184.15285714285716,134,110,170,414,164
Ryan Fitzpatrick (15607545),Derrick Henry (15607597),Mike Davis (15607603),Kenny Golladay (15607831),Adam Thielen (15607807),Jeff Smith (15608077),Eric Ebron (15608131),Tyler Boyd (15607839),Dolphins  (15608293),49500.0,110.47557142857144,143.6647142857143,185.25942857142857,73,111,143,327,92
Ryan Fitzpatrick (15607545),Derrick Henry (15607597),Mike Davis (15607603),Terry McLaurin (15607841),Adam Thielen (15607807),Jeff Smith (15608077),Jonnu Smith (15608115),Tyler Boyd (15607839),Vikings  (15608300),49500.0,111.11842857142857,143.5975714285714,182.21585714285715,60,112,206,378,133
Matthew Stafford (15607542),Derrick Henry (15607597),Alexander Mattison (15607599),Adam Thielen (15607807),Jeff Smith (15608077),Tyler Boyd (15607839),Jonnu Smith (15608115),Devonta Freeman (15607639),Dolphins  (15608293),49900.0,104.39157142857144,143.5857142857143,185.76642857142855,165,113,128,406,156
Ryan Fitzpatrick (15607545),Derrick Henry (15607597),Devonta Freeman (15607639),Terry McLaurin (15607841),Kenny Golladay (15607831),Adam Thielen (15607807),Eric Ebron (15608131),Tyler Boyd (15607839),Vikings  (15608300),49500.0,111.30842857142856,143.5675714285714,186.44585714285716,57,114,108,279,57
Matthew Stafford (15607542),Derrick Henry (15607597),Devonta Freeman (15607639),Davante Adams (15607803),Kenny Golladay (15607831),Jeff Smith (15608077),Jonnu Smith (15608115),Tyler Boyd (15607839),Dolphins  (15608293),49600.0,111.92657142857142,143.54571428571427,183.62142857142857,42,115,181,338,100
Matthew Stafford (15607542),Derrick Henry (15607597),Alexander Mattison (15607599),Terry McLaurin (15607841),Kenny Golladay (15607831),Jeff Smith (15608077),Jonnu Smith (15608115),Tyler Boyd (15607839),Dolphins  (15608293),49600.0,105.17157142857143,143.53571428571428,188.69642857142856,152,116,51,319,86
Ryan Fitzpatrick (15607545),Mike Davis (15607603),Devonta Freeman (15607639),Terry McLaurin (15607841),Davante Adams (15607803),Kenny Golladay (15607831),Eric Ebron (15608131),Tyler Boyd (15607839),Vikings  (15608300),49900.0,109.66842857142856,143.5275714285714,190.09085714285715,85,117,31,233,35
Ryan Fitzpatrick (15607545),Derrick Henry (15607597),Alexander Mattison (15607599),Kenny Golladay (15607831),Adam Thielen (15607807),Jeff Smith (15608077),Eric Ebron (15608131),Tyler Boyd (15607839),Dolphins  (15608293),49700.0,105.15557142857145,143.52471428571425,188.73942857142856,155,118,50,323,88
Matthew Stafford (15607542),Derrick Henry (15607597),Devonta Freeman (15607639),Davante Adams (15607803),Adam Thielen (15607807),Jeff Smith (15608077),Eric Ebron (15608131),Tyler Boyd (15607839),Dolphins  (15608293),49600.0,111.38657142857143,143.5057142857143,180.38642857142858,52,119,233,404,153
Matthew Stafford (15607542),Derrick Henry (15607597),Alexander Mattison (15607599),Terry McLaurin (15607841),Adam Thielen (15607807),Jeff Smith (15608077),Eric Ebron (15608131),Tyler Boyd (15607839),Dolphins  (15608293),49600.0,104.63157142857143,143.4957142857143,185.46142857142857,161,120,138,419,166
Ryan Fitzpatrick (15607545),Derrick Henry (15607597),Devonta Freeman (15607639),Davante Adams (15607803),Adam Thielen (15607807),Jeff Smith (15608077),Jonnu Smith (15608115),Tyler Boyd (15607839),Vikings  (15608300),49700.0,112.55342857142855,143.4675714285714,180.62085714285718,26,121,228,375,126
Ryan Fitzpatrick (15607545),Derrick Henry (15607597),Alexander Mattison (15607599),Terry McLaurin (15607841),Adam Thielen (15607807),Jeff Smith (15608077),Jonnu Smith (15608115),Tyler Boyd (15607839),Vikings  (15608300),49700.0,105.79842857142856,143.4575714285714,185.69585714285716,138,122,133,393,145
Matthew Stafford (15607542),Mike Davis (15607603),Alexander Mattison (15607599),Terry McLaurin (15607841),Davante Adams (15607803),Jeff Smith (15608077),Eric Ebron (15608131),Tyler Boyd (15607839),Dolphins  (15608293),50000.0,102.99157142857143,143.4557142857143,189.10642857142855,186,123,46,355,111
Matthew Stafford (15607542),Derrick Henry (15607597),Alexander Mattison (15607599),Davante Adams (15607803),Jeff Smith (15608077),Tyler Boyd (15607839),Eric Ebron (15608131),Devonta Freeman (15607639),Dolphins  (15608293),49500.0,104.48657142857142,143.4557142857143,185.48142857142855,164,124,137,425,168
Ryan Fitzpatrick (15607545),Derrick Henry (15607597),Alexander Mattison (15607599),Davante Adams (15607803),Jeff Smith (15608077),Tyler Boyd (15607839),Jonnu Smith (15608115),Devonta Freeman (15607639),Vikings  (15608300),49600.0,105.65342857142856,143.41757142857142,185.71585714285715,142,125,132,399,150
Matthew Stafford (15607542),Mike Davis (15607603),Antonio Gibson (15607625),Terry McLaurin (15607841),Kenny Golladay (15607831),Adam Thielen (15607807),Eric Ebron (15608131),Devonta Freeman (15607639),Dolphins  (15608293),49900.0,107.39657142857143,143.36571428571426,187.41142857142856,116,126,85,327,93
Ryan Fitzpatrick (15607545),Mike Davis (15607603),Antonio Gibson (15607625),Terry McLaurin (15607841),Kenny Golladay (15607831),Adam Thielen (15607807),Jonnu Smith (15608115),Devonta Freeman (15607639),Vikings  (15608300),50000.0,108.56342857142857,143.3275714285714,187.64585714285715,101,127,82,310,77
Matthew Stafford (15607542),Mike Davis (15607603),Antonio Gibson (15607625),Terry McLaurin (15607841),Davante Adams (15607803),Kenny Golladay (15607831),Jonnu Smith (15608115),Jeff Smith (15608077),Dolphins  (15608293),49800.0,109.42157142857144,143.21571428571428,184.51642857142855,87,128,162,377,131
Ryan Fitzpatrick (15607545),Mike Davis (15607603),Antonio Gibson (15607625),Davante Adams (15607803),Kenny Golladay (15607831),Adam Thielen (15607807),Eric Ebron (15608131),Jeff Smith (15608077),Dolphins  (15608293),49900.0,109.40557142857145,143.20471428571426,184.55942857142855,88,129,160,377,130
Ryan Fitzpatrick (15607545),Mike Davis (15607603),Antonio Gibson (15607625),Terry McLaurin (15607841),Davante Adams (15607803),Kenny Golladay (15607831),Eric Ebron (15608131),Devonta Freeman (15607639),Vikings  (15608300),49600.0,108.65842857142857,143.19757142857142,187.36085714285716,98,130,86,314,80
Matthew Stafford (15607542),Derrick Henry (15607597),Alexander Mattison (15607599),Kenny Golladay (15607831),Adam Thielen (15607807),Jeff Smith (15608077),Eric Ebron (15608131),Tyler Boyd (15607839),Vikings  (15608300),49500.0,105.42442857142856,143.17857142857142,188.60785714285714,147,131,53,331,96
Matthew Stafford (15607542),Mike Davis (15607603),Antonio Gibson (15607625),Terry McLaurin (15607841),Davante Adams (15607803),Adam Thielen (15607807),Eric Ebron (15608131),Jeff Smith (15608077),Dolphins  (15608293),49800.0,108.88157142857142,143.17571428571432,181.28142857142856,93,132,222,447,181
Ryan Fitzpatrick (15607545),Mike Davis (15607603),Antonio Gibson (15607625),Davante Adams (15607803),Kenny Golladay (15607831),Jeff Smith (15608077),Eric Ebron (15608131),Alexander Mattison (15607599),Dolphins  (15608293),49800.0,102.50557142857144,143.1547142857143,189.65442857142855,202,133,36,371,122
Matthew Stafford (15607542),Mike Davis (15607603),Alexander Mattison (15607599),Davante Adams (15607803),Kenny Golladay (15607831),Jeff Smith (15608077),Eric Ebron (15608131),Tyler Boyd (15607839),Vikings  (15608300),49900.0,103.78442857142856,143.13857142857142,192.25285714285715,170,134,8,312,78
Ryan Fitzpatrick (15607545),Mike Davis (15607603),Antonio Gibson (15607625),Terry McLaurin (15607841),Davante Adams (15607803),Adam Thielen (15607807),Jonnu Smith (15608115),Jeff Smith (15608077),Vikings  (15608300),49900.0,110.04842857142856,143.13757142857142,181.51585714285716,79,135,219,433,174
Matthew Stafford (15607542),Mike Davis (15607603),Antonio Gibson (15607625),Terry McLaurin (15607841),Davante Adams (15607803),Jeff Smith (15608077),Eric Ebron (15608131),Alexander Mattison (15607599),Dolphins  (15608293),49700.0,101.98157142857144,143.1257142857143,186.37642857142853,210,136,111,457,185
Ryan Fitzpatrick (15607545),Antonio Gibson (15607625),Devonta Freeman (15607639),Terry McLaurin (15607841),Davante Adams (15607803),Kenny Golladay (15607831),Eric Ebron (15608131),Adam Thielen (15607807),Vikings  (15608300),49900.0,110.23842857142857,143.10757142857142,185.74585714285715,76,137,130,343,105
Ryan Fitzpatrick (15607545),Mike Davis (15607603),Antonio Gibson (15607625),Terry McLaurin (15607841),Davante Adams (15607803),Jeff Smith (15608077),Jonnu Smith (15608115),Alexander Mattison (15607599),Vikings  (15608300),49800.0,103.14842857142858,143.0875714285714,186.61085714285716,183,138,105,426,170
Matthew Stafford (15607542),Antonio Gibson (15607625),Alexander Mattison (15607599),Terry McLaurin (15607841),Davante Adams (15607803),Kenny Golladay (15607831),Jonnu Smith (15608115),Jeff Smith (15608077),Dolphins  (15608293),50000.0,104.10157142857143,143.0757142857143,187.99642857142854,168,139,71,378,132
Ryan Fitzpatrick (15607545),Antonio Gibson (15607625),Alexander Mattison (15607599),Terry McLaurin (15607841),Davante Adams (15607803),Kenny Golladay (15607831),Eric Ebron (15608131),Devonta Freeman (15607639),Vikings  (15608300),49800.0,103.33842857142857,143.05757142857144,190.84085714285715,180,140,25,345,106
Matthew Stafford (15607542),Antonio Gibson (15607625),Alexander Mattison (15607599),Terry McLaurin (15607841),Davante Adams (15607803),Adam Thielen (15607807),Eric Ebron (15608131),Jeff Smith (15608077),Dolphins  (15608293),50000.0,103.56157142857143,143.03571428571428,184.76142857142855,173,141,156,470,198
Ryan Fitzpatrick (15607545),Mike Davis (15607603),Antonio Gibson (15607625),Terry McLaurin (15607841),Davante Adams (15607803),Tyler Boyd (15607839),Eric Ebron (15608131),Devonta Freeman (15607639),Dolphins  (15608293),49800.0,107.88557142857144,142.9747142857143,184.68942857142858,107,142,158,407,157
Matthew Stafford (15607542),Mike Davis (15607603),Antonio Gibson (15607625),Kenny Golladay (15607831),Adam Thielen (15607807),Jeff Smith (15608077),Jonnu Smith (15608115),Alexander Mattison (15607599),Vikings  (15608300),50000.0,102.67942857142857,142.9385714285714,189.80785714285713,192,143,33,368,120
Ryan Fitzpatrick (15607545),Mike Davis (15607603),Devonta Freeman (15607639),Terry McLaurin (15607841),Davante Adams (15607803),Adam Thielen (15607807),Jonnu Smith (15608115),Jeff Smith (15608077),Dolphins  (15608293),49900.0,108.60557142857144,142.9247142857143,182.84442857142855,100,144,198,442,180
Ryan Fitzpatrick (15607545),Mike Davis (15607603),Alexander Mattison (15607599),Terry McLaurin (15607841),Davante Adams (15607803),Jeff Smith (15608077),Jonnu Smith (15608115),Devonta Freeman (15607639),Dolphins  (15608293),49800.0,101.70557142857143,142.87471428571428,187.93942857142855,220,145,73,438,177
Matthew Stafford (15607542),Mike Davis (15607603),Antonio Gibson (15607625),Davante Adams (15607803),Kenny Golladay (15607831),Adam Thielen (15607807),Eric Ebron (15608131),Jeff Smith (15608077),Vikings  (15608300),49700.0,109.67442857142856,142.85857142857142,184.42785714285714,84,146,165,395,147
Ryan Fitzpatrick (15607545),Antonio Gibson (15607625),Alexander Mattison (15607599),Terry McLaurin (15607841),Davante Adams (15607803),Tyler Boyd (15607839),Eric Ebron (15608131),Devonta Freeman (15607639),Dolphins  (15608293),50000.0,102.56557142857143,142.8347142857143,188.16942857142854,196,147,68,411,163
Matthew Stafford (15607542),Mike Davis (15607603),Antonio Gibson (15607625),Kenny Golladay (15607831),Adam Thielen (15607807),Tyler Boyd (15607839),Eric Ebron (15608131),Devonta Freeman (15607639),Dolphins  (15608293),50000.0,107.41657142857144,142.8257142857143,187.88642857142855,115,148,75,338,101
Matthew Stafford (15607542),Mike Davis (15607603),Antonio Gibson (15607625),Davante Adams (15607803),Kenny Golladay (15607831),Jeff Smith (15608077),Eric Ebron (15608131),Alexander Mattison (15607599),Vikings  (15608300),49600.0,102.77442857142856,142.80857142857144,189.52285714285716,190,149,37,376,128
Matthew Stafford (15607542),Mike Davis (15607603),Antonio Gibson (15607625),Terry McLaurin (15607841),Adam Thielen (15607807),Tyler Boyd (15607839),Jonnu Smith (15608115),Devonta Freeman (15607639),Vikings  (15608300),50000.0,108.05942857142857,142.75857142857143,184.84285714285716,105,150,153,408,159
Matthew Stafford (15607542),Mike Davis (15607603),Alexander Mattison (15607599),Kenny Golladay (15607831),Adam Thielen (15607807),Jeff Smith (15608077),Jonnu Smith (15608115),Devonta Freeman (15607639),Dolphins  (15608293),50000.0,101.23657142857144,142.72571428571428,191.13642857142855,228,151,19,398,149
Matthew Stafford (15607542),Antonio Gibson (15607625),Alexander Mattison (15607599),Davante Adams (15607803),Kenny Golladay (15607831),Adam Thielen (15607807),Eric Ebron (15608131),Jeff Smith (15608077),Vikings  (15608300),49900.0,104.35442857142857,142.7185714285714,187.90785714285715,167,152,74,393,144
Matthew Stafford (15607542),Derrick Henry (15607597),Antonio Gibson (15607625),Kenny Golladay (15607831),Adam Thielen (15607807),Jeff Smith (15608077),Jonnu Smith (15608115),Tyler Boyd (15607839),Dolphins  (15608293),49500.0,111.08157142857144,142.71571428571428,181.34642857142856,62,153,220,435,175
Ryan Fitzpatrick (15607545),Mike Davis (15607603),Antonio Gibson (15607625),Terry McLaurin (15607841),Kenny Golladay (15607831),Adam Thielen (15607807),Eric Ebron (15608131),Tyler Boyd (15607839),Vikings  (15608300),49800.0,108.82342857142856,142.6975714285714,187.81585714285717,95,154,80,329,94
Matthew Stafford (15607542),Mike Davis (15607603),Antonio Gibson (15607625),Davante Adams (15607803),Kenny Golladay (15607831),Jeff Smith (15608077),Jonnu Smith (15608115),Tyler Boyd (15607839),Dolphins  (15608293),49900.0,109.44157142857142,142.67571428571426,184.99142857142854,86,155,150,391,142
Ryan Fitzpatrick (15607545),Mike Davis (15607603),Antonio Gibson (15607625),Davante Adams (15607803),Kenny Golladay (15607831),Tyler Boyd (15607839),Eric Ebron (15608131),Devonta Freeman (15607639),Vikings  (15608300),49700.0,108.67842857142857,142.6575714285714,187.83585714285715,97,156,79,332,97
Ryan Fitzpatrick (15607545),Mike Davis (15607603),Antonio Gibson (15607625),Terry McLaurin (15607841),Kenny Golladay (15607831),Tyler Boyd (15607839),Eric Ebron (15608131),Alexander Mattison (15607599),Vikings  (15608300),49700.0,101.92342857142859,142.6475714285714,192.91085714285714,214,157,3,374,124
Matthew Stafford (15607542),Mike Davis (15607603),Devonta Freeman (15607639),Davante Adams (15607803),Kenny Golladay (15607831),Adam Thielen (15607807),Eric Ebron (15608131),Jeff Smith (15608077),Dolphins  (15608293),49700.0,108.23157142857144,142.6457142857143,185.75642857142856,103,158,129,390,141
Matthew Stafford (15607542),Mike Davis (15607603),Antonio Gibson (15607625),Davante Adams (15607803),Adam Thielen (15607807),Jeff Smith (15608077),Eric Ebron (15608131),Tyler Boyd (15607839),Dolphins  (15608293),49900.0,108.90157142857143,142.6357142857143,181.75642857142856,91,159,217,467,191
Matthew Stafford (15607542),Mike Davis (15607603),Alexander Mattison (15607599),Terry McLaurin (15607841),Kenny Golladay (15607831),Adam Thielen (15607807),Eric Ebron (15608131),Jeff Smith (15608077),Dolphins  (15608293),49700.0,101.47657142857145,142.6357142857143,190.83142857142855,223,160,26,409,160
Matthew Stafford (15607542),Mike Davis (15607603),Antonio Gibson (15607625),Terry McLaurin (15607841),Davante Adams (15607803),Tyler Boyd (15607839),Eric Ebron (15608131),Devonta Freeman (15607639),Vikings  (15608300),49600.0,108.15442857142855,142.62857142857143,184.55785714285713,104,161,161,426,169
Ryan Fitzpatrick (15607545),Mike Davis (15607603),Devonta Freeman (15607639),Davante Adams (15607803),Kenny Golladay (15607831),Adam Thielen (15607807),Jonnu Smith (15608115),Jeff Smith (15608077),Vikings  (15608300),49800.0,109.39842857142857,142.6075714285714,185.99085714285715,89,162,124,375,125
Ryan Fitzpatrick (15607545),Mike Davis (15607603),Antonio Gibson (15607625),Davante Adams (15607803),Adam Thielen (15607807),Jeff Smith (15608077),Jonnu Smith (15608115),Tyler Boyd (15607839),Vikings  (15608300),50000.0,110.06842857142857,142.5975714285714,181.99085714285715,78,163,210,451,184
Ryan Fitzpatrick (15607545),Mike Davis (15607603),Alexander Mattison (15607599),Terry McLaurin (15607841),Kenny Golladay (15607831),Adam Thielen (15607807),Jonnu Smith (15608115),Jeff Smith (15608077),Vikings  (15608300),49800.0,102.64342857142857,142.5975714285714,191.06585714285714,194,164,22,380,134
Matthew Stafford (15607542),Mike Davis (15607603),Alexander Mattison (15607599),Davante Adams (15607803),Kenny Golladay (15607831),Jeff Smith (15608077),Eric Ebron (15608131),Devonta Freeman (15607639),Dolphins  (15608293),49600.0,101.33157142857144,142.59571428571428,190.85142857142856,226,165,24,415,165
Ryan Fitzpatrick (15607545),Derrick Henry (15607597),Antonio Gibson (15607625),Adam Thielen (15607807),Jeff Smith (15608077),Tyler Boyd (15607839),Jonnu Smith (15608115),Alexander Mattison (15607599),Vikings  (15608300),49500.0,104.80842857142858,142.5875714285714,183.44085714285717,160,166,184,510,217
Matthew Stafford (15607542),Mike Davis (15607603),Antonio Gibson (15607625),Davante Adams (15607803),Jeff Smith (15608077),Tyler Boyd (15607839),Eric Ebron (15608131),Alexander Mattison (15607599),Dolphins  (15608293),49800.0,102.00157142857142,142.5857142857143,186.85142857142856,208,167,100,475,202
Matthew Stafford (15607542),Mike Davis (15607603),Devonta Freeman (15607639),Terry McLaurin (15607841),Davante Adams (15607803),Adam Thielen (15607807),Jonnu Smith (15608115),Jeff Smith (15608077),Vikings  (15608300),49700.0,108.87442857142855,142.57857142857142,182.71285714285716,94,168,201,463,187
Matthew Stafford (15607542),Antonio Gibson (15607625),Devonta Freeman (15607639),Terry McLaurin (15607841),Davante Adams (15607803),Kenny Golladay (15607831),Jonnu Smith (15608115),Tyler Boyd (15607839),Vikings  (15608300),49900.0,110.27442857142856,142.57857142857142,186.17785714285714,74,169,119,362,117
Ryan Fitzpatrick (15607545),Antonio Gibson (15607625),Devonta Freeman (15607639),Davante Adams (15607803),Kenny Golladay (15607831),Adam Thielen (15607807),Eric Ebron (15608131),Tyler Boyd (15607839),Vikings  (15608300),50000.0,110.25842857142857,142.5675714285714,186.22085714285714,75,170,116,361,114
Ryan Fitzpatrick (15607545),Mike Davis (15607603),Alexander Mattison (15607599),Davante Adams (15607803),Kenny Golladay (15607831),Jeff Smith (15608077),Jonnu Smith (15608115),Devonta Freeman (15607639),Vikings  (15608300),49700.0,102.49842857142858,142.5575714285714,191.08585714285715,203,171,21,395,148
Ryan Fitzpatrick (15607545),Antonio Gibson (15607625),Alexander Mattison (15607599),Terry McLaurin (15607841),Kenny Golladay (15607831),Adam Thielen (15607807),Eric Ebron (15608131),Tyler Boyd (15607839),Vikings  (15608300),50000.0,103.50342857142857,142.5575714285714,191.29585714285713,175,172,17,364,118
Ryan Fitzpatrick (15607545),Mike Davis (15607603),Antonio Gibson (15607625),Davante Adams (15607803),Jeff Smith (15608077),Tyler Boyd (15607839),Jonnu Smith (15608115),Alexander Mattison (15607599),Vikings  (15608300),49900.0,103.16842857142856,142.54757142857142,187.08585714285715,182,173,93,448,183
Matthew Stafford (15607542),Antonio Gibson (15607625),Devonta Freeman (15607639),Terry McLaurin (15607841),Davante Adams (15607803),Adam Thielen (15607807),Eric Ebron (15608131),Tyler Boyd (15607839),Vikings  (15608300),49900.0,109.73442857142857,142.53857142857143,182.94285714285715,80,174,194,448,182
Matthew Stafford (15607542),Mike Davis (15607603),Alexander Mattison (15607599),Terry McLaurin (15607841),Davante Adams (15607803),Jeff Smith (15608077),Jonnu Smith (15608115),Devonta Freeman (15607639),Vikings  (15608300),49600.0,101.97442857142856,142.5285714285714,187.80785714285713,211,175,81,467,192
Ryan Fitzpatrick (15607545),Mike Davis (15607603),Alexander Mattison (15607599),Davante Adams (15607803),Adam Thielen (15607807),Jeff Smith (15608077),Eric Ebron (15608131),Devonta Freeman (15607639),Vikings  (15608300),49700.0,101.95842857142856,142.51757142857142,187.85085714285714,213,176,78,467,193
Ryan Fitzpatrick (15607545),Antonio Gibson (15607625),Alexander Mattison (15607599),Davante Adams (15607803),Kenny Golladay (15607831),Tyler Boyd (15607839),Eric Ebron (15608131),Devonta Freeman (15607639),Vikings  (15608300),49900.0,103.35842857142856,142.51757142857142,191.31585714285717,179,177,15,371,121
Matthew Stafford (15607542),Alexander Mattison (15607599),Devonta Freeman (15607639),Davante Adams (15607803),Kenny Golladay (15607831),Adam Thielen (15607807),Eric Ebron (15608131),Jeff Smith (15608077),Dolphins  (15608293),49900.0,102.91157142857143,142.5057142857143,189.23642857142855,187,178,42,407,158
Matthew Stafford (15607542),Antonio Gibson (15607625),Alexander Mattison (15607599),Terry McLaurin (15607841),Davante Adams (15607803),Tyler Boyd (15607839),Eric Ebron (15608131),Devonta Freeman (15607639),Vikings  (15608300),49800.0,102.83442857142856,142.48857142857142,188.03785714285715,188,179,70,437,176
Ryan Fitzpatrick (15607545),Mike Davis (15607603),Devonta Freeman (15607639),Terry McLaurin (15607841),Kenny Golladay (15607831),Adam Thielen (15607807),Eric Ebron (15608131),Tyler Boyd (15607839),Dolphins  (15608293),49800.0,107.38057142857144,142.4847142857143,189.14442857142856,117,180,45,342,103
Ryan Fitzpatrick (15607545),Alexander Mattison (15607599),Devonta Freeman (15607639),Davante Adams (15607803),Kenny Golladay (15607831),Adam Thielen (15607807),Jonnu Smith (15608115),Jeff Smith (15608077),Vikings  (15608300),50000.0,104.07842857142856,142.4675714285714,189.47085714285714,169,181,39,389,140
Matthew Stafford (15607542),Alexander Mattison (15607599),Devonta Freeman (15607639),Terry McLaurin (15607841),Davante Adams (15607803),Adam Thielen (15607807),Jonnu Smith (15608115),Jeff Smith (15608077),Vikings  (15608300),49900.0,103.55442857142856,142.43857142857144,186.19285714285715,174,182,118,474,200
Ryan Fitzpatrick (15607545),Mike Davis (15607603),Alexander Mattison (15607599),Terry McLaurin (15607841),Kenny Golladay (15607831),Tyler Boyd (15607839),Eric Ebron (15608131),Devonta Freeman (15607639),Dolphins  (15608293),49700.0,100.48057142857144,142.43471428571428,194.23942857142853,239,183,1,423,167
Ryan Fitzpatrick (15607545),Mike Davis (15607603),Devonta Freeman (15607639),Davante Adams (15607803),Adam Thielen (15607807),Jeff Smith (15608077),Jonnu Smith (15608115),Tyler Boyd (15607839),Dolphins  (15608293),50000.0,108.62557142857143,142.38471428571427,183.31942857142857,99,184,186,469,195
Ryan Fitzpatrick (15607545),Derrick Henry (15607597),Alexander Mattison (15607599),Adam Thielen (15607807),Jeff Smith (15608077),Tyler Boyd (15607839),Jonnu Smith (15608115),Devonta Freeman (15607639),Dolphins  (15608293),49500.0,103.36557142857143,142.37471428571428,184.76942857142856,177,185,155,517,220
Ryan Fitzpatrick (15607545),Mike Davis (15607603),Alexander Mattison (15607599),Terry McLaurin (15607841),Adam Thielen (15607807),Jeff Smith (15608077),Jonnu Smith (15608115),Tyler Boyd (15607839),Dolphins  (15608293),50000.0,101.87057142857144,142.37471428571428,188.39442857142856,217,186,59,462,186
Ryan Fitzpatrick (15607545),Alexander Mattison (15607599),Devonta Freeman (15607639),Terry McLaurin (15607841),Kenny Golladay (15607831),Adam Thielen (15607807),Eric Ebron (15608131),Tyler Boyd (15607839),Dolphins  (15608293),50000.0,102.06057142857144,142.3447142857143,192.62442857142855,207,187,5,399,151
Ryan Fitzpatrick (15607545),Mike Davis (15607603),Alexander Mattison (15607599),Davante Adams (15607803),Jeff Smith (15608077),Tyler Boyd (15607839),Jonnu Smith (15608115),Devonta Freeman (15607639),Dolphins  (15608293),49900.0,101.72557142857144,142.3347142857143,188.41442857142854,218,188,58,464,188
Ryan Fitzpatrick (15607545),Mike Davis (15607603),Alexander Mattison (15607599),Terry McLaurin (15607841),Davante Adams (15607803),Jeff Smith (15608077),Eric Ebron (15608131),Tyler Boyd (15607839),Dolphins  (15608293),49600.0,101.96557142857142,142.24471428571428,188.10942857142854,212,189,69,470,196
Ryan Fitzpatrick (15607545),Mike Davis (15607603),Antonio Gibson (15607625),Terry McLaurin (15607841),Kenny Golladay (15607831),Adam Thielen (15607807),Eric Ebron (15608131),Devonta Freeman (15607639),Dolphins  (15608293),49500.0,106.37057142857145,142.15471428571425,186.41442857142854,130,190,109,429,171
Matthew Stafford (15607542),Mike Davis (15607603),Devonta Freeman (15607639),Terry McLaurin (15607841),Kenny Golladay (15607831),Adam Thielen (15607807),Eric Ebron (15608131),Tyler Boyd (15607839),Vikings  (15608300),49600.0,107.64942857142856,142.13857142857142,189.01285714285714,110,191,48,349,108
Matthew Stafford (15607542),Mike Davis (15607603),Alexander Mattison (15607599),Kenny Golladay (15607831),Adam Thielen (15607807),Jeff Smith (15608077),Eric Ebron (15608131),Tyler Boyd (15607839),Dolphins  (15608293),49800.0,101.49657142857144,142.09571428571428,191.30642857142854,222,192,16,430,172
Matthew Stafford (15607542),Mike Davis (15607603),Alexander Mattison (15607599),Terry McLaurin (15607841),Kenny Golladay (15607831),Tyler Boyd (15607839),Eric Ebron (15608131),Devonta Freeman (15607639),Vikings  (15608300),49500.0,100.74942857142857,142.0885714285714,194.10785714285714,236,193,2,431,173
Ryan Fitzpatrick (15607545),Mike Davis (15607603),Alexander Mattison (15607599),Kenny Golladay (15607831),Adam Thielen (15607807),Jeff Smith (15608077),Jonnu Smith (15608115),Tyler Boyd (15607839),Vikings  (15608300),49900.0,102.66342857142857,142.0575714285714,191.54085714285713,193,194,12,399,152
Ryan Fitzpatrick (15607545),Mike Davis (15607603),Antonio Gibson (15607625),Davante Adams (15607803),Adam Thielen (15607807),Jeff Smith (15608077),Jonnu Smith (15608115),Devonta Freeman (15607639),Dolphins  (15608293),49700.0,107.61557142857143,142.05471428571428,180.58942857142856,111,195,230,536,223
Ryan Fitzpatrick (15607545),Mike Davis (15607603),Antonio Gibson (15607625),Terry McLaurin (15607841),Adam Thielen (15607807),Jeff Smith (15608077),Jonnu Smith (15608115),Alexander Mattison (15607599),Dolphins  (15608293),49700.0,100.86057142857143,142.0447142857143,185.66442857142854,235,196,135,566,229
Matthew Stafford (15607542),Mike Davis (15607603),Devonta Freeman (15607639),Davante Adams (15607803),Adam Thielen (15607807),Jeff Smith (15608077),Jonnu Smith (15608115),Tyler Boyd (15607839),Vikings  (15608300),49800.0,108.89442857142856,142.0385714285714,183.18785714285715,92,197,190,479,204
Matthew Stafford (15607542),Mike Davis (15607603),Alexander Mattison (15607599),Terry McLaurin (15607841),Adam Thielen (15607807),Jeff Smith (15608077),Jonnu Smith (15608115),Tyler Boyd (15607839),Vikings  (15608300),49800.0,102.13942857142857,142.0285714285714,188.26285714285714,206,198,66,470,197
Ryan Fitzpatrick (15607545),Antonio Gibson (15607625),Alexander Mattison (15607599),Terry McLaurin (15607841),Kenny Golladay (15607831),Adam Thielen (15607807),Eric Ebron (15608131),Devonta Freeman (15607639),Dolphins  (15608293),49700.0,101.05057142857144,142.01471428571426,189.89442857142856,233,199,32,464,189
Matthew Stafford (15607542),Alexander Mattison (15607599),Devonta Freeman (15607639),Terry McLaurin (15607841),Kenny Golladay (15607831),Adam Thielen (15607807),Eric Ebron (15608131),Tyler Boyd (15607839),Vikings  (15608300),49800.0,102.32942857142856,141.99857142857144,192.49285714285713,204,200,7,411,161
Matthew Stafford (15607542),Mike Davis (15607603),Alexander Mattison (15607599),Davante Adams (15607803),Jeff Smith (15608077),Tyler Boyd (15607839),Jonnu Smith (15608115),Devonta Freeman (15607639),Vikings  (15608300),49700.0,101.99442857142856,141.98857142857145,188.28285714285715,209,201,64,474,201
Ryan Fitzpatrick (15607545),Mike Davis (15607603),Alexander Mattison (15607599),Davante Adams (15607803),Kenny Golladay (15607831),Jeff Smith (15608077),Eric Ebron (15608131),Tyler Boyd (15607839),Vikings  (15608300),49500.0,102.75842857142857,141.9275714285714,191.25585714285717,191,202,18,411,162
Ryan Fitzpatrick (15607545),Antonio Gibson (15607625),Alexander Mattison (15607599),Davante Adams (15607803),Adam Thielen (15607807),Jeff Smith (15608077),Jonnu Smith (15608115),Devonta Freeman (15607639),Dolphins  (15608293),49900.0,102.29557142857144,141.9147142857143,184.06942857142857,205,203,173,581,235
Matthew Stafford (15607542),Alexander Mattison (15607599),Devonta Freeman (15607639),Davante Adams (15607803),Adam Thielen (15607807),Jeff Smith (15608077),Jonnu Smith (15608115),Tyler Boyd (15607839),Vikings  (15608300),50000.0,103.57442857142857,141.89857142857142,186.66785714285714,172,204,104,480,206
Ryan Fitzpatrick (15607545),Antonio Gibson (15607625),Alexander Mattison (15607599),Terry McLaurin (15607841),Davante Adams (15607803),Kenny Golladay (15607831),Jonnu Smith (15608115),Jeff Smith (15608077),Dolphins  (15608293),49600.0,103.07557142857144,141.86471428571429,186.99942857142855,185,205,95,485,208
Ryan Fitzpatrick (15607545),Antonio Gibson (15607625),Alexander Mattison (15607599),Terry McLaurin (15607841),Davante Adams (15607803),Adam Thielen (15607807),Eric Ebron (15608131),Jeff Smith (15608077),Dolphins  (15608293),49600.0,102.53557142857143,141.82471428571432,183.76442857142857,200,206,179,585,236
Matthew Stafford (15607542),Mike Davis (15607603),Antonio Gibson (15607625),Kenny Golladay (15607831),Adam Thielen (15607807),Jeff Smith (15608077),Eric Ebron (15608131),Alexander Mattison (15607599),Dolphins  (15608293),49500.0,100.48657142857144,141.7657142857143,188.57642857142855,238,207,54,499,213
Ryan Fitzpatrick (15607545),Mike Davis (15607603),Antonio Gibson (15607625),Kenny Golladay (15607831),Adam Thielen (15607807),Jeff Smith (15608077),Jonnu Smith (15608115),Alexander Mattison (15607599),Vikings  (15608300),49600.0,101.65342857142858,141.7275714285714,188.81085714285715,221,208,49,478,203
Matthew Stafford (15607542),Mike Davis (15607603),Antonio Gibson (15607625),Davante Adams (15607803),Adam Thielen (15607807),Jeff Smith (15608077),Jonnu Smith (15608115),Devonta Freeman (15607639),Vikings  (15608300),49500.0,107.88442857142857,141.70857142857142,180.45785714285716,108,209,232,549,225
Matthew Stafford (15607542),Mike Davis (15607603),Antonio Gibson (15607625),Terry McLaurin (15607841),Adam Thielen (15607807),Jeff Smith (15608077),Jonnu Smith (15608115),Alexander Mattison (15607599),Vikings  (15608300),49500.0,101.12942857142858,141.69857142857143,185.53285714285715,230,210,136,576,233
Matthew Stafford (15607542),Antonio Gibson (15607625),Alexander Mattison (15607599),Terry McLaurin (15607841),Kenny Golladay (15607831),Adam Thielen (15607807),Eric Ebron (15608131),Devonta Freeman (15607639),Vikings  (15608300),49500.0,101.31942857142857,141.66857142857143,189.76285714285714,227,211,34,472,199
Matthew Stafford (15607542),Mike Davis (15607603),Antonio Gibson (15607625),Terry McLaurin (15607841),Kenny Golladay (15607831),Tyler Boyd (15607839),Jonnu Smith (15608115),Devonta Freeman (15607639),Dolphins  (15608293),49500.0,106.40657142857143,141.6257142857143,186.84642857142856,128,212,101,441,179
Ryan Fitzpatrick (15607545),Mike Davis (15607603),Antonio Gibson (15607625),Kenny Golladay (15607831),Adam Thielen (15607807),Tyler Boyd (15607839),Eric Ebron (15608131),Devonta Freeman (15607639),Dolphins  (15608293),49600.0,106.39057142857145,141.61471428571429,186.88942857142857,129,213,98,440,178
Matthew Stafford (15607542),Mike Davis (15607603),Antonio Gibson (15607625),Terry McLaurin (15607841),Adam Thielen (15607807),Tyler Boyd (15607839),Eric Ebron (15608131),Devonta Freeman (15607639),Dolphins  (15608293),49500.0,105.86657142857143,141.5857142857143,183.61142857142855,135,214,182,531,221
Matthew Stafford (15607542),Antonio Gibson (15607625),Alexander Mattison (15607599),Davante Adams (15607803),Adam Thielen (15607807),Jeff Smith (15608077),Jonnu Smith (15608115),Devonta Freeman (15607639),Vikings  (15608300),49700.0,102.56442857142856,141.56857142857143,183.93785714285715,197,215,176,588,238
Ryan Fitzpatrick (15607545),Mike Davis (15607603),Antonio Gibson (15607625),Terry McLaurin (15607841),Adam Thielen (15607807),Tyler Boyd (15607839),Jonnu Smith (15608115),Devonta Freeman (15607639),Vikings  (15608300),49600.0,107.03342857142857,141.54757142857142,183.84585714285714,119,216,177,512,218
Matthew Stafford (15607542),Antonio Gibson (15607625),Devonta Freeman (15607639),Terry McLaurin (15607841),Kenny Golladay (15607831),Adam Thielen (15607807),Jonnu Smith (15608115),Tyler Boyd (15607839),Dolphins  (15608293),49800.0,107.98657142857144,141.53571428571428,185.23142857142855,106,217,145,468,194
Ryan Fitzpatrick (15607545),Mike Davis (15607603),Alexander Mattison (15607599),Kenny Golladay (15607831),Adam Thielen (15607807),Jeff Smith (15608077),Jonnu Smith (15608115),Devonta Freeman (15607639),Dolphins  (15608293),49600.0,100.21057142857144,141.51471428571426,190.13942857142857,240,218,30,488,209
Ryan Fitzpatrick (15607545),Antonio Gibson (15607625),Alexander Mattison (15607599),Davante Adams (15607803),Kenny Golladay (15607831),Adam Thielen (15607807),Eric Ebron (15608131),Jeff Smith (15608077),Vikings  (15608300),49500.0,103.32842857142857,141.50757142857142,186.91085714285714,181,219,97,497,211
Ryan Fitzpatrick (15607545),Mike Davis (15607603),Antonio Gibson (15607625),Adam Thielen (15607807),Jeff Smith (15608077),Tyler Boyd (15607839),Jonnu Smith (15608115),Alexander Mattison (15607599),Dolphins  (15608293),49800.0,100.88057142857144,141.50471428571427,186.13942857142857,234,220,120,574,231
Matthew Stafford (15607542),Antonio Gibson (15607625),Alexander Mattison (15607599),Terry McLaurin (15607841),Kenny Golladay (15607831),Tyler Boyd (15607839),Jonnu Smith (15608115),Devonta Freeman (15607639),Dolphins  (15608293),49700.0,101.08657142857143,141.48571428571427,190.32642857142855,231,221,28,480,205
Matthew Stafford (15607542),Mike Davis (15607603),Alexander Mattison (15607599),Terry McLaurin (15607841),Adam Thielen (15607807),Jeff Smith (15608077),Jonnu Smith (15608115),Devonta Freeman (15607639),Dolphins  (15608293),49500.0,99.68657142857143,141.48571428571427,186.86142857142855,242,222,99,563,228
Ryan Fitzpatrick (15607545),Antonio Gibson (15607625),Alexander Mattison (15607599),Kenny Golladay (15607831),Adam Thielen (15607807),Tyler Boyd (15607839),Eric Ebron (15608131),Devonta Freeman (15607639),Dolphins  (15608293),49800.0,101.07057142857144,141.47471428571424,190.36942857142856,232,223,27,482,207
Ryan Fitzpatrick (15607545),Mike Davis (15607603),Antonio Gibson (15607625),Davante Adams (15607803),Kenny Golladay (15607831),Jeff Smith (15608077),Jonnu Smith (15608115),Tyler Boyd (15607839),Dolphins  (15608293),49500.0,108.41557142857144,141.46471428571425,183.99442857142856,102,224,174,500,214
Matthew Stafford (15607542),Antonio Gibson (15607625),Alexander Mattison (15607599),Terry McLaurin (15607841),Adam Thielen (15607807),Tyler Boyd (15607839),Eric Ebron (15608131),Devonta Freeman (15607639),Dolphins  (15608293),49700.0,100.54657142857144,141.4457142857143,187.09142857142857,237,225,92,554,226
Ryan Fitzpatrick (15607545),Mike Davis (15607603),Antonio Gibson (15607625),Davante Adams (15607803),Adam Thielen (15607807),Jeff Smith (15608077),Eric Ebron (15608131),Tyler Boyd (15607839),Dolphins  (15608293),49500.0,107.87557142857145,141.4247142857143,180.75942857142857,109,226,227,562,227
Ryan Fitzpatrick (15607545),Antonio Gibson (15607625),Alexander Mattison (15607599),Terry McLaurin (15607841),Adam Thielen (15607807),Tyler Boyd (15607839),Jonnu Smith (15608115),Devonta Freeman (15607639),Vikings  (15608300),49800.0,101.71342857142858,141.40757142857143,187.32585714285716,219,227,89,535,222
Ryan Fitzpatrick (15607545),Antonio Gibson (15607625),Devonta Freeman (15607639),Terry McLaurin (15607841),Davante Adams (15607803),Kenny Golladay (15607831),Jonnu Smith (15608115),Tyler Boyd (15607839),Vikings  (15608300),49500.0,109.24842857142858,141.3675714285714,185.18085714285715,90,228,148,466,190
Ryan Fitzpatrick (15607545),Antonio Gibson (15607625),Devonta Freeman (15607639),Terry McLaurin (15607841),Davante Adams (15607803),Adam Thielen (15607807),Eric Ebron (15608131),Tyler Boyd (15607839),Vikings  (15608300),49500.0,108.70842857142857,141.32757142857142,181.94585714285716,96,229,212,537,224
Ryan Fitzpatrick (15607545),Antonio Gibson (15607625),Alexander Mattison (15607599),Davante Adams (15607803),Kenny Golladay (15607831),Jeff Smith (15608077),Jonnu Smith (15608115),Tyler Boyd (15607839),Dolphins  (15608293),49700.0,103.09557142857143,141.32471428571426,187.47442857142855,184,230,83,497,212
Matthew Stafford (15607542),Antonio Gibson (15607625),Alexander Mattison (15607599),Terry McLaurin (15607841),Davante Adams (15607803),Jeff Smith (15608077),Jonnu Smith (15608115),Tyler Boyd (15607839),Dolphins  (15608293),49600.0,102.57157142857143,141.29571428571427,184.19642857142856,195,231,168,594,239
Ryan Fitzpatrick (15607545),Alexander Mattison (15607599),Devonta Freeman (15607639),Davante Adams (15607803),Kenny Golladay (15607831),Adam Thielen (15607807),Eric Ebron (15608131),Jeff Smith (15608077),Dolphins  (15608293),49500.0,101.88557142857144,141.2947142857143,188.23942857142856,216,232,67,515,219
Ryan Fitzpatrick (15607545),Antonio Gibson (15607625),Alexander Mattison (15607599),Davante Adams (15607803),Adam Thielen (15607807),Jeff Smith (15608077),Eric Ebron (15608131),Tyler Boyd (15607839),Dolphins  (15608293),49700.0,102.55557142857144,141.2847142857143,184.23942857142856,198,233,167,598,240
Ryan Fitzpatrick (15607545),Alexander Mattison (15607599),Devonta Freeman (15607639),Terry McLaurin (15607841),Davante Adams (15607803),Adam Thielen (15607807),Jonnu Smith (15608115),Jeff Smith (15608077),Vikings  (15608300),49500.0,102.52842857142856,141.22757142857142,185.19585714285716,201,234,146,581,234
Matthew Stafford (15607542),Mike Davis (15607603),Antonio Gibson (15607625),Adam Thielen (15607807),Jeff Smith (15608077),Tyler Boyd (15607839),Jonnu Smith (15608115),Alexander Mattison (15607599),Vikings  (15608300),49600.0,101.14942857142857,141.1585714285714,186.00785714285715,229,235,123,587,237
Matthew Stafford (15607542),Antonio Gibson (15607625),Alexander Mattison (15607599),Kenny Golladay (15607831),Adam Thielen (15607807),Tyler Boyd (15607839),Eric Ebron (15608131),Devonta Freeman (15607639),Vikings  (15608300),49600.0,101.33942857142858,141.1285714285714,190.23785714285714,225,236,29,490,210
Matthew Stafford (15607542),Antonio Gibson (15607625),Alexander Mattison (15607599),Davante Adams (15607803),Kenny Golladay (15607831),Jeff Smith (15608077),Jonnu Smith (15608115),Tyler Boyd (15607839),Vikings  (15608300),49500.0,103.36442857142856,140.97857142857143,187.34285714285716,178,237,87,502,215
Matthew Stafford (15607542),Mike Davis (15607603),Alexander Mattison (15607599),Adam Thielen (15607807),Jeff Smith (15608077),Tyler Boyd (15607839),Jonnu Smith (15608115),Devonta Freeman (15607639),Dolphins  (15608293),49600.0,99.70657142857144,140.9457142857143,187.33642857142854,241,238,88,567,230
Matthew Stafford (15607542),Antonio Gibson (15607625),Alexander Mattison (15607599),Davante Adams (15607803),Adam Thielen (15607807),Jeff Smith (15608077),Eric Ebron (15608131),Tyler Boyd (15607839),Vikings  (15608300),49500.0,102.82442857142857,140.93857142857144,184.10785714285714,189,239,171,599,241
Matthew Stafford (15607542),Alexander Mattison (15607599),Devonta Freeman (15607639),Davante Adams (15607803),Kenny Golladay (15607831),Jeff Smith (15608077),Jonnu Smith (15608115),Tyler Boyd (15607839),Dolphins  (15608293),49500.0,101.92157142857143,140.7657142857143,188.67142857142855,215,240,52,507,216
Matthew Stafford (15607542),Alexander Mattison (15607599),Devonta Freeman (15607639),Davante Adams (15607803),Adam Thielen (15607807),Jeff Smith (15608077),Eric Ebron (15608131),Tyler Boyd (15607839),Dolphins  (15608293),49500.0,101.38157142857143,140.72571428571428,185.43642857142856,224,241,139,604,242
Ryan Fitzpatrick (15607545),Alexander Mattison (15607599),Devonta Freeman (15607639),Davante Adams (15607803),Adam Thielen (15607807),Jeff Smith (15608077),Jonnu Smith (15608115),Tyler Boyd (15607839),Vikings  (15608300),49600.0,102.54842857142856,140.6875714285714,185.67085714285716,199,242,134,575,232
