Player,Team,Position,Salary,Name + ID,AvgPointsPerGame,Draft Kings_MIN,Draft Kings_MID,Draft Kings_MAX,Dynasty_MIN,Dynasty_MID,Dynasty_MAX,Redraft_MIN,Redraft_MID,Redraft_MAX,Draft Kings Value_MAX,Draft Kings Value_MID,Draft Kings Value_MIN,Draft Kings_MID_Rank,Draft Kings_MID_Tier,Draft Kings Value_MID_Rank,Draft Kings Value_MID_Tier,Min_Tier,Add_Tier
Derek Carr,LV,QB,5800.0,Derek Carr (15862501),17.11,15.917000000000002,20.490000000000002,24.14,14.202,18.290000000000003,21.44,15.202000000000002,18.89,21.840000000000003,364.39027454922405,283.06490971205466,240.26512013256007,6,3,1,1,1,4
Jared Goff,LAR,QB,5800.0,Jared Goff (15862502),18.67,15.870999999999995,20.155,24.188999999999997,13.475999999999999,17.080000000000002,20.433999999999997,14.475999999999999,17.980000000000004,21.233999999999998,365.4464116942853,287.76978417266184,239.7784116747282,7,3,2,1,1,4
Matt Ryan,ATL,QB,5600.0,Matt Ryan (15862506),19.08,15.499999999999998,19.153000000000002,24.4,12.75,16.068,20.700000000000003,14.25,16.968000000000004,21.3,361.2903225806452,292.38239440296553,229.5081967213115,13,4,3,1,1,5
Philip Rivers,IND,QB,5900.0,Philip Rivers (15862499),16.62,16.79,19.837000000000003,23.92,14.039999999999997,17.022000000000006,20.92,15.039999999999997,17.722000000000005,20.92,351.39964264443125,297.42400564601496,246.65551839464882,9,3,4,2,2,5
Justin Herbert,LAC,QB,6900.0,Justin Herbert (15862490),26.11,18.439999999999998,22.993,26.32,16.089999999999996,19.808,22.620000000000005,17.189999999999998,20.608,23.220000000000002,374.18655097613885,300.09133214456574,262.1580547112462,2,2,5,2,2,4
Mitchell Trubisky,CHI,QB,5400.0,Mitchell Trubisky (15862509),14.84,12.76,17.887,22.39,11.360000000000001,16.422000000000004,20.14,12.46,17.322000000000003,20.84,423.19749216300943,301.89523117347795,241.179097811523,15,4,6,2,2,6
Aaron Rodgers,GB,QB,6800.0,Aaron Rodgers (15862491),25.49,17.726999999999997,22.497000000000007,27.02,16.612000000000002,20.282000000000004,24.520000000000003,17.212,20.682000000000006,24.520000000000003,383.59564506120614,302.2625238920744,251.66543301258326,3,2,7,2,2,4
Russell Wilson,SEA,QB,7700.0,Russell Wilson (15862487),27.32,21.269999999999996,25.009,30.099999999999998,18.919999999999998,22.254000000000005,27.0,19.72,22.854000000000003,27.0,362.0122237893748,307.8891599024351,255.8139534883721,1,1,8,2,1,3
Cam Newton,NE,QB,5800.0,Cam Newton (15862500),18.87,13.456,18.753999999999998,26.139999999999997,12.156,17.754,25.040000000000003,13.255999999999998,18.654,25.64,431.0344827586207,309.26735629732326,221.88217291507272,14,4,9,2,2,6
Baker Mayfield,CLE,QB,5300.0,Baker Mayfield (15862511),13.81,13.3,17.032,23.03,12.0,15.842000000000002,19.979999999999997,13.1,16.842000000000002,20.78,398.49624060150376,311.17895725692813,230.13460703430306,16,5,10,2,2,7
Ryan Tannehill,TEN,QB,6200.0,Ryan Tannehill (15862495),20.86,15.335999999999999,19.785000000000004,26.05,14.335999999999999,18.610000000000003,23.8,15.135999999999997,19.110000000000003,23.8,404.27751695357335,313.36871367197364,238.00383877159308,10,3,11,2,2,5
Taysom Hill,NO,QB,6300.0,Taysom Hill (15862494),8.11,7.34,19.75,35.089999999999996,5.84,18.749999999999996,32.839999999999996,6.84,19.45,33.13999999999999,858.3106267029973,318.9873417721519,179.53833000854945,11,3,12,2,2,5
Ben Roethlisberger,PIT,QB,6500.0,Ben Roethlisberger (15862492),19.84,15.709999999999999,20.122,23.29,14.159999999999998,17.982000000000003,21.240000000000002,15.059999999999999,18.582,21.240000000000002,413.74920432845323,323.0295199284365,279.08973808501503,8,3,13,3,3,6
Carson Wentz,PHI,QB,5400.0,Carson Wentz (15862510),19.58,12.07,16.664,21.18,9.67,15.034,19.280000000000005,11.67,16.134,19.980000000000004,447.39022369511184,324.05184829572727,254.95750708215297,18,5,14,3,3,8
Mike Glennon,JAC,QB,4800.0,Mike Glennon (15862517),18.0,10.920000000000002,14.781999999999998,19.550000000000004,9.120000000000001,13.392000000000001,18.300000000000004,10.22,14.192,18.300000000000004,439.5604395604395,324.7192531457178,245.52429667519175,20,6,15,3,3,9
Kirk Cousins,MIN,QB,6400.0,Kirk Cousins (15862493),19.4,16.37,19.679000000000002,22.394999999999996,15.070000000000002,17.824000000000005,19.92,16.07,18.524000000000004,20.52,390.9590714722052,325.2197774277148,285.7780754632731,12,3,16,3,3,6
Deshaun Watson,HOU,QB,7500.0,Deshaun Watson (15862489),25.48,18.767000000000003,22.307999999999996,26.319999999999997,16.652,20.048,23.570000000000004,17.652,20.848,24.169999999999998,399.637661853253,336.2022592791824,284.9544072948329,4,2,17,4,2,6
Sam Darnold,NYJ,QB,5000.0,Sam Darnold (15862515),10.63,11.540000000000001,14.844000000000001,17.33,9.94,13.744000000000002,16.28,11.34,14.744000000000002,17.18,433.2755632582322,336.8364322285098,288.51702250432777,19,6,18,4,4,10
Matthew Stafford,DET,QB,5700.0,Matthew Stafford (15862504),17.87,13.459999999999999,16.840999999999994,21.759999999999998,12.16,14.996,19.360000000000003,13.16,15.795999999999998,19.96,423.4769687964339,338.45971141856194,261.94852941176475,17,5,19,4,4,9
Colt McCoy,NYG,QB,4800.0,Colt McCoy (15862522),1.94,9.992,14.1,19.442999999999998,7.992000000000002,12.899999999999999,16.808000000000003,9.592,13.899999999999999,17.708000000000002,480.3843074459567,340.4255319148936,246.87548217867615,21,7,20,4,4,11
Brandon Allen,CIN,QB,4800.0,Brandon Allen (15862521),8.14,9.964,13.732,19.465999999999998,7.964,12.331999999999999,16.596,9.464,13.432,17.496000000000002,481.73424327579283,349.5484998543548,246.58378711599715,22,7,21,5,5,12
Kyler Murray,ARI,QB,7600.0,Kyler Murray (15862488),28.32,17.320000000000004,21.29,27.243999999999996,16.120000000000005,20.29,25.813999999999997,17.120000000000005,21.09,26.514,438.79907621247105,356.9751056834195,278.96050506533555,5,2,22,5,2,7
Alex Smith,WAS,QB,5100.0,Alex Smith (15862513),11.2,10.24,13.706000000000001,20.550000000000004,8.540000000000001,12.806,19.450000000000003,9.940000000000001,13.506,19.450000000000003,498.046875,372.09981030205745,248.17518248175176,23,7,23,6,6,13
Ryan Fitzpatrick,MIA,QB,6000.0,Ryan Fitzpatrick (15862497),19.93,-0.16999999999999998,12.998,24.269999999999996,-1.4700000000000002,12.197999999999999,23.520000000000003,-0.37,12.898,23.619999999999997,-35294.117647058825,461.6094783812895,247.21878862793577,24,7,24,7,7,14
Tua Tagovailoa,MIA,QB,5900.0,Tua Tagovailoa (15862498),10.1,0.6740000000000002,10.856000000000002,19.386,-0.5259999999999999,10.256000000000002,19.286,0.4740000000000001,10.756000000000002,19.386,8753.709198813054,543.4782608695651,304.34334055503973,25,8,25,8,8,16
Dalvin Cook,MIN,RB,9500.0,Dalvin Cook (15862553),26.95,23.075000000000003,27.020000000000007,31.11,18.490000000000006,22.17,25.91,19.890000000000004,23.820000000000007,27.91,411.70097508125673,351.59141376757947,305.36804885888785,1,1,1,1,1,2
Austin Ekeler,LAC,RB,7100.0,Austin Ekeler (15862565),17.22,13.500000000000002,19.72,27.229999999999997,11.1,16.970000000000002,24.13,13.3,19.62,27.13,525.9259259259259,360.04056795131845,260.7418288652222,3,3,2,1,1,4
Myles Gaskin,MIA,RB,5900.0,Myles Gaskin (15862587),14.21,12.22,16.259999999999998,22.13,10.57,14.360000000000001,19.88,12.02,16.16,22.03,482.8150572831424,362.8536285362854,266.6064166290104,7,3,3,1,1,4
Devontae Booker,LV,RB,5500.0,Devontae Booker (15862601),6.8,7.980000000000002,14.67,21.58,7.28,13.37,19.68,7.880000000000002,14.57,21.28,689.2230576441101,374.9147920927062,254.86561631139946,9,4,4,1,1,5
David Montgomery,CHI,RB,5500.0,David Montgomery (15862599),13.97,9.47,14.190000000000001,18.099999999999998,8.07,12.690000000000003,16.400000000000002,9.27,14.090000000000002,18.0,580.7814149947201,387.5968992248062,303.86740331491717,13,4,5,2,2,6
James Robinson,JAC,RB,7300.0,James Robinson (15862561),19.46,14.71,18.57,24.229999999999997,13.11,16.44,20.98,14.51,18.140000000000004,23.029999999999998,496.26104690686606,393.10716208939147,301.2794056954189,4,3,6,2,2,5
Alvin Kamara,NO,RB,7000.0,Alvin Kamara (15862567),24.19,11.4,17.58,24.599999999999998,9.7,15.33,22.0,11.2,17.48,24.599999999999998,614.0350877192982,398.17974971558596,284.5528455284553,5,3,7,2,2,5
Aaron Jones,GB,RB,7200.0,Aaron Jones (15862563),19.17,13.29,17.54,21.37,11.79,15.790000000000003,19.37,13.089999999999998,17.44,21.37,541.7607223476298,410.4903078677309,336.92091717360785,6,3,8,3,3,6
Nyheim Hines,IND,RB,5300.0,Nyheim Hines (15862609),12.64,8.54,12.78,21.53,6.739999999999999,10.68,18.53,8.44,12.68,21.53,620.6088992974239,414.71048513302037,246.16813748258244,16,5,9,3,3,8
Derrick Henry,TEN,RB,9200.0,Derrick Henry (15862555),22.0,15.8,21.96,25.27,13.24,18.160000000000004,21.27,13.74,18.860000000000003,22.17,582.2784810126582,418.94353369763206,364.06806489908985,2,2,10,3,2,5
Chris Carson,SEA,RB,6300.0,Chris Carson (15862577),16.99,9.9,14.929999999999998,21.42,8.7,13.43,19.67,9.7,14.829999999999998,21.320000000000004,636.3636363636364,421.9691895512392,294.1176470588235,8,4,11,3,3,7
Jonathan Taylor,IND,RB,5700.0,Jonathan Taylor (15862593),12.65,9.790000000000001,13.209999999999999,18.75,8.740000000000002,11.96,17.05,9.690000000000001,13.11,18.650000000000002,582.2267620020428,431.49129447388344,304.0,14,5,12,4,4,9
JD McKissic,WAS,RB,4400.0,J.D. McKissic (15862635),9.74,6.53,10.180000000000001,15.39,4.68,7.9799999999999995,12.39,6.33,10.080000000000002,15.39,673.813169984686,432.2200392927308,285.89993502274206,23,7,13,4,4,11
Kenyan Drake,ARI,RB,5700.0,Kenyan Drake (15862595),14.23,9.110000000000001,12.950000000000001,19.029999999999998,8.26,11.9,17.430000000000003,8.91,12.850000000000001,18.93,625.6860592755213,440.1544401544401,299.52706253284293,15,5,14,4,4,9
Kareem Hunt,CLE,RB,5400.0,Kareem Hunt (15862603),14.43,6.590000000000001,12.180000000000001,16.7,5.54,10.780000000000001,15.0,6.49,12.080000000000002,16.7,819.4233687405158,443.34975369458124,323.3532934131737,18,6,15,4,4,10
Giovani Bernard,CIN,RB,5200.0,Giovani Bernard (15862617),9.67,6.89,11.71,14.58,5.6899999999999995,10.160000000000002,12.88,6.6899999999999995,11.610000000000001,14.58,754.7169811320755,444.064901793339,356.65294924554183,20,6,16,4,4,10
Wayne Gallman,NYG,RB,5600.0,Wayne Gallman Jr. (15862597),10.68,8.16,12.57,19.009999999999998,7.5600000000000005,11.47,17.26,8.06,12.47,18.91,686.2745098039215,445.50517104216385,294.58179905312994,17,5,17,4,4,9
Frank Gore,NYJ,RB,4400.0,Frank Gore (15862637),7.1,6.37,9.81,14.21,5.569999999999999,8.860000000000001,12.71,6.17,9.71,14.21,690.7378335949765,448.52191641182463,309.6410978184377,25,7,18,4,4,11
David Johnson,HOU,RB,5400.0,David Johnson (15862605),11.99,6.300000000000001,11.980000000000002,19.13,5.45,10.780000000000001,17.63,6.2,11.880000000000003,19.13,857.142857142857,450.7512520868113,282.2791427077888,19,6,19,4,4,10
Miles Sanders,PHI,RB,6700.0,Miles Sanders (15862573),14.29,10.05,14.640000000000002,21.029999999999998,8.9,13.140000000000002,19.23,9.85,14.540000000000003,20.93,666.6666666666666,457.65027322404364,318.5924869234427,10,4,20,5,4,9
Damien Harris,NE,RB,5200.0,Damien Harris (15862615),10.48,7.2700000000000005,11.13,19.77,7.07,10.629999999999999,18.05,7.07,11.030000000000001,19.35,715.2682255845942,467.2057502246181,263.0247850278199,21,6,21,5,5,11
Antonio Gibson,WAS,RB,6800.0,Antonio Gibson (15862571),17.26,10.400000000000002,14.24,19.16,8.95,12.69,17.310000000000002,10.200000000000001,14.14,19.16,653.8461538461537,477.5280898876404,354.90605427974947,12,4,22,6,4,10
James White,NE,RB,5000.0,James White (15862621),9.04,6.890000000000001,10.38,15.330000000000002,5.14,8.23,12.830000000000002,6.79,10.280000000000001,15.330000000000002,725.6894049346879,481.6955684007707,326.1578604044357,22,7,23,6,6,13
Kerryon Johnson,DET,RB,4400.0,Kerryon Johnson (15862639),5.77,5.500000000000001,9.129999999999999,12.9,4.5,7.680000000000001,10.8,5.4,9.03,12.8,799.9999999999999,481.9277108433736,341.08527131782944,28,8,24,6,6,14
Chase Edmonds,ARI,RB,4900.0,Chase Edmonds (15862623),11.77,7.160000000000001,9.59,12.68,5.56,7.940000000000001,10.830000000000002,7.0600000000000005,9.59,12.68,684.3575418994412,510.94890510948903,386.4353312302839,26,8,25,7,7,15
Todd Gurley,ATL,RB,5300.0,Todd Gurley II (15862613),14.22,4.950000000000001,10.17,16.179999999999996,4.2,9.120000000000001,14.479999999999999,4.8500000000000005,10.07,16.08,1070.7070707070704,521.1406096361849,327.5648949320149,24,7,26,7,7,14
Nick Chubb,CLE,RB,7700.0,Nick Chubb (15862557),18.97,10.000000000000002,14.630000000000003,23.619999999999997,9.3,13.370000000000003,19.320000000000004,9.8,14.020000000000003,20.52,769.9999999999999,526.3157894736842,325.99491955969523,11,4,27,7,4,11
Darrell Henderson,LAR,RB,4300.0,Darrell Henderson Jr. (15862643),9.99,4.630000000000001,7.58,10.84,4.180000000000001,6.930000000000001,9.940000000000001,4.53,7.58,10.84,928.7257019438443,567.2823218997362,396.6789667896679,30,8,28,8,8,16
Adrian Peterson,DET,RB,4900.0,Adrian Peterson (15862625),7.93,3.9500000000000006,8.340000000000002,12.37,3.7,7.590000000000001,11.37,3.8500000000000005,8.240000000000002,12.37,1240.5063291139238,587.5299760191846,396.1196443007276,29,8,29,8,8,16
Benny Snell,PIT,RB,5400.0,Benny Snell Jr. (15862607),5.38,1.7000000000000002,9.190000000000001,14.620000000000001,1.5,8.590000000000002,13.67,1.5,9.090000000000002,14.620000000000001,3176.4705882352937,587.5952121871599,369.3570451436388,27,8,30,8,8,16
Denzel Mims,NYJ,WR,4100.0,Denzel Mims (15862903),9.08,8.76,12.45,18.9,6.81,10.150000000000002,15.9,8.66,12.45,18.9,468.03652968036533,329.31726907630525,216.93121693121694,26,5,1,1,1,6
Brandin Cooks,HOU,WR,5600.0,Brandin Cooks (15862851),13.17,13.680000000000001,16.52,24.249999999999996,11.18,13.72,18.9,13.580000000000002,16.52,22.9,409.3567251461988,338.98305084745766,230.92783505154642,12,3,2,1,1,4
Keke Coutee,HOU,WR,3500.0,Keke Coutee (15862929),5.6,6.61,9.770000000000001,12.510000000000002,4.66,7.57,9.86,6.3100000000000005,9.670000000000002,12.510000000000002,529.500756429652,358.2395087001023,279.7761790567546,40,6,3,2,2,8
Breshad Perriman,NYJ,WR,3900.0,Breshad Perriman (15862905),11.17,7.790000000000001,10.86,13.34,6.24,9.06,11.34,7.790000000000001,10.86,13.34,500.6418485237483,359.11602209944755,292.3538230884558,33,6,4,2,2,8
Anthony Miller,CHI,WR,3100.0,Anthony Miller (15862961),7.87,5.950000000000001,8.49,11.18,4.5,6.840000000000001,9.030000000000001,5.8500000000000005,8.49,11.18,521.0084033613444,365.13545347467607,277.2808586762075,46,7,5,2,2,9
Cooper Kupp,LAR,WR,6100.0,Cooper Kupp (15862841),15.06,14.13,16.57,21.75,11.129999999999999,13.47,17.8,14.030000000000001,16.57,21.3,431.7055909412597,368.13518406759204,280.4597701149425,10,3,6,2,2,5
Tyler Boyd,CIN,WR,4700.0,Tyler Boyd (15862875),15.72,10.49,12.71,15.17,7.989999999999999,10.060000000000002,12.17,10.39,12.71,15.17,448.04575786463295,369.78756884343034,309.8220171390903,24,5,7,2,2,7
Darnell Mooney,CHI,WR,3400.0,Darnell Mooney (15862939),8.02,6.6,9.06,12.510000000000002,5.1,7.3100000000000005,9.91,6.6,9.06,12.510000000000002,515.1515151515151,375.2759381898455,271.78257394084727,44,6,8,2,2,8
Robert Woods,LAR,WR,5900.0,Robert Woods (15862845),17.04,13.270000000000001,15.68,22.599999999999998,10.370000000000001,12.530000000000001,18.12,13.170000000000002,15.58,21.52,444.6119065561416,376.2755102040816,261.0619469026549,16,4,9,2,2,6
Davante Adams,GB,WR,9000.0,Davante Adams (15862805),26.87,19.499999999999996,23.724999999999998,28.8,15.629999999999999,18.12,21.3,18.98,21.87,25.8,461.5384615384616,379.34668071654374,312.5,1,1,10,2,1,3
Allen Robinson,CHI,WR,6700.0,Allen Robinson II (15862829),17.26,16.02,17.519999999999996,21.999999999999996,13.020000000000001,14.32,17.9,15.920000000000002,17.419999999999998,21.4,418.227215980025,382.420091324201,304.5454545454546,4,3,11,2,2,5
Michael Pittman,IND,WR,4900.0,Michael Pittman Jr. (15862871),8.76,9.200000000000001,12.67,19.5,7.4,10.42,16.5,9.100000000000001,12.67,19.5,532.6086956521739,386.7403314917127,251.28205128205127,25,5,12,2,2,7
Tee Higgins,CIN,WR,4600.0,Tee Higgins (15862879),15.31,7.500000000000001,11.54,14.340000000000002,5.9,9.440000000000001,11.840000000000002,7.4,11.54,14.340000000000002,613.3333333333333,398.6135181975737,320.7810320781032,31,5,13,3,3,8
Justin Jefferson,MIN,WR,6900.0,Justin Jefferson (15862825),17.62,14.320000000000002,17.225,23.5,11.970000000000002,14.35,18.380000000000003,14.220000000000002,16.85,21.28,481.84357541899436,400.5805515239477,293.6170212765957,7,3,14,3,3,6
Terry McLaurin,WAS,WR,6800.0,Terry McLaurin (15862827),17.66,12.92,16.9,22.599999999999998,10.470000000000002,13.770000000000001,18.07,12.82,16.62,21.22,526.3157894736842,402.3668639053255,300.8849557522124,8,3,15,3,3,6
Keelan Cole,JAC,WR,3800.0,Keelan Cole Sr. (15862909),11.08,7.03,9.440000000000001,11.2,5.43,7.64,9.2,6.93,9.440000000000001,11.2,540.5405405405405,402.5423728813559,339.28571428571433,43,6,16,3,3,9
DeVante Parker,MIA,WR,6400.0,DeVante Parker (15862835),13.29,12.84,15.770000000000001,19.95,10.590000000000002,13.270000000000001,16.95,12.74,15.770000000000001,19.8,498.44236760124613,405.8338617628408,320.80200501253137,15,4,17,3,3,7
Jakobi Meyers,NE,WR,5500.0,Jakobi Meyers (15862853),12.92,9.9,13.45,21.625,7.6000000000000005,10.850000000000001,17.700000000000003,9.8,13.45,20.950000000000003,555.5555555555555,408.9219330855019,254.33526011560693,22,5,18,3,3,8
DJ Chark,JAC,WR,5400.0,DJ Chark Jr. (15862855),13.49,10.329999999999998,13.13,18.07,8.33,10.73,15.370000000000001,10.329999999999998,13.13,18.07,522.7492739593418,411.2718964204112,298.8378527946873,23,5,19,3,3,8
Damiere Byrd,NE,WR,3900.0,Damiere Byrd (15862907),9.53,6.9,9.48,11.8,5.3,7.68,9.65,6.8,9.48,11.8,565.2173913043478,411.3924050632911,330.50847457627117,42,6,20,3,3,9
DK Metcalf,SEA,WR,8200.0,DK Metcalf (15862807),20.9,16.44,19.849999999999998,25.9,13.690000000000001,15.64,19.9,16.240000000000002,18.34,22.9,498.7834549878345,413.0982367758187,316.6023166023166,2,2,21,3,2,5
JuJu Smith-Schuster,PIT,WR,5800.0,JuJu Smith-Schuster (15862847),14.66,11.500000000000002,13.97,18.57,9.05,11.270000000000001,15.72,11.400000000000002,13.870000000000001,18.57,504.34782608695645,415.17537580529705,312.33171782444805,20,5,22,3,3,8
Nelson Agholor,LV,WR,5200.0,Nelson Agholor (15862863),10.7,8.700000000000001,12.43,17.5,6.950000000000001,10.379999999999999,15.0,8.700000000000001,12.43,17.5,597.7011494252873,418.342719227675,297.14285714285717,27,5,23,3,3,8
Marvin Jones,DET,WR,5700.0,Marvin Jones Jr. (15862849),11.21,10.989999999999998,13.620000000000001,19.1,9.04,11.32,16.1,10.989999999999998,13.620000000000001,19.1,518.653321201092,418.50220264317176,298.42931937172773,21,5,24,3,3,8
Adam Thielen,MIN,WR,7300.0,Adam Thielen (15862817),19.21,15.5,17.38,21.999999999999996,12.85,14.43,17.9,15.4,17.28,21.4,470.96774193548384,420.02301495972387,331.81818181818187,5,3,25,3,3,6
Corey Davis,TEN,WR,5100.0,Corey Davis (15862867),14.54,8.670000000000002,12.14,14.459999999999999,6.82,9.989999999999998,11.959999999999999,8.670000000000002,12.14,14.459999999999999,588.235294117647,420.0988467874794,352.6970954356847,29,5,26,3,3,8
Diontae Johnson,PIT,WR,6500.0,Diontae Johnson (15862833),14.56,12.9,15.28,24.25,10.05,12.280000000000001,18.8,12.7,15.18,22.3,503.87596899224803,425.3926701570681,268.0412371134021,17,4,27,4,4,8
Jarvis Landry,CLE,WR,6200.0,Jarvis Landry (15862839),11.21,11.85,14.48,20.0,9.400000000000002,11.83,16.9,11.75,14.48,20.0,523.2067510548524,428.1767955801105,310.0,19,4,28,4,4,8
AJ Green,CIN,WR,3100.0,A.J. Green (15862957),6.97,4.9,7.24,8.82,3.9000000000000004,5.84,7.2200000000000015,4.9,7.24,8.82,632.6530612244898,428.1767955801105,351.47392290249434,55,7,29,4,4,11
Darius Slayton,NYG,WR,4600.0,Darius Slayton (15862881),10.84,7.890000000000001,10.7,16.34,6.340000000000001,8.9,14.29,7.79,10.7,16.34,583.0164765525982,429.9065420560748,281.5177478580171,35,6,30,4,4,10
Michael Thomas,NO,WR,7000.0,Michael Thomas (15862823),10.2,12.24,16.13,23.299999999999997,9.59,12.980000000000002,18.4,12.14,16.03,21.8,571.8954248366013,433.9739615623063,300.42918454935625,13,3,31,4,3,7
Keenan Allen,LAC,WR,8100.0,Keenan Allen (15862809),20.59,16.279999999999998,18.65,23.1,13.13,14.96,18.39,16.18,18.46,22.14,497.5429975429976,434.3163538873995,350.64935064935065,3,2,32,4,2,6
TY Hilton,IND,WR,4300.0,T.Y. Hilton (15862893),7.98,7.2,9.89,12.3,5.7,8.09,10.2,7.2,9.89,12.3,597.2222222222222,434.78260869565213,349.5934959349593,38,6,33,4,4,10
Hunter Renfrow,LV,WR,4300.0,Hunter Renfrow (15862895),9.17,6.2,9.809999999999999,12.160000000000002,4.7,7.910000000000001,9.96,6.1,9.809999999999999,12.160000000000002,693.5483870967741,438.32823649337416,353.6184210526315,39,6,34,4,4,10
Julio Jones,ATL,WR,6600.0,Julio Jones (15862831),17.46,11.100000000000001,14.98,22.599999999999998,9.100000000000001,12.430000000000001,18.06,11.100000000000001,14.98,21.16,594.5945945945945,440.58744993324433,292.0353982300885,18,4,35,4,4,8
Josh Reynolds,LAR,WR,4200.0,Josh Reynolds (15862897),8.89,6.9,9.530000000000001,11.629999999999999,5.3,7.7299999999999995,9.530000000000001,6.8,9.530000000000001,11.629999999999999,608.695652173913,440.71353620146897,361.1349957007739,41,6,36,4,4,10
Danny Amendola,DET,WR,3700.0,Danny Amendola (15862913),7.7,5.09,8.35,11.5,3.8899999999999997,6.6,9.149999999999999,5.09,8.35,11.5,726.9155206286837,443.1137724550898,321.7391304347826,49,7,37,4,4,11
Tyler Lockett,SEA,WR,7400.0,Tyler Lockett (15862815),18.28,14.4,16.560000000000002,20.549999999999997,11.8,13.709999999999999,17.25,14.3,16.560000000000002,20.4,513.8888888888889,446.8599033816424,360.0973236009733,11,3,38,5,3,8
Calvin Ridley,ATL,WR,7200.0,Calvin Ridley (15862819),19.11,13.620000000000001,16.089999999999996,21.25,11.170000000000002,13.39,17.5,13.520000000000001,15.989999999999998,20.5,528.6343612334801,447.4829086389063,338.8235294117647,14,3,39,5,3,8
Golden Tate,NYG,WR,3800.0,Golden Tate (15862911),7.92,6.120000000000001,8.49,10.98,4.670000000000001,6.79,8.98,6.120000000000001,8.49,10.98,620.9150326797385,447.585394581861,346.08378870673954,47,7,40,5,5,12
DeAndre Hopkins,ARI,WR,7800.0,DeAndre Hopkins (15862811),19.24,13.33,17.36,23.575,10.879999999999999,14.010000000000002,18.59,13.23,17.26,22.39,585.1462865716429,449.3087557603687,330.8589607635207,6,3,41,5,3,8
Sterling Shepard,NYG,WR,5300.0,Sterling Shepard (15862857),12.24,8.700000000000001,11.780000000000001,13.920000000000002,6.6000000000000005,9.23,11.07,8.600000000000001,11.780000000000001,13.920000000000002,609.1954022988505,449.91511035653645,380.74712643678157,30,5,42,5,5,10
Rashard Higgins,CLE,WR,4000.0,Rashard Higgins (15862899),8.06,5.970000000000001,8.810000000000002,12.100000000000001,4.7700000000000005,7.260000000000001,10.150000000000002,5.87,8.810000000000002,12.100000000000001,670.0167504187604,454.0295119182746,330.5785123966942,45,7,43,5,5,12
Mike Williams,LAC,WR,4800.0,Mike Williams (15862877),11.2,7.6000000000000005,10.57,12.680000000000001,6.1000000000000005,8.870000000000001,10.680000000000001,7.6000000000000005,10.57,12.680000000000001,631.578947368421,454.1154210028382,378.5488958990536,36,6,44,5,5,11
AJ Brown,TEN,WR,7600.0,A.J. Brown (15862813),18.2,13.42,16.73,21.75,11.370000000000001,14.379999999999999,17.700000000000003,13.42,16.73,20.700000000000003,566.3189269746647,454.27375971309027,349.42528735632186,9,3,45,5,3,8
Andy Isabella,ARI,WR,3200.0,Andy Isabella (15862953),5.21,5.390000000000001,7.0,8.59,4.19,5.6,7.04,5.390000000000001,7.0,8.59,593.6920222634508,457.14285714285717,372.52619324796274,56,7,46,5,5,12
Jakeem Grant,MIA,WR,3500.0,Jakeem Grant (15862927),5.96,4.680000000000001,7.6000000000000005,10.21,3.48,6.1000000000000005,8.21,4.58,7.6000000000000005,10.21,747.8632478632478,460.52631578947364,342.80117531831536,53,7,47,5,5,12
Jamison Crowder,NYJ,WR,5100.0,Jamison Crowder (15862865),15.37,6.800000000000001,11.059999999999999,14.21,5.2,8.760000000000002,11.410000000000002,6.7,11.059999999999999,14.21,749.9999999999999,461.12115732368903,358.9021815622801,32,6,48,5,5,11
Laviska Shenault,JAC,WR,3600.0,Laviska Shenault Jr. (15862917),8.93,5.050000000000001,7.68,10.93,3.75,5.88,8.68,4.95,7.579999999999999,10.93,712.8712871287128,468.75,329.3687099725526,52,7,49,5,5,12
Christian Kirk,ARI,WR,5200.0,Christian Kirk (15862859),12.29,7.960000000000001,10.79,14.42,6.010000000000001,8.59,11.870000000000001,7.86,10.79,14.42,653.2663316582914,481.9277108433735,360.6102635228849,34,6,50,6,6,12
N'Keal Harry,NE,WR,3000.0,N'Keal Harry (15862975),6.29,2.6999999999999997,6.050000000000001,9.27,2.0999999999999996,4.699999999999999,7.32,2.5999999999999996,6.050000000000001,9.27,1111.1111111111113,495.86776859504124,323.62459546925567,61,8,51,6,6,14
Zach Pascal,IND,WR,3500.0,Zach Pascal (15862923),7.7,5.1000000000000005,6.99,9.15,4.0,5.59,7.4,5.1000000000000005,6.99,9.15,686.2745098039215,500.7153075822604,382.5136612021858,57,7,52,6,6,13
Allen Lazard,GB,WR,5000.0,Allen Lazard (15862869),14.24,6.49,9.91,12.31,5.140000000000001,8.21,10.260000000000002,6.49,9.91,12.31,770.4160246533128,504.54086781029264,406.17384240454913,37,6,53,6,6,12
Chase Claypool,PIT,WR,6300.0,Chase Claypool (15862837),15.48,9.1,12.39,14.84,7.0,10.24,12.540000000000001,9.0,12.39,14.84,692.3076923076924,508.47457627118644,424.52830188679246,28,5,54,6,5,11
Adam Humphries,TEN,WR,3200.0,Adam Humphries (15862951),9.32,4.0,6.17,8.55,3.0,4.82,6.8999999999999995,4.0,6.17,8.55,800.0,518.6385737439222,374.26900584795317,59,8,55,6,6,14
David Moore,SEA,WR,3400.0,David Moore (15862937),8.62,3.9000000000000004,6.48,9.32,3.0,5.38,7.970000000000001,3.9000000000000004,6.48,9.32,871.7948717948717,524.6913580246913,364.8068669527897,58,8,56,6,6,14
Jalen Reagor,PHI,WR,4500.0,Jalen Reagor (15862889),8.3,5.93,8.4,12.59,4.58,6.65,10.09,5.93,8.4,12.59,758.8532883642496,535.7142857142857,357.4265289912629,48,7,57,6,6,13
Mohamed Sanu,DET,WR,3000.0,Mohamed Sanu (15863059),5.7,2.45,5.539999999999999,8.5,1.85,4.34,6.7,2.45,5.539999999999999,8.5,1224.4897959183672,541.5162454873647,352.94117647058823,62,8,58,6,6,14
Quintez Cephus,DET,WR,3000.0,Quintez Cephus (15862967),4.2,2.8,5.449999999999999,8.5,2.2,4.4,7.0,2.8,5.449999999999999,8.5,1071.4285714285716,550.4587155963303,352.94117647058823,63,8,59,7,7,15
Greg Ward,PHI,WR,3400.0,Greg Ward (15862935),8.18,4.16,6.130000000000001,8.74,3.16,4.68,6.64,4.16,6.130000000000001,8.74,817.3076923076923,554.6492659053833,389.01601830663617,60,8,60,7,7,15
Henry Ruggs,LV,WR,4500.0,Henry Ruggs III (15862891),6.82,5.24,8.11,11.8,4.24,6.71,9.350000000000001,5.24,8.11,11.8,858.7786259541984,554.8705302096178,381.3559322033898,50,7,61,7,7,14
Russell Gage,ATL,WR,4500.0,Russell Gage (15862885),9.17,5.430000000000001,8.07,12.059999999999999,4.03,6.220000000000001,9.309999999999999,5.33,8.07,12.059999999999999,828.7292817679557,557.6208178438661,373.134328358209,51,7,62,7,7,14
Cam Sims,WAS,WR,3000.0,Cam Sims (15863041),5.17,2.39,5.359999999999999,9.4,1.8900000000000001,4.36,7.65,2.39,5.359999999999999,9.4,1255.2301255230125,559.7014925373135,319.1489361702128,64,8,63,7,7,15
Chris Conley,JAC,WR,3000.0,Chris Conley (15863029),6.62,3.49,5.039999999999999,6.62,2.74,4.09,5.42,3.49,5.039999999999999,6.62,859.5988538681947,595.2380952380953,453.17220543806644,65,8,64,8,8,16
Marquez Valdes-Scantling,GB,WR,4400.0,Marquez Valdes-Scantling (15862883),10.41,3.75,7.3500000000000005,10.07,2.95,6.15,8.57,3.65,7.3500000000000005,10.07,1173.3333333333333,598.6394557823129,436.9414101290963,54,7,65,8,7,15
Anthony Firkser,TEN,TE,2500.0,Anthony Firkser (15863333),6.62,5.59,7.78,9.990000000000002,4.29,6.23,7.99,5.59,7.78,9.990000000000002,447.22719141323796,321.3367609254499,250.2502502502502,13,5,1,1,1,6
Jordan Akins,HOU,TE,2900.0,Jordan Akins (15863185),6.99,5.24,8.07,10.39,4.04,6.470000000000001,8.39,5.24,8.07,10.39,553.4351145038167,359.3556381660471,279.1145332050048,12,5,2,2,2,7
Darren Waller,LV,TE,6100.0,Darren Waller (15863135),13.66,14.370000000000001,16.729999999999997,21.5,11.270000000000001,13.430000000000001,17.740000000000002,14.270000000000001,16.63,21.44,424.4954766875435,364.61446503287516,283.72093023255815,1,1,3,2,1,3
Robert Tonyan,GB,TE,3700.0,Robert Tonyan (15863157),12.48,6.58,9.620000000000001,16.34,5.18,7.970000000000001,14.04,6.58,9.620000000000001,16.34,562.3100303951368,384.6153846153846,226.43818849449204,6,4,4,2,2,6
Hunter Henry,LAC,TE,4800.0,Hunter Henry (15863141),10.56,9.860000000000001,12.440000000000001,16.61,7.8599999999999985,10.24,14.11,9.760000000000002,12.440000000000001,16.61,486.81541582150095,385.8520900321543,288.9825406381698,2,2,5,2,2,4
Dallas Goedert,PHI,TE,4300.0,Dallas Goedert (15863145),12.11,8.430000000000001,10.64,15.6,6.7299999999999995,8.690000000000001,13.3,8.330000000000002,10.64,15.6,510.08303677342815,404.1353383458646,275.64102564102564,5,3,6,3,3,6
Kyle Rudolph,MIN,TE,3400.0,Kyle Rudolph (15863167),6.04,4.700000000000001,8.3,12.360000000000001,3.4000000000000004,6.6000000000000005,9.860000000000001,4.6000000000000005,8.3,12.360000000000001,723.4042553191488,409.6385542168674,275.0809061488673,11,5,7,3,3,8
Austin Hooper,CLE,TE,3800.0,Austin Hooper (15863155),7.36,6.41,9.100000000000001,12.6,4.91,7.2,10.200000000000001,6.41,9.100000000000001,12.6,592.8237129485179,417.5824175824175,301.58730158730157,9,4,8,3,3,7
Hayden Hurst,ATL,TE,4000.0,Hayden Hurst (15863151),9.54,6.670000000000001,9.45,11.32,5.07,7.500000000000001,9.120000000000001,6.670000000000001,9.45,11.32,599.7001499250374,423.2804232804233,353.35689045936397,8,4,9,3,3,7
TJ Hockenson,DET,TE,5000.0,T.J. Hockenson (15863137),11.82,9.93,11.8,18.4,7.88,9.600000000000001,15.4,9.93,11.8,18.4,503.5246727089627,423.728813559322,271.7391304347826,3,2,10,3,2,5
Evan Engram,NYG,TE,4900.0,Evan Engram (15863139),9.79,7.920000000000002,10.86,13.3,6.0200000000000005,8.61,10.649999999999999,7.820000000000001,10.86,13.3,618.6868686868686,451.1970534069982,368.4210526315789,4,3,11,4,3,7
Trey Burton,IND,TE,3500.0,Trey Burton (15863163),9.32,5.18,7.73,11.8,3.93,6.13,9.4,5.18,7.73,11.8,675.6756756756757,452.78137128072444,296.6101694915254,14,5,12,4,4,9
Eric Ebron,PIT,TE,4400.0,Eric Ebron (15863143),9.66,7.07,9.48,13.47,5.2700000000000005,7.48,10.870000000000001,6.97,9.48,13.47,622.3479490806224,464.1350210970464,326.6518188567186,7,4,13,4,4,8
Logan Thomas,WAS,TE,3400.0,Logan Thomas (15863169),8.4,4.9399999999999995,7.16,10.830000000000002,3.69,5.51,8.48,4.9399999999999995,7.16,10.830000000000002,688.259109311741,474.8603351955307,313.9427516158818,17,6,14,4,4,10
Harrison Bryant,CLE,TE,2500.0,Harrison Bryant (15863339),4.84,2.73,5.140000000000001,7.0,1.8300000000000005,4.19,5.8,2.5300000000000002,5.140000000000001,7.0,915.7509157509157,486.3813229571984,357.14285714285717,23,8,15,5,5,13
Mike Gesicki,MIA,TE,4200.0,Mike Gesicki (15863147),8.72,6.140000000000001,8.620000000000001,12.39,4.64,6.97,10.09,6.04,8.620000000000001,12.39,684.0390879478826,487.2389791183294,338.9830508474576,10,5,16,5,5,10
Tyler Higbee,LAR,TE,3400.0,Tyler Higbee (15863165),8.02,4.300000000000001,6.970000000000001,8.7,3.3000000000000003,5.62,7.15,4.300000000000001,6.970000000000001,8.7,790.6976744186045,487.80487804878044,390.8045977011495,18,6,17,5,5,11
Jimmy Graham,CHI,TE,3600.0,Jimmy Graham (15863161),9.22,4.5,7.320000000000001,9.3,3.5,5.870000000000001,7.55,4.5,7.320000000000001,9.3,800.0,491.80327868852453,387.09677419354836,16,6,18,5,5,11
Tyler Eifert,JAC,TE,3000.0,Tyler Eifert (15863179),5.44,4.16,6.09,8.420000000000002,3.16,4.74,6.720000000000001,4.16,6.09,8.420000000000002,721.1538461538461,492.61083743842363,356.2945368171021,19,7,19,5,5,12
Zach Ertz,PHI,TE,3900.0,Zach Ertz (15863153),8.3,5.1899999999999995,7.699999999999999,10.3,3.8899999999999997,5.949999999999999,8.100000000000001,5.1899999999999995,7.699999999999999,10.3,751.4450867052024,506.4935064935065,378.6407766990291,15,5,20,6,5,11
Drew Sample,CIN,TE,2900.0,Drew Sample (15863183),4.56,3.5500000000000003,5.5,6.92,2.55,4.25,5.27,3.45,5.5,6.92,816.9014084507041,527.2727272727273,419.0751445086705,22,7,21,7,7,14
Jacob Hollister,SEA,TE,3000.0,Jacob Hollister (15863181),4.1,3.9800000000000004,5.68,7.590000000000001,2.9800000000000004,4.380000000000001,5.890000000000001,3.9800000000000004,5.68,7.590000000000001,753.7688442211055,528.1690140845071,395.2569169960474,21,7,22,7,7,14
Gerald Everett,LAR,TE,3200.0,Gerald Everett (15863175),6.9,2.3000000000000003,5.859999999999999,8.61,1.7000000000000002,4.609999999999999,6.86,2.2,5.859999999999999,8.61,1391.3043478260868,546.0750853242322,371.66085946573753,20,7,23,7,7,14
Mo Alie-Cox,IND,TE,2700.0,Mo Alie-Cox (15863191),7.08,2.1,4.66,6.9,1.5000000000000002,3.8100000000000005,5.8,2.0,4.66,6.9,1285.7142857142856,579.3991416309012,391.30434782608694,24,8,24,8,8,16
Seahawks,SEA,DST,3300.0,Seahawks  (15863349),5.54,6.585714285714287,8.22857142857143,10.528571428571428,8.450428571428573,10.719142857142856,13.557142857142857,8.357142857142858,9.685714285714287,11.585714285714285,501.08459869848144,401.04166666666663,313.43283582089555,2,1,1,1,1,2
Giants,NYG,DST,2200.0,Giants  (15863364),6.91,3.8714285714285714,5.214285714285715,6.128571428571428,4.3514285714285705,5.913428571428572,7.6378571428571425,4.871428571428571,6.271428571428572,7.8428571428571425,568.2656826568266,421.917808219178,358.974358974359,14,5,2,2,2,7
Falcons,ATL,DST,2400.0,Falcons  (15863361),5.27,3.4571428571428577,5.571428571428573,8.214285714285714,4.774142857142857,7.080428571428573,9.834285714285713,4.457142857142857,6.571428571428573,9.214285714285714,694.2148760330577,430.76923076923066,292.1739130434783,11,4,3,2,2,6
Lions,DET,DST,2500.0,Lions  (15863358),2.64,4.728571428571429,5.571428571428571,7.185714285714285,5.970571428571429,7.386428571428571,9.435714285714285,5.7285714285714295,6.571428571428571,8.185714285714285,528.7009063444109,448.71794871794873,347.91252485089467,12,4,4,2,2,6
Jets,NYJ,DST,2100.0,Jets  (15863365),4.0,2.8428571428571425,4.485714285714285,7.300000000000001,3.6198571428571418,5.688714285714285,8.74,3.8428571428571425,5.485714285714285,8.3,738.6934673366835,468.15286624203833,287.6712328767123,19,7,5,3,3,10
Bengals,CIN,DST,2300.0,Bengals  (15863363),2.91,4.4714285714285715,4.8999999999999995,5.328571428571428,5.827428571428571,6.630999999999999,8.289857142857143,5.4714285714285715,5.8999999999999995,7.042857142857143,514.3769968051118,469.38775510204084,431.6353887399464,17,6,6,3,3,9
Patriots,NE,DST,2400.0,Patriots  (15863360),5.91,4.057142857142857,5.085714285714285,6.914285714285715,3.4782857142857146,5.172714285714285,7.289285714285715,5.171428571428571,6.085714285714285,7.914285714285715,591.5492957746479,471.91011235955057,347.10743801652893,15,6,7,3,3,9
Chargers,LAC,DST,2600.0,Chargers  (15863357),4.91,3.9428571428571426,5.3428571428571425,7.014285714285714,5.615714285714286,7.094857142857142,8.898285714285715,5.228571428571429,6.3428571428571425,8.014285714285714,659.4202898550725,486.6310160427808,370.67209775967416,13,5,8,4,4,9
Raiders,LV,DST,3400.0,Raiders  (15863348),2.82,4.814285714285714,6.9714285714285715,8.071428571428571,8.005571428571427,10.228857142857143,11.332857142857142,6.442857142857143,8.314285714285713,9.214285714285715,706.2314540059348,487.70491803278685,421.23893805309734,5,2,9,4,2,6
Titans,TEN,DST,2900.0,Titans  (15863353),4.82,4.414285714285715,5.828571428571429,7.528571428571429,5.945571428571428,7.469571428571429,9.47857142857143,5.842857142857143,6.828571428571429,8.52857142857143,656.957928802589,497.5490196078431,385.1992409867172,9,4,10,5,4,9
Colts,IND,DST,3000.0,Colts  (15863352),9.27,4.785714285714286,5.957142857142859,7.557142857142859,6.345714285714287,7.622142857142859,9.40514285714286,5.7857142857142865,6.957142857142859,8.557142857142859,626.8656716417911,503.5971223021581,396.97542533081275,8,3,11,5,3,8
Bears,CHI,DST,3100.0,Bears  (15863351),5.64,5.471428571428571,6.071428571428571,7.885714285714285,7.410857142857143,8.164857142857143,10.585714285714285,7.0142857142857125,7.214285714285714,8.885714285714286,566.5796344647521,510.5882352941177,393.11594202898556,7,3,12,5,3,8
Packers,GB,DST,3800.0,Packers  (15863345),5.54,5.314285714285714,7.328571428571429,9.157142857142858,7.202571428571429,9.268142857142857,11.533142857142858,6.742857142857142,8.385714285714286,10.157142857142858,715.0537634408603,518.5185185185185,414.9765990639625,4,2,13,5,2,7
Dolphins,MIA,DST,4400.0,Dolphins  (15863343),9.27,6.6000000000000005,8.357142857142856,10.657142857142857,8.771,11.058285714285713,13.777142857142856,9.200000000000001,10.27142857142857,11.657142857142857,666.6666666666666,526.4957264957266,412.8686327077748,1,1,14,5,1,6
Steelers,PIT,DST,4300.0,Steelers  (15863344),11.27,5.2,7.871428571428572,10.628571428571428,7.800000000000001,11.118857142857141,13.958571428571428,7.2,9.414285714285715,11.628571428571428,826.9230769230769,546.2794918330309,404.5698924731183,3,1,15,6,1,7
Rams,LAR,DST,3200.0,Rams  (15863350),8.27,4.3428571428571425,5.785714285714287,8.071428571428571,5.444714285714286,7.288714285714288,10.381428571428572,5.428571428571429,6.785714285714287,9.071428571428571,736.8421052631579,553.0864197530863,396.46017699115043,10,4,16,6,4,10
Saints,NO,DST,3600.0,Saints  (15863346),8.46,5.071428571428571,6.3,8.72857142857143,6.217857142857142,7.932,11.248571428571429,6.414285714285714,7.300000000000001,9.72857142857143,709.8591549295775,571.4285714285714,412.4386252045826,6,3,17,7,3,10
Jaguars,JAC,DST,2000.0,Jaguars  (15863366),3.54,2.8428571428571434,3.485714285714286,4.500000000000001,2.8428571428571434,4.338571428571429,6.727,3.8428571428571434,4.828571428571428,6.500000000000001,703.5175879396984,573.7704918032786,444.44444444444434,22,8,18,7,7,15
Cardinals,ARI,DST,2900.0,Cardinals  (15863354),5.91,3.5857142857142854,5.0285714285714285,6.914285714285715,3.9697142857142858,5.655571428571427,7.907285714285715,4.585714285714285,6.0285714285714285,7.914285714285715,808.7649402390439,576.7045454545455,419.42148760330576,16,6,19,7,6,13
Eagles,PHI,DST,2300.0,Eagles  (15863362),6.64,3.5428571428571427,3.9714285714285706,5.114285714285715,4.3348571428571425,5.152142857142857,7.127428571428572,4.542857142857143,5.057142857142857,6.771428571428572,649.1935483870968,579.1366906474822,449.7206703910614,21,8,20,7,7,15
Browns,CLE,DST,2500.0,Browns  (15863359),6.46,3.185714285714286,4.314285714285713,5.628571428571428,3.482714285714285,5.298285714285713,7.687857142857142,4.185714285714286,5.314285714285713,7.142857142857142,784.7533632286995,579.4701986754968,444.1624365482234,20,7,21,7,7,14
Team,WAS,DST,2700.0,WAS Football Team  (15863356),7.18,2.9142857142857146,4.500000000000001,5.9714285714285715,3.643285714285715,6.108000000000001,8.957142857142857,3.9142857142857146,5.500000000000001,7.257142857142857,926.470588235294,599.9999999999999,452.1531100478469,18,7,22,8,7,15
